ISO-10303-21;
HEADER;
FILE_DESCRIPTION (( 'STEP AP214' ),
    '1' );
FILE_NAME ('16SVF1000MX.STEP',
    '2021-10-02T00:27:42',
    ( '' ),
    ( '' ),
    'SwSTEP 2.0',
    'SolidWorks 2017',
    '' );
FILE_SCHEMA (( 'AUTOMOTIVE_DESIGN' ));
ENDSEC;

DATA;
#1 = CARTESIAN_POINT ( 'NONE',  ( -1.504725075561861300, 0.6901598126557154700, -4.746942627251649500 ) ) ;
#2 = CIRCLE ( 'NONE', #320, 4.874999999969986700 ) ;
#3 = DIRECTION ( 'NONE',  ( 0.0000000000000000000, 1.000000000000000000, 0.0000000000000000000 ) ) ;
#4 = CIRCLE ( 'NONE', #1186, 0.3999999999999997400 ) ;
#5 = ORIENTED_EDGE ( 'NONE', *, *, #4360, .F. ) ;
#6 = EDGE_CURVE ( 'NONE', #4114, #2697, #448, .T. ) ;
#7 = VECTOR ( 'NONE', #1522, 999.9999999999998900 ) ;
#8 = FACE_OUTER_BOUND ( 'NONE', #450, .T. ) ;
#9 = DIRECTION ( 'NONE',  ( -0.0000000000000000000, -1.000000000000000000, -0.0000000000000000000 ) ) ;
#10 = VERTEX_POINT ( 'NONE', #4199 ) ;
#11 = CARTESIAN_POINT ( 'NONE',  ( 4.449999999999995700, 1.192622389734054900E-015, 0.7053101431738939600 ) ) ;
#12 = DIRECTION ( 'NONE',  ( 0.0000000000000000000, 1.000000000000000000, 0.0000000000000000000 ) ) ;
#13 = CARTESIAN_POINT ( 'NONE',  ( 2.700000000000001100, 0.3000000000000005400, 0.5000000000000000000 ) ) ;
#14 = AXIS2_PLACEMENT_3D ( 'NONE', #2281, #2970, #3324 ) ;
#15 = CARTESIAN_POINT ( 'NONE',  ( -2.600000000000001400, 0.3580639549812399400, 0.5000000000000000000 ) ) ;
#16 = ORIENTED_EDGE ( 'NONE', *, *, #3648, .T. ) ;
#17 = DIRECTION ( 'NONE',  ( 1.000000000000000000, 0.0000000000000000000, 0.0000000000000000000 ) ) ;
#18 = CARTESIAN_POINT ( 'NONE',  ( 4.756700607492288000, 0.9447664043860706200, -1.518068441625274100 ) ) ;
#19 = ORIENTED_EDGE ( 'NONE', *, *, #632, .F. ) ;
#20 = CARTESIAN_POINT ( 'NONE',  ( 4.772789460722244700, 1.365700582037371100, 1.540128667100451700 ) ) ;
#21 = CARTESIAN_POINT ( 'NONE',  ( -2.600000000000001400, 0.4000000000000006300, -0.5000000000000008900 ) ) ;
#22 = AXIS2_PLACEMENT_3D ( 'NONE', #1810, #466, #731 ) ;
#23 = MANIFOLD_SOLID_BREP ( 'Body-Move/Copy1[2]', #782 ) ;
#24 = EDGE_LOOP ( 'NONE', ( #3991, #2502, #297, #1421 ) ) ;
#25 = DIRECTION ( 'NONE',  ( 0.0000000000000000000, 0.05233595624294395300, 0.9986295347545739400 ) ) ;
#26 = PLANE ( 'NONE',  #1920 ) ;
#27 = VERTEX_POINT ( 'NONE', #2155 ) ;
#28 = EDGE_CURVE ( 'NONE', #638, #147, #4160, .T. ) ;
#29 = DIRECTION ( 'NONE',  ( -0.0000000000000000000, -1.000000000000000000, -0.0000000000000000000 ) ) ;
#30 = CARTESIAN_POINT ( 'NONE',  ( -2.500000000000002200, 0.3000000000000011500, -4.336808689942017700E-016 ) ) ;
#31 = ORIENTED_EDGE ( 'NONE', *, *, #3935, .T. ) ;
#32 = CARTESIAN_POINT ( 'NONE',  ( -1.734723475976807100E-015, 0.6000000000000010900, 5.149999999999986100 ) ) ;
#33 = EDGE_CURVE ( 'NONE', #1283, #2030, #388, .T. ) ;
#34 = CARTESIAN_POINT ( 'NONE',  ( -1.506063621301311000, 0.7157007868728844100, -5.143936378698678700 ) ) ;
#35 = ORIENTED_EDGE ( 'NONE', *, *, #1802, .T. ) ;
#36 = CARTESIAN_POINT ( 'NONE',  ( -1.405103543328515500, 0.7000000000000011800, -1.301042606982605300E-015 ) ) ;
#37 = DIRECTION ( 'NONE',  ( -0.0000000000000000000, -0.0000000000000000000, -1.000000000000000000 ) ) ;
#38 = CARTESIAN_POINT ( 'NONE',  ( -5.109277666215088900, 0.3000000000000012700, -5.125000000000000900 ) ) ;
#39 = AXIS2_PLACEMENT_3D ( 'NONE', #2205, #1524, #1161 ) ;
#40 = DIRECTION ( 'NONE',  ( -0.0000000000000000000, -1.000000000000000000, -0.0000000000000000000 ) ) ;
#41 = AXIS2_PLACEMENT_3D ( 'NONE', #1223, #3918, #3566 ) ;
#42 = CARTESIAN_POINT ( 'NONE',  ( -1.734723475976807100E-015, 1.650000000058054600, 5.094971831749749200 ) ) ;
#43 = ORIENTED_EDGE ( 'NONE', *, *, #2967, .F. ) ;
#44 = ORIENTED_EDGE ( 'NONE', *, *, #1818, .F. ) ;
#45 = ORIENTED_EDGE ( 'NONE', *, *, #2307, .F. ) ;
#46 = ORIENTED_EDGE ( 'NONE', *, *, #4241, .F. ) ;
#47 = EDGE_CURVE ( 'NONE', #147, #1692, #1449, .T. ) ;
#48 = CARTESIAN_POINT ( 'NONE',  ( 4.449999999999995700, 0.3000000000000011500, -0.7053101431738948400 ) ) ;
#49 = CARTESIAN_POINT ( 'NONE',  ( 4.349999999999999600, 0.3000000000000011500, -0.7053101431738948400 ) ) ;
#50 = FACE_BOUND ( 'NONE', #3730, .T. ) ;
#51 = ORIENTED_EDGE ( 'NONE', *, *, #608, .T. ) ;
#52 = VERTEX_POINT ( 'NONE', #3144 ) ;
#53 = DIRECTION ( 'NONE',  ( 1.000000000000000000, 0.0000000000000000000, -1.224646799147364500E-016 ) ) ;
#54 = EDGE_CURVE ( 'NONE', #1542, #3724, #2654, .T. ) ;
#55 = CARTESIAN_POINT ( 'NONE',  ( -1.734723475976807100E-015, 1.164914703891416500, -4.336808689942017700E-016 ) ) ;
#56 = LINE ( 'NONE', #2650, #681 ) ;
#57 = CYLINDRICAL_SURFACE ( 'NONE', #2642, 0.2999999999999999300 ) ;
#58 = PLANE ( 'NONE',  #1511 ) ;
#59 = EDGE_CURVE ( 'NONE', #1474, #2223, #2137, .T. ) ;
#60 = CARTESIAN_POINT ( 'NONE',  ( -2.600000000000001400, 0.4000000000000006300, -0.5000000000000008900 ) ) ;
#61 = FACE_OUTER_BOUND ( 'NONE', #1394, .T. ) ;
#62 = EDGE_LOOP ( 'NONE', ( #3075, #4024, #749, #3522 ) ) ;
#63 = ADVANCED_FACE ( 'NONE', ( #604 ), #1569, .F. ) ;
#64 = AXIS2_PLACEMENT_3D ( 'NONE', #3545, #1576, #4256 ) ;
#65 = CIRCLE ( 'NONE', #41, 0.1000000000000002600 ) ;
#66 = ORIENTED_EDGE ( 'NONE', *, *, #3311, .T. ) ;
#67 = MANIFOLD_SOLID_BREP ( 'Body-Move/Copy1[1]', #3571 ) ;
#68 = CARTESIAN_POINT ( 'NONE',  ( -1.500000000000001300, 0.6000000000000010900, -4.336808689942017700E-016 ) ) ;
#69 = ORIENTED_EDGE ( 'NONE', *, *, #584, .F. ) ;
#70 = DIRECTION ( 'NONE',  ( -1.000000000000000000, 0.0000000000000000000, 0.0000000000000000000 ) ) ;
#71 = CARTESIAN_POINT ( 'NONE',  ( -2.936245688813569300, 0.6000000000000010900, 0.4362456888135665700 ) ) ;
#72 = TOROIDAL_SURFACE ( 'NONE', #3827, 4.775000000000000400, 0.2000000000000002600 ) ;
#73 = VERTEX_POINT ( 'NONE', #135 ) ;
#74 = DIRECTION ( 'NONE',  ( -1.000000000000000000, 0.0000000000000000000, 1.224646799147353200E-016 ) ) ;
#75 = CIRCLE ( 'NONE', #736, 5.000000000000001800 ) ;
#76 = EDGE_LOOP ( 'NONE', ( #363, #4368, #3841, #318 ) ) ;
#77 = EDGE_CURVE ( 'NONE', #2621, #2981, #4165, .T. ) ;
#78 = DIRECTION ( 'NONE',  ( 0.0000000000000000000, 0.0000000000000000000, 1.000000000000000000 ) ) ;
#79 = DIRECTION ( 'NONE',  ( 1.000000000000000000, 0.0000000000000000000, 0.0000000000000000000 ) ) ;
#80 = DIRECTION ( 'NONE',  ( -0.0000000000000000000, -0.9986295347545739400, -0.05233595624294395300 ) ) ;
#81 = CARTESIAN_POINT ( 'NONE',  ( 2.700000000000001100, 4.336808689942017700E-016, -0.5000000000000008900 ) ) ;
#82 = EDGE_CURVE ( 'NONE', #626, #1052, #86, .T. ) ;
#83 = CARTESIAN_POINT ( 'NONE',  ( -2.700000000000002800, 0.4000000000000006300, -0.5000000000000008900 ) ) ;
#84 = ADVANCED_FACE ( 'NONE', ( #4209 ), #2225, .T. ) ;
#85 = DIRECTION ( 'NONE',  ( -0.05226442768871401200, -0.9972646886342372300, 0.05226442768871403200 ) ) ;
#86 = LINE ( 'NONE', #1468, #3399 ) ;
#87 = CARTESIAN_POINT ( 'NONE',  ( 1.405103543328512000, 0.6000000000000010900, -5.125000000000000900 ) ) ;
#88 = VERTEX_POINT ( 'NONE', #1549 ) ;
#89 = CARTESIAN_POINT ( 'NONE',  ( 3.070109519537261600, 0.6000000000000010900, 0.2323162305268642900 ) ) ;
#90 = CARTESIAN_POINT ( 'NONE',  ( 2.700000000000001100, 0.4000000000000006300, 0.5000000000000000000 ) ) ;
#91 = CARTESIAN_POINT ( 'NONE',  ( -4.344830656427729000, 0.3000000000000011500, 0.6054438431171084200 ) ) ;
#92 = EDGE_LOOP ( 'NONE', ( #3484, #1526, #3016, #3718 ) ) ;
#93 = ADVANCED_FACE ( 'NONE', ( #2400 ), #1574, .F. ) ;
#94 = CARTESIAN_POINT ( 'NONE',  ( 5.125000000000002700, 0.6000000000000010900, 4.918342728851612800 ) ) ;
#95 = CARTESIAN_POINT ( 'NONE',  ( -4.024999999999987000, 0.6000000000000010900, -4.024999999999999500 ) ) ;
#96 = CARTESIAN_POINT ( 'NONE',  ( 1.499999999999997800, 0.6000000000000012000, -5.149999999999986100 ) ) ;
#97 = CIRCLE ( 'NONE', #1949, 5.000000000000001800 ) ;
#98 = ORIENTED_EDGE ( 'NONE', *, *, #136, .F. ) ;
#99 = EDGE_LOOP ( 'NONE', ( #2703, #2363, #2230, #3610 ) ) ;
#100 = VECTOR ( 'NONE', #704, 1000.000000000000000 ) ;
#101 = VECTOR ( 'NONE', #660, 1000.000000000000000 ) ;
#102 = EDGE_CURVE ( 'NONE', #464, #1825, #2288, .T. ) ;
#103 = CARTESIAN_POINT ( 'NONE',  ( -4.349999999999999600, 0.3000000000000011500, 0.7053101431738939600 ) ) ;
#104 = EDGE_LOOP ( 'NONE', ( #2788, #1700, #3742, #2426 ) ) ;
#105 = AXIS2_PLACEMENT_3D ( 'NONE', #4364, #1650, #1335 ) ;
#106 = DIRECTION ( 'NONE',  ( -0.0000000000000000000, -0.0000000000000000000, -1.000000000000000000 ) ) ;
#107 = ADVANCED_FACE ( 'NONE', ( #3237 ), #3554, .F. ) ;
#108 = CARTESIAN_POINT ( 'NONE',  ( 1.899999999999999000, 0.3000000000000004900, 0.07536880949310245700 ) ) ;
#109 = LINE ( 'NONE', #491, #3626 ) ;
#110 = EDGE_CURVE ( 'NONE', #834, #3250, #2961, .T. ) ;
#111 = CARTESIAN_POINT ( 'NONE',  ( -2.600000000000001400, 0.4000000000000006300, -0.5000000000000008900 ) ) ;
#112 = FACE_OUTER_BOUND ( 'NONE', #2559, .T. ) ;
#113 = CARTESIAN_POINT ( 'NONE',  ( 4.710297518623942600, 1.650000000000221100, -1.766485705543628300 ) ) ;
#114 = ORIENTED_EDGE ( 'NONE', *, *, #1737, .F. ) ;
#115 = CARTESIAN_POINT ( 'NONE',  ( 4.756480179827756900, 0.9310719055482090700, 1.516397785405341000 ) ) ;
#116 = DIRECTION ( 'NONE',  ( 8.881784197001252300E-016, 0.0000000000000000000, 1.000000000000000000 ) ) ;
#117 = FACE_OUTER_BOUND ( 'NONE', #1178, .T. ) ;
#118 = EDGE_CURVE ( 'NONE', #3777, #2621, #3288, .T. ) ;
#119 = EDGE_LOOP ( 'NONE', ( #1797, #4163, #2750, #820, #3211 ) ) ;
#120 = DIRECTION ( 'NONE',  ( 0.0000000000000000000, 0.0000000000000000000, 1.000000000000000000 ) ) ;
#121 = B_SPLINE_CURVE_WITH_KNOTS ( 'NONE', 3,
 ( #3479, #3146, #439, #137, #3863, #473, #1803, #2433, #4200, #2140, #414, #756, #115, #2449, #2786, #3099 ),
 .UNSPECIFIED., .F., .F.,
 ( 4, 3, 3, 3, 3, 4 ),
 ( 3.227626710345639200E-016, 3.592927368816397700E-005, 7.191921841620668400E-005, 0.0001069245894881216500, 0.0001402852125288965000, 0.0001539084740046270400 ),
 .UNSPECIFIED. ) ;
#122 = ORIENTED_EDGE ( 'NONE', *, *, #3402, .T. ) ;
#123 = CARTESIAN_POINT ( 'NONE',  ( 1.929890480462735700, 0.6000000000000010900, 0.2323162305268642900 ) ) ;
#124 = AXIS2_PLACEMENT_3D ( 'NONE', #748, #2120, #3428 ) ;
#125 = ORIENTED_EDGE ( 'NONE', *, *, #326, .F. ) ;
#126 = DIRECTION ( 'NONE',  ( 0.0000000000000000000, 1.000000000000000000, 0.0000000000000000000 ) ) ;
#127 = CARTESIAN_POINT ( 'NONE',  ( 1.405103543328512000, 0.6000000000000010900, -1.301042606982605300E-015 ) ) ;
#128 = ADVANCED_FACE ( 'NONE', ( #2551 ), #2237, .F. ) ;
#129 =( GEOMETRIC_REPRESENTATION_CONTEXT ( 3 ) GLOBAL_UNCERTAINTY_ASSIGNED_CONTEXT ( ( #3737 ) ) GLOBAL_UNIT_ASSIGNED_CONTEXT ( ( #2185, #3865, #2498 ) ) REPRESENTATION_CONTEXT ( 'NONE', 'WORKASPACE' ) );
#130 = ORIENTED_EDGE ( 'NONE', *, *, #550, .F. ) ;
#131 = EDGE_CURVE ( 'NONE', #2728, #4250, #392, .T. ) ;
#132 =( NAMED_UNIT ( * ) SI_UNIT ( $, .STERADIAN. ) SOLID_ANGLE_UNIT ( ) );
#133 = EDGE_CURVE ( 'NONE', #1028, #2541, #1672, .T. ) ;
#134 = CARTESIAN_POINT ( 'NONE',  ( 5.093555332430173400, 1.192622389734054900E-015, -4.336808689942017700E-016 ) ) ;
#135 = CARTESIAN_POINT ( 'NONE',  ( 2.536185405005900100, 0.3000000000000011500, 0.6990641003974946700 ) ) ;
#136 = EDGE_CURVE ( 'NONE', #3906, #1835, #337, .T. ) ;
#137 = CARTESIAN_POINT ( 'NONE',  ( 4.772349303683546000, 0.8559650743623893300, 1.452226551629547200 ) ) ;
#138 = CARTESIAN_POINT ( 'NONE',  ( -1.800000000000002900, 0.3000000000000011500, -4.336808689942017700E-016 ) ) ;
#139 = DIRECTION ( 'NONE',  ( 0.0000000000000000000, 1.000000000000000000, 2.212657495013105100E-017 ) ) ;
#140 = DIRECTION ( 'NONE',  ( 5.334096698495038600E-016, 0.0000000000000000000, -1.000000000000000000 ) ) ;
#141 = ORIENTED_EDGE ( 'NONE', *, *, #235, .F. ) ;
#142 = ORIENTED_EDGE ( 'NONE', *, *, #2365, .F. ) ;
#143 = CARTESIAN_POINT ( 'NONE',  ( -26156.45686093059300, 499000.6000000000300, -4.336808689942017700E-016 ) ) ;
#144 = AXIS2_PLACEMENT_3D ( 'NONE', #3388, #1333, #3003 ) ;
#145 = ADVANCED_FACE ( 'NONE', ( #4315 ), #554, .T. ) ;
#146 = VECTOR ( 'NONE', #391, 1000.000000000000000 ) ;
#147 = VERTEX_POINT ( 'NONE', #2899 ) ;
#148 = CARTESIAN_POINT ( 'NONE',  ( -5.000000000000002700, 2.449519052838327900, 4.336808689942017700E-016 ) ) ;
#149 = VECTOR ( 'NONE', #3773, 1000.000000000000100 ) ;
#150 = VERTEX_POINT ( 'NONE', #899 ) ;
#151 = VECTOR ( 'NONE', #4244, 1000.000000000000000 ) ;
#152 = CARTESIAN_POINT ( 'NONE',  ( -1.510182906495599200, 0.7943014307336258000, -4.750937306448809000 ) ) ;
#153 = ORIENTED_EDGE ( 'NONE', *, *, #2636, .T. ) ;
#154 = EDGE_CURVE ( 'NONE', #4153, #1204, #443, .T. ) ;
#155 = DIRECTION ( 'NONE',  ( -1.000000000000000000, 0.0000000000000000000, 0.0000000000000000000 ) ) ;
#156 = DIRECTION ( 'NONE',  ( 1.000000000000000000, 0.0000000000000000000, 0.0000000000000000000 ) ) ;
#157 = ORIENTED_EDGE ( 'NONE', *, *, #4265, .F. ) ;
#158 = LINE ( 'NONE', #4357, #2424 ) ;
#159 = EDGE_LOOP ( 'NONE', ( #1859, #178, #3590 ) ) ;
#160 = EDGE_CURVE ( 'NONE', #3500, #2436, #662, .T. ) ;
#161 = CARTESIAN_POINT ( 'NONE',  ( 2.802453013331228400, 10.40000000000000200, -3.923590918725092800 ) ) ;
#162 = DIRECTION ( 'NONE',  ( 0.0000000000000000000, 1.000000000000000000, 0.0000000000000000000 ) ) ;
#163 = CARTESIAN_POINT ( 'NONE',  ( -1.900000000000002400, 0.4500000000000011800, 4.336808689942017700E-016 ) ) ;
#164 = CARTESIAN_POINT ( 'NONE',  ( -1.500000000000001300, 0.6000000000000010900, -5.125000000000000900 ) ) ;
#165 = ORIENTED_EDGE ( 'NONE', *, *, #2272, .T. ) ;
#166 = AXIS2_PLACEMENT_3D ( 'NONE', #791, #3452, #3068 ) ;
#167 = VECTOR ( 'NONE', #1515, 999.9999999999998900 ) ;
#168 = CARTESIAN_POINT ( 'NONE',  ( 4.186932162412125200, 10.39999999999999900, 2.347946738976154400 ) ) ;
#169 = ORIENTED_EDGE ( 'NONE', *, *, #2942, .T. ) ;
#170 = CARTESIAN_POINT ( 'NONE',  ( 3.099999999999998800, 0.3000000000000012100, -4.336808689942017700E-016 ) ) ;
#171 = VECTOR ( 'NONE', #1888, 1000.000000000000000 ) ;
#172 = CARTESIAN_POINT ( 'NONE',  ( 4.767435540878676800, 1.225388982288986700, -1.532775247749848600 ) ) ;
#173 = AXIS2_PLACEMENT_3D ( 'NONE', #3460, #3121, #1121 ) ;
#174 = CARTESIAN_POINT ( 'NONE',  ( 4.606911648322209500, 10.39999999678643400, -1.347897689415222400 ) ) ;
#175 = ORIENTED_EDGE ( 'NONE', *, *, #4157, .F. ) ;
#176 = DIRECTION ( 'NONE',  ( 3.375555078287906000E-016, -1.769053455006618400E-017, 1.000000000000000000 ) ) ;
#177 = CARTESIAN_POINT ( 'NONE',  ( 4.768338205622835200, 1.519382909228677900, 1.580728076291843000 ) ) ;
#178 = ORIENTED_EDGE ( 'NONE', *, *, #2337, .F. ) ;
#179 = DIRECTION ( 'NONE',  ( 1.355252715606882000E-016, -1.000000000000000000, 0.0000000000000000000 ) ) ;
#180 = LINE ( 'NONE', #614, #3947 ) ;
#181 = EDGE_CURVE ( 'NONE', #3261, #481, #2189, .T. ) ;
#182 = CARTESIAN_POINT ( 'NONE',  ( -1.734723475976807100E-015, 1.338119784671199600, -4.336808689942017700E-016 ) ) ;
#183 = CARTESIAN_POINT ( 'NONE',  ( 5.136898055179239400, 0.8500000000000010900, -1.474380530813339300 ) ) ;
#184 = VECTOR ( 'NONE', #3123, 1000.000000000000000 ) ;
#185 = PLANE ( 'NONE',  #1400 ) ;
#186 = DIRECTION ( 'NONE',  ( 1.000000000000000000, 0.0000000000000000000, 0.0000000000000000000 ) ) ;
#187 = ORIENTED_EDGE ( 'NONE', *, *, #4376, .F. ) ;
#188 = EDGE_LOOP ( 'NONE', ( #1709, #2598, #3687, #535 ) ) ;
#189 =( BOUNDED_CURVE ( )  B_SPLINE_CURVE ( 3, ( #1266, #2234, #213, #862 ),
 .UNSPECIFIED., .F., .T. ) 
 B_SPLINE_CURVE_WITH_KNOTS ( ( 4, 4 ),
 ( 3.141592653589790900, 4.660029102824857700 ),
 .UNSPECIFIED. ) 
 CURVE ( )  GEOMETRIC_REPRESENTATION_ITEM ( )  RATIONAL_B_SPLINE_CURVE ( ( 1.000000000000000000, 0.8169162473415250100, 0.8169162473415250100, 1.000000000000000000 ) ) 
 REPRESENTATION_ITEM ( '' )  );
#190 = CARTESIAN_POINT ( 'NONE',  ( -1.504966496803969500, 0.6947664043756532900, 4.747119353123670400 ) ) ;
#191 = FACE_OUTER_BOUND ( 'NONE', #2722, .T. ) ;
#192 = PLANE ( 'NONE',  #1361 ) ;
#193 = CARTESIAN_POINT ( 'NONE',  ( -1.466593296961040500, 0.6204298852821279500, 4.755046896414235400 ) ) ;
#194 = ORIENTED_EDGE ( 'NONE', *, *, #1847, .T. ) ;
#195 = VERTEX_POINT ( 'NONE', #3602 ) ;
#196 = AXIS2_PLACEMENT_3D ( 'NONE', #767, #1469, #3462 ) ;
#197 = CIRCLE ( 'NONE', #2897, 0.2000000000000005100 ) ;
#198 = CARTESIAN_POINT ( 'NONE',  ( 5.093555332430178800, 1.192622389734054900E-015, 4.886898061281786300 ) ) ;
#199 = TOROIDAL_SURFACE ( 'NONE', #3088, 4.775000000000000400, 0.2000000000000002600 ) ;
#200 = CARTESIAN_POINT ( 'NONE',  ( -3.100000000000001900, 0.3000000000000004900, -0.07536880949310333100 ) ) ;
#201 = EDGE_LOOP ( 'NONE', ( #400, #4129, #3376, #928 ) ) ;
#202 = AXIS2_PLACEMENT_3D ( 'NONE', #2274, #3298, #1263 ) ;
#203 = PRESENTATION_STYLE_ASSIGNMENT (( #1952 ) ) ;
#204 = DIRECTION ( 'NONE',  ( -1.936075308009831400E-016, 1.000000000000000000, 0.0000000000000000000 ) ) ;
#205 = ORIENTED_EDGE ( 'NONE', *, *, #528, .T. ) ;
#206 = CARTESIAN_POINT ( 'NONE',  ( 4.625685232622710300, 0.6000000000000010900, -5.125000000000000900 ) ) ;
#207 = LINE ( 'NONE', #4164, #2108 ) ;
#208 = ORIENTED_EDGE ( 'NONE', *, *, #4046, .F. ) ;
#209 = EDGE_CURVE ( 'NONE', #689, #3777, #2348, .T. ) ;
#210 = CARTESIAN_POINT ( 'NONE',  ( -1.506063621301200000, 0.7157007868707581100, 4.747922405438560900 ) ) ;
#211 = CARTESIAN_POINT ( 'NONE',  ( -2.700000000000002800, 0.3000000000000004900, 0.5000000000000000000 ) ) ;
#212 = VECTOR ( 'NONE', #2823, 1000.000000000000000 ) ;
#213 = CARTESIAN_POINT ( 'NONE',  ( 5.101051398440490400, 1.533994957030050000, -1.548948601559505800 ) ) ;
#214 = ORIENTED_EDGE ( 'NONE', *, *, #4038, .F. ) ;
#215 = CARTESIAN_POINT ( 'NONE',  ( -6.111083861171096000E-011, -288093.6315778508400, -499000.0000000000600 ) ) ;
#216 = EDGE_CURVE ( 'NONE', #2591, #3531, #1459, .T. ) ;
#217 = ORIENTED_EDGE ( 'NONE', *, *, #2299, .F. ) ;
#218 = CARTESIAN_POINT ( 'NONE',  ( 4.599759718880065400, 10.39999998766780300, -1.372335322248066800 ) ) ;
#219 = CARTESIAN_POINT ( 'NONE',  ( 2.536185405005900100, 0.3000000000000011500, -0.6990641003974955600 ) ) ;
#220 = FACE_OUTER_BOUND ( 'NONE', #3872, .T. ) ;
#221 = ORIENTED_EDGE ( 'NONE', *, *, #4179, .F. ) ;
#222 = TOROIDAL_SURFACE ( 'NONE', #3036, 4.800000000000002500, 0.1999999999999982100 ) ;
#223 = CARTESIAN_POINT ( 'NONE',  ( -5.150000000000000400, 0.6000000000000010900, -4.336808689942017700E-016 ) ) ;
#224 = CARTESIAN_POINT ( 'NONE',  ( 4.681519278270824800, 1.650000000010323700, 1.839717538261658200 ) ) ;
#225 = ORIENTED_EDGE ( 'NONE', *, *, #2003, .T. ) ;
#226 = DIRECTION ( 'NONE',  ( -0.0000000000000000000, 1.000000000000000000, -0.0000000000000000000 ) ) ;
#227 = CARTESIAN_POINT ( 'NONE',  ( 5.094971831752801900, 1.650000000000001200, 1.839717538261658200 ) ) ;
#228 = ORIENTED_EDGE ( 'NONE', *, *, #2240, .F. ) ;
#229 = VERTEX_POINT ( 'NONE', #1988 ) ;
#230 = CARTESIAN_POINT ( 'NONE',  ( -5.129036888286784700, 1.000000000000001300, 2.891316794818821200 ) ) ;
#231 = CARTESIAN_POINT ( 'NONE',  ( -1.734723475976807100E-015, 0.6000000000000010900, -4.336808689942017700E-016 ) ) ;
#232 = EDGE_CURVE ( 'NONE', #1782, #3098, #180, .T. ) ;
#233 = ORIENTED_EDGE ( 'NONE', *, *, #3807, .F. ) ;
#234 = DIRECTION ( 'NONE',  ( 1.000000000000000000, 1.355252715606882000E-016, 0.0000000000000000000 ) ) ;
#235 = EDGE_CURVE ( 'NONE', #4223, #3142, #1979, .T. ) ;
#236 = CARTESIAN_POINT ( 'NONE',  ( 1.899999999999999000, 0.6000000000000010900, -0.07536880949310333100 ) ) ;
#237 = ORIENTED_EDGE ( 'NONE', *, *, #1501, .T. ) ;
#238 = ORIENTED_EDGE ( 'NONE', *, *, #921, .F. ) ;
#239 = DIRECTION ( 'NONE',  ( 0.0000000000000000000, 1.000000000000000000, 2.212657495013105100E-017 ) ) ;
#240 = ADVANCED_FACE ( 'NONE', ( #4055 ), #599, .F. ) ;
#241 = CARTESIAN_POINT ( 'NONE',  ( 4.449999999999995700, 0.3000000000000011500, -0.9000000000000010200 ) ) ;
#242 = FACE_OUTER_BOUND ( 'NONE', #188, .T. ) ;
#243 = EDGE_LOOP ( 'NONE', ( #2915, #909, #3806, #4037 ) ) ;
#244 = CARTESIAN_POINT ( 'NONE',  ( -5.500000000000000000, 0.3000000000000001000, -0.5000000000000008900 ) ) ;
#245 = AXIS2_PLACEMENT_3D ( 'NONE', #1862, #3156, #3899 ) ;
#246 = CARTESIAN_POINT ( 'NONE',  ( -1.900000000000002400, 0.3000000000000012100, 0.07536880949310333100 ) ) ;
#247 = CARTESIAN_POINT ( 'NONE',  ( 1.439109920430076800, 0.6059597622481426300, 4.762635352054147100 ) ) ;
#248 = FACE_OUTER_BOUND ( 'NONE', #2109, .T. ) ;
#249 = VERTEX_POINT ( 'NONE', #3649 ) ;
#250 = VECTOR ( 'NONE', #2359, 1000.000000000000000 ) ;
#251 = DIRECTION ( 'NONE',  ( 1.000000000000000000, -0.0000000000000000000, -0.0000000000000000000 ) ) ;
#252 = CYLINDRICAL_SURFACE ( 'NONE', #2979, 0.3000000000000003800 ) ;
#253 = FACE_OUTER_BOUND ( 'NONE', #1297, .T. ) ;
#254 = ORIENTED_EDGE ( 'NONE', *, *, #232, .T. ) ;
#255 = LINE ( 'NONE', #3915, #2677 ) ;
#256 = ORIENTED_EDGE ( 'NONE', *, *, #608, .F. ) ;
#257 = EDGE_CURVE ( 'NONE', #1463, #4373, #732, .T. ) ;
#258 = VECTOR ( 'NONE', #3132, 1000.000000000000100 ) ;
#259 = CARTESIAN_POINT ( 'NONE',  ( -1.506063621301251900, 0.7157007868717443200, 4.336808689942017700E-016 ) ) ;
#260 = CARTESIAN_POINT ( 'NONE',  ( -5.129036888286784700, 1.000000000000001300, 1.759807621135330600 ) ) ;
#261 = ORIENTED_EDGE ( 'NONE', *, *, #1995, .T. ) ;
#262 = ORIENTED_EDGE ( 'NONE', *, *, #3620, .T. ) ;
#263 = EDGE_CURVE ( 'NONE', #4219, #1028, #1079, .T. ) ;
#264 = CARTESIAN_POINT ( 'NONE',  ( -1.485801701820649700, 0.6398175299923649600, -4.750139040337317400 ) ) ;
#265 = CARTESIAN_POINT ( 'NONE',  ( -2.600000000000001400, 0.3580639549812399400, 0.5000000000000000000 ) ) ;
#266 = CARTESIAN_POINT ( 'NONE',  ( 2.659102538727267500, 0.3000000000000006000, 0.5000000000000000000 ) ) ;
#267 = LINE ( 'NONE', #2739, #3274 ) ;
#268 = ORIENTED_EDGE ( 'NONE', *, *, #3135, .T. ) ;
#269 =( BOUNDED_CURVE ( )  B_SPLINE_CURVE ( 3, ( #1695, #2335, #3301, #3112 ),
 .UNSPECIFIED., .F., .T. ) 
 B_SPLINE_CURVE_WITH_KNOTS ( ( 4, 4 ),
 ( 6.360040876557851700E-016, 1.518436449235049500 ),
 .UNSPECIFIED. ) 
 CURVE ( )  GEOMETRIC_REPRESENTATION_ITEM ( )  RATIONAL_B_SPLINE_CURVE ( ( 1.000000000000000000, 0.8169162473415291200, 0.8169162473415291200, 1.000000000000000000 ) ) 
 REPRESENTATION_ITEM ( '' )  );
#270 = STYLED_ITEM ( 'NONE', ( #4154 ), #67 ) ;
#271 = DIRECTION ( 'NONE',  ( 0.0000000000000000000, -1.000000000000000000, -0.0000000000000000000 ) ) ;
#272 = FACE_OUTER_BOUND ( 'NONE', #1100, .T. ) ;
#273 = CARTESIAN_POINT ( 'NONE',  ( 5.124999999999997300, 0.6000000000000010900, -4.625685232622715600 ) ) ;
#274 = ADVANCED_FACE ( 'NONE', ( #3120 ), #2611, .F. ) ;
#275 = ORIENTED_EDGE ( 'NONE', *, *, #1146, .F. ) ;
#276 = CARTESIAN_POINT ( 'NONE',  ( -1.900000000000002400, 0.3000000000000012100, 4.336808689942017700E-016 ) ) ;
#277 = FACE_OUTER_BOUND ( 'NONE', #1088, .T. ) ;
#278 = ORIENTED_EDGE ( 'NONE', *, *, #2660, .T. ) ;
#279 = VERTEX_POINT ( 'NONE', #244 ) ;
#280 = AXIS2_PLACEMENT_3D ( 'NONE', #4217, #512, #531 ) ;
#281 = CARTESIAN_POINT ( 'NONE',  ( -1.478146345817346700, 0.6307526048410312400, -4.752034177369800700 ) ) ;
#282 = CARTESIAN_POINT ( 'NONE',  ( 5.499999999999998200, 0.4000000000000006300, 0.5000000000000000000 ) ) ;
#283 = AXIS2_PLACEMENT_3D ( 'NONE', #2022, #2991, #1965 ) ;
#284 = ADVANCED_FACE ( 'NONE', ( #1189 ), #2983, .T. ) ;
#285 = DIRECTION ( 'NONE',  ( -0.0000000000000000000, -0.05233595624294395300, -0.9986295347545739400 ) ) ;
#286 = CARTESIAN_POINT ( 'NONE',  ( 4.709282594880467500, 10.39999995266978100, -0.9319297944441167200 ) ) ;
#287 = DIRECTION ( 'NONE',  ( 0.0000000000000000000, -1.000000000000000000, -0.0000000000000000000 ) ) ;
#288 = ORIENTED_EDGE ( 'NONE', *, *, #2357, .F. ) ;
#289 = ORIENTED_EDGE ( 'NONE', *, *, #3814, .T. ) ;
#290 = EDGE_CURVE ( 'NONE', #1052, #2436, #2752, .T. ) ;
#291 = CARTESIAN_POINT ( 'NONE',  ( 1.540128677830082000, 1.365700786773645500, -4.772789468534487200 ) ) ;
#292 = CARTESIAN_POINT ( 'NONE',  ( 4.780052543360311800, 0.8499999999997399600, -1.425593941059901700 ) ) ;
#293 = CARTESIAN_POINT ( 'NONE',  ( 2.883263060407706700, 10.39999997692182500, 3.837675838778633200 ) ) ;
#294 = DIRECTION ( 'NONE',  ( 0.0000000000000000000, 0.0000000000000000000, -1.000000000000000000 ) ) ;
#295 = ADVANCED_FACE ( 'NONE', ( #975 ), #2453, .T. ) ;
#296 = CARTESIAN_POINT ( 'NONE',  ( 5.134871532950005400, 0.8886683476567449600, 1.515128467049995600 ) ) ;
#297 = ORIENTED_EDGE ( 'NONE', *, *, #2957, .F. ) ;
#298 = EDGE_CURVE ( 'NONE', #3508, #3723, #1868, .T. ) ;
#299 = LINE ( 'NONE', #366, #3790 ) ;
#300 = ORIENTED_EDGE ( 'NONE', *, *, #434, .T. ) ;
#301 = VERTEX_POINT ( 'NONE', #1958 ) ;
#302 = CARTESIAN_POINT ( 'NONE',  ( -1.805652481727683300, 1.000000000000001300, 5.129036888286770500 ) ) ;
#303 = VECTOR ( 'NONE', #668, 1000.000000000000000 ) ;
#304 = FACE_OUTER_BOUND ( 'NONE', #2093, .T. ) ;
#305 = DIRECTION ( 'NONE',  ( 0.0000000000000000000, 0.0000000000000000000, 1.000000000000000000 ) ) ;
#306 = DIRECTION ( 'NONE',  ( 1.000000000000000000, 0.0000000000000000000, 0.0000000000000000000 ) ) ;
#307 = CARTESIAN_POINT ( 'NONE',  ( -2.267683769473137500, 0.3000000000000004900, 0.5701095195372609700 ) ) ;
#308 = LINE ( 'NONE', #1158, #7 ) ;
#309 = ADVANCED_FACE ( 'NONE', ( #3549 ), #2805, .T. ) ;
#310 = EDGE_LOOP ( 'NONE', ( #157, #4138, #2965, #2329, #1187 ) ) ;
#311 = CARTESIAN_POINT ( 'NONE',  ( 2.690395941988369600, 10.39999990776914100, 3.975473819607027600 ) ) ;
#312 = CARTESIAN_POINT ( 'NONE',  ( -1.900000000000002400, 0.6000000000000010900, -0.07536880949310245700 ) ) ;
#313 = CARTESIAN_POINT ( 'NONE',  ( -1.734723475976807100E-015, 2.146410161495260600, -4.336808689942017700E-016 ) ) ;
#314 = AXIS2_PLACEMENT_3D ( 'NONE', #3082, #1762, #70 ) ;
#315 = EDGE_LOOP ( 'NONE', ( #45, #3111, #1595, #3081, #2735, #3972, #2516, #2684, #2099, #1304, #3698, #2158 ) ) ;
#316 = CARTESIAN_POINT ( 'NONE',  ( 2.629289321881343800, 0.3292893218813458000, -0.5000000000000007800 ) ) ;
#317 = FACE_OUTER_BOUND ( 'NONE', #201, .T. ) ;
#318 = ORIENTED_EDGE ( 'NONE', *, *, #1940, .T. ) ;
#319 = EDGE_CURVE ( 'NONE', #2192, #150, #3012, .T. ) ;
#320 = AXIS2_PLACEMENT_3D ( 'NONE', #2451, #4136, #116 ) ;
#321 = CARTESIAN_POINT ( 'NONE',  ( -1.504966496803969500, 0.6947664043756571800, 4.747119353124611900 ) ) ;
#322 = EDGE_LOOP ( 'NONE', ( #713, #288, #693, #233, #904, #619 ) ) ;
#323 = CARTESIAN_POINT ( 'NONE',  ( 1.692500148628618200, 1.622200562921216600, -4.735541897556281300 ) ) ;
#324 = CARTESIAN_POINT ( 'NONE',  ( 2.759347666957827600, 10.39999993136497900, 3.928193752354479900 ) ) ;
#325 = VECTOR ( 'NONE', #2773, 1000.000000000000000 ) ;
#326 = EDGE_CURVE ( 'NONE', #651, #1265, #2905, .T. ) ;
#327 = CARTESIAN_POINT ( 'NONE',  ( -1.439109920430744700, 0.6059597622483828800, -4.762635352056430600 ) ) ;
#328 = DIRECTION ( 'NONE',  ( -0.0000000000000000000, 1.000000000000000000, 0.0000000000000000000 ) ) ;
#329 = ORIENTED_EDGE ( 'NONE', *, *, #2499, .T. ) ;
#330 =( BOUNDED_CURVE ( )  B_SPLINE_CURVE ( 3, ( #4188, #94, #2768, #2478 ),
 .UNSPECIFIED., .F., .T. ) 
 B_SPLINE_CURVE_WITH_KNOTS ( ( 4, 4 ),
 ( 5.499156671652535500, 7.067213942706636900 ),
 .UNSPECIFIED. ) 
 CURVE ( )  GEOMETRIC_REPRESENTATION_ITEM ( )  RATIONAL_B_SPLINE_CURVE ( ( 1.000000000000000000, 0.8053830134673607400, 0.8053830134673607400, 1.000000000000000000 ) ) 
 REPRESENTATION_ITEM ( '' )  );
#331 = DIRECTION ( 'NONE',  ( -0.0000000000000000000, -0.9986295347545739400, -0.05233595624294395300 ) ) ;
#332 = AXIS2_PLACEMENT_3D ( 'NONE', #3971, #2946, #3279 ) ;
#333 = ORIENTED_EDGE ( 'NONE', *, *, #2390, .F. ) ;
#334 = PLANE ( 'NONE',  #3721 ) ;
#335 = PLANE ( 'NONE',  #144 ) ;
#336 = CARTESIAN_POINT ( 'NONE',  ( 1.540128677830082000, 1.365700786773645500, -4.772789468534487200 ) ) ;
#337 = LINE ( 'NONE', #1179, #4255 ) ;
#338 = DIRECTION ( 'NONE',  ( -0.9986295347545739400, 0.05233595624294395300, 0.0000000000000000000 ) ) ;
#339 = ADVANCED_FACE ( 'NONE', ( #1131 ), #334, .T. ) ;
#340 = DIRECTION ( 'NONE',  ( -1.000000000000000000, 5.851354924760421300E-018, -1.116505031277649700E-016 ) ) ;
#341 = ORIENTED_EDGE ( 'NONE', *, *, #1001, .T. ) ;
#342 = CARTESIAN_POINT ( 'NONE',  ( -2.536185405005900100, 0.3000000000000011500, -0.6990641003974946700 ) ) ;
#343 = CARTESIAN_POINT ( 'NONE',  ( 2.700000000000001100, 0.6000000000000010900, -0.5000000000000008900 ) ) ;
#344 = ORIENTED_EDGE ( 'NONE', *, *, #54, .T. ) ;
#345 = ORIENTED_EDGE ( 'NONE', *, *, #4215, .T. ) ;
#346 = CARTESIAN_POINT ( 'NONE',  ( -1.900000000000002400, 0.6000000000000010900, 4.336808689942017700E-016 ) ) ;
#347 = CARTESIAN_POINT ( 'NONE',  ( -1.734723475976807100E-015, 1.338119784671199600, -4.336808689942017700E-016 ) ) ;
#348 = CIRCLE ( 'NONE', #1809, 4.975000000000000500 ) ;
#349 = EDGE_CURVE ( 'NONE', #378, #3261, #729, .T. ) ;
#350 = CARTESIAN_POINT ( 'NONE',  ( 2.536185405005900100, 0.3000000000000011500, 0.6990641003974946700 ) ) ;
#351 = ORIENTED_EDGE ( 'NONE', *, *, #717, .T. ) ;
#352 = CARTESIAN_POINT ( 'NONE',  ( -1.805652481727683300, 1.000000000000001300, 5.129036888286770500 ) ) ;
#353 = FACE_OUTER_BOUND ( 'NONE', #3299, .T. ) ;
#354 = VERTEX_POINT ( 'NONE', #13 ) ;
#355 = CYLINDRICAL_SURFACE ( 'NONE', #2257, 0.1000000000000000500 ) ;
#356 = CARTESIAN_POINT ( 'NONE',  ( -1.734723475976807100E-015, 1.650000000000001200, -4.336808689942017700E-016 ) ) ;
#357 = EDGE_CURVE ( 'NONE', #3152, #702, #1641, .T. ) ;
#358 = LINE ( 'NONE', #3725, #4332 ) ;
#359 = CARTESIAN_POINT ( 'NONE',  ( 4.549999999999998900, 0.3000000000000011500, -1.000000000000000400 ) ) ;
#360 = CARTESIAN_POINT ( 'NONE',  ( -1.734723475976807100E-015, 2.276313972100849200, -4.336808689942017700E-016 ) ) ;
#361 = VECTOR ( 'NONE', #1745, 1000.000000000000000 ) ;
#362 = AXIS2_PLACEMENT_3D ( 'NONE', #2227, #1867, #821 ) ;
#363 = ORIENTED_EDGE ( 'NONE', *, *, #2042, .T. ) ;
#364 = DIRECTION ( 'NONE',  ( 1.000000000000000000, 0.0000000000000000000, 0.0000000000000000000 ) ) ;
#365 = ORIENTED_EDGE ( 'NONE', *, *, #3598, .T. ) ;
#366 = CARTESIAN_POINT ( 'NONE',  ( 2.299999999999999800, 0.4000000000000006300, 0.5000000000000000000 ) ) ;
#367 = DIRECTION ( 'NONE',  ( -0.0000000000000000000, 1.000000000000000000, 0.0000000000000000000 ) ) ;
#368 = AXIS2_PLACEMENT_3D ( 'NONE', #3188, #1518, #3877 ) ;
#369 = ORIENTED_EDGE ( 'NONE', *, *, #750, .F. ) ;
#370 = DIRECTION ( 'NONE',  ( -0.05169343572271271900, 0.0000000000000000000, 0.9986630005678501800 ) ) ;
#371 = ADVANCED_FACE ( 'NONE', ( #3574 ), #3031, .F. ) ;
#372 = DIRECTION ( 'NONE',  ( 0.0000000000000000000, -1.000000000000000000, 0.0000000000000000000 ) ) ;
#373 = VERTEX_POINT ( 'NONE', #2358 ) ;
#374 = EDGE_CURVE ( 'NONE', #2665, #3172, #570, .T. ) ;
#375 = CARTESIAN_POINT ( 'NONE',  ( 4.449999999999995700, 0.3000000000000011500, 0.7053101431738939600 ) ) ;
#376 = LINE ( 'NONE', #2172, #325 ) ;
#377 = DIRECTION ( 'NONE',  ( 1.000000000000000000, 0.0000000000000000000, 0.0000000000000000000 ) ) ;
#378 = VERTEX_POINT ( 'NONE', #375 ) ;
#379 = B_SPLINE_CURVE_WITH_KNOTS ( 'NONE', 3,
 ( #718, #1364, #2361, #336 ),
 .UNSPECIFIED., .F., .F.,
 ( 4, 4 ),
 ( 1.869989463827574600E-017, 0.0006723453571516407000 ),
 .UNSPECIFIED. ) ;
#380 = EDGE_CURVE ( 'NONE', #1448, #3799, #2046, .T. ) ;
#381 = CARTESIAN_POINT ( 'NONE',  ( -1.805652481727685100, 1.000000000000001300, 4.336808689942017700E-016 ) ) ;
#382 = ADVANCED_FACE ( 'NONE', ( #890 ), #57, .T. ) ;
#383 = CARTESIAN_POINT ( 'NONE',  ( 2.299999999999999800, 0.6000000000000010900, -0.5000000000000008900 ) ) ;
#384 = EDGE_LOOP ( 'NONE', ( #399, #1240, #553, #345 ) ) ;
#385 = CARTESIAN_POINT ( 'NONE',  ( 4.775000000000001200, 0.8000000000000027100, -1.301042606982605300E-015 ) ) ;
#386 = CARTESIAN_POINT ( 'NONE',  ( 4.549999999999998900, 0.3000000000000011500, -0.9000000000000010200 ) ) ;
#387 = DIRECTION ( 'NONE',  ( 1.000000000000000000, -0.0000000000000000000, -0.0000000000000000000 ) ) ;
#388 = B_SPLINE_CURVE_WITH_KNOTS ( 'NONE', 3,
 ( #2126, #113, #1166, #1454, #2479, #2830 ),
 .UNSPECIFIED., .F., .F.,
 ( 4, 2, 4 ),
 ( 1.002375112039094200E-015, 0.0002328534482522640200, 0.0004657068965035256900 ),
 .UNSPECIFIED. ) ;
#389 = CARTESIAN_POINT ( 'NONE',  ( -4.800000000000002500, 10.40000000000000200, 4.336808689942017700E-016 ) ) ;
#390 = ORIENTED_EDGE ( 'NONE', *, *, #3989, .F. ) ;
#391 = DIRECTION ( 'NONE',  ( -0.0000000000000000000, -0.0000000000000000000, -1.000000000000000000 ) ) ;
#392 = CIRCLE ( 'NONE', #2170, 0.6999999999999996200 ) ;
#393 = AXIS2_PLACEMENT_3D ( 'NONE', #2384, #398, #418 ) ;
#394 = DIRECTION ( 'NONE',  ( -0.0000000000000000000, -0.0000000000000000000, -1.000000000000000000 ) ) ;
#395 = ORIENTED_EDGE ( 'NONE', *, *, #434, .F. ) ;
#396 = VERTEX_POINT ( 'NONE', #1381 ) ;
#397 = DIRECTION ( 'NONE',  ( -1.000000000000000000, -0.0000000000000000000, -0.0000000000000000000 ) ) ;
#398 = DIRECTION ( 'NONE',  ( 0.05226442768871401900, 0.9972646886342373400, -0.05226442768871403900 ) ) ;
#399 = ORIENTED_EDGE ( 'NONE', *, *, #3397, .F. ) ;
#400 = ORIENTED_EDGE ( 'NONE', *, *, #3287, .T. ) ;
#401 = EDGE_CURVE ( 'NONE', #1250, #396, #3418, .T. ) ;
#402 = ADVANCED_FACE ( 'NONE', ( #3686 ), #1048, .T. ) ;
#403 = TOROIDAL_SURFACE ( 'NONE', #1044, 4.800000000000002500, 0.1999999999999982100 ) ;
#404 = DIRECTION ( 'NONE',  ( 1.000000000000000000, 0.0000000000000000000, 0.0000000000000000000 ) ) ;
#405 = ORIENTED_EDGE ( 'NONE', *, *, #3071, .T. ) ;
#406 = ORIENTED_EDGE ( 'NONE', *, *, #469, .T. ) ;
#407 = DIRECTION ( 'NONE',  ( 1.112002228197107000E-017, -1.000000000000000000, -1.112002228197107000E-017 ) ) ;
#408 = EDGE_CURVE ( 'NONE', #3369, #1033, #2526, .T. ) ;
#409 = DIRECTION ( 'NONE',  ( -0.0000000000000000000, -0.0000000000000000000, -1.000000000000000000 ) ) ;
#410 = VECTOR ( 'NONE', #85, 1000.000000000000100 ) ;
#411 = CARTESIAN_POINT ( 'NONE',  ( -5.500000000000000000, 0.3292893218813458500, 0.5000000000000000000 ) ) ;
#412 = VECTOR ( 'NONE', #4099, 1000.000000000000000 ) ;
#413 = ORIENTED_EDGE ( 'NONE', *, *, #2132, .T. ) ;
#414 = CARTESIAN_POINT ( 'NONE',  ( 4.757240975673735900, 0.9094446911917545300, 1.510278270606774300 ) ) ;
#415 = CARTESIAN_POINT ( 'NONE',  ( -1.734723475976807100E-015, 1.192622389734054900E-015, 0.9999999999999995600 ) ) ;
#416 = VECTOR ( 'NONE', #4048, 1000.000000000000000 ) ;
#417 = ORIENTED_EDGE ( 'NONE', *, *, #643, .T. ) ;
#418 = DIRECTION ( 'NONE',  ( 0.0000000000000000000, -0.05233595624294395300, -0.9986295347545738300 ) ) ;
#419 = FACE_OUTER_BOUND ( 'NONE', #2592, .T. ) ;
#420 = ORIENTED_EDGE ( 'NONE', *, *, #1645, .F. ) ;
#421 = CARTESIAN_POINT ( 'NONE',  ( 2.499999999999998700, 0.3000000000000004900, 0.6143539149150397700 ) ) ;
#422 = DIRECTION ( 'NONE',  ( -1.000000000000000000, 0.0000000000000000000, 0.0000000000000000000 ) ) ;
#423 = CIRCLE ( 'NONE', #4032, 4.675000000000003400 ) ;
#424 = VERTEX_POINT ( 'NONE', #3342 ) ;
#425 = DIRECTION ( 'NONE',  ( 1.000000000000000000, 0.0000000000000000000, 0.0000000000000000000 ) ) ;
#426 = CARTESIAN_POINT ( 'NONE',  ( -4.975000000004421900, 0.6000000000000010900, -1.301042606982605300E-015 ) ) ;
#427 = ADVANCED_FACE ( 'NONE', ( #253 ), #2565, .F. ) ;
#428 = DIRECTION ( 'NONE',  ( -0.0000000000000000000, 1.000000000000000000, 0.0000000000000000000 ) ) ;
#429 = VERTEX_POINT ( 'NONE', #2376 ) ;
#430 = AXIS2_PLACEMENT_3D ( 'NONE', #30, #1716, #3390 ) ;
#431 = EDGE_LOOP ( 'NONE', ( #3391, #4117, #4098, #3336 ) ) ;
#432 = LINE ( 'NONE', #3794, #2585 ) ;
#433 = VERTEX_POINT ( 'NONE', #346 ) ;
#434 = EDGE_CURVE ( 'NONE', #916, #3469, #1154, .T. ) ;
#435 = CARTESIAN_POINT ( 'NONE',  ( 3.099999999999998800, 0.3000000000000012100, -4.336808689942017700E-016 ) ) ;
#436 = ORIENTED_EDGE ( 'NONE', *, *, #3048, .T. ) ;
#437 = EDGE_LOOP ( 'NONE', ( #532, #3199, #1938, #3244 ) ) ;
#438 = EDGE_CURVE ( 'NONE', #2869, #3750, #2723, .T. ) ;
#439 = CARTESIAN_POINT ( 'NONE',  ( 4.775444305445915900, 0.8520289724428030700, 1.441347084221805200 ) ) ;
#440 = DIRECTION ( 'NONE',  ( 0.7061350561337058600, 0.0000000000000000000, 0.7080771727001570200 ) ) ;
#441 = ORIENTED_EDGE ( 'NONE', *, *, #1087, .T. ) ;
#442 = CARTESIAN_POINT ( 'NONE',  ( 4.549999999999998900, 1.192622389734054900E-015, -1.000000000000000400 ) ) ;
#443 = LINE ( 'NONE', #3924, #496 ) ;
#444 = CARTESIAN_POINT ( 'NONE',  ( 1.839717538261891100, 1.650000000000001700, -5.094971831752793900 ) ) ;
#445 = AXIS2_PLACEMENT_3D ( 'NONE', #3435, #2713, #2688 ) ;
#446 = B_SPLINE_CURVE_WITH_KNOTS ( 'NONE', 3,
 ( #3986, #2933, #3589, #1611 ),
 .UNSPECIFIED., .F., .F.,
 ( 4, 4 ),
 ( 4.985868063689970700E-014, 0.0006723453571515252300 ),
 .UNSPECIFIED. ) ;
#447 = ADVANCED_FACE ( 'NONE', ( #3514 ), #2168, .F. ) ;
#448 = LINE ( 'NONE', #127, #184 ) ;
#449 = CARTESIAN_POINT ( 'NONE',  ( -4.344830656427729000, 1.192622389734054900E-015, -0.6054438431171101900 ) ) ;
#450 = EDGE_LOOP ( 'NONE', ( #1462, #1275, #3360, #3556 ) ) ;
#451 = EDGE_LOOP ( 'NONE', ( #4308, #4173 ) ) ;
#452 = CARTESIAN_POINT ( 'NONE',  ( -1.734723475976807100E-015, 2.449519052838327900, 4.999999999999999100 ) ) ;
#453 = DIRECTION ( 'NONE',  ( -0.05226442768871409500, 0.9972646886342372300, 0.05226442768871409500 ) ) ;
#454 = DIRECTION ( 'NONE',  ( -0.7080771727001569100, -0.0000000000000000000, 0.7061350561337059700 ) ) ;
#455 = CARTESIAN_POINT ( 'NONE',  ( 4.449999999999995700, 1.192622389734054900E-015, 0.9000000000000002400 ) ) ;
#456 = VECTOR ( 'NONE', #4306, 1000.000000000000000 ) ;
#457 = ORIENTED_EDGE ( 'NONE', *, *, #2708, .T. ) ;
#458 = EDGE_LOOP ( 'NONE', ( #3811, #333, #3746, #2176 ) ) ;
#459 = APPLICATION_PROTOCOL_DEFINITION ( 'draft international standard', 'automotive_design', 1998, #1855 ) ;
#460 = LINE ( 'NONE', #350, #100 ) ;
#461 = LINE ( 'NONE', #60, #101 ) ;
#462 = EDGE_CURVE ( 'NONE', #3755, #3087, #1838, .T. ) ;
#463 = CARTESIAN_POINT ( 'NONE',  ( -5.125000000000002700, 0.6000000000000009800, 0.9999999999999995600 ) ) ;
#464 = VERTEX_POINT ( 'NONE', #449 ) ;
#465 = FACE_OUTER_BOUND ( 'NONE', #2089, .T. ) ;
#466 = DIRECTION ( 'NONE',  ( 1.000000000000000000, 0.0000000000000000000, 1.119571596451685300E-016 ) ) ;
#467 = CIRCLE ( 'NONE', #2425, 0.2000000000000014000 ) ;
#468 = ORIENTED_EDGE ( 'NONE', *, *, #1035, .F. ) ;
#469 = EDGE_CURVE ( 'NONE', #702, #378, #358, .T. ) ;
#470 = DIRECTION ( 'NONE',  ( -1.000000000000000000, -0.0000000000000000000, -0.0000000000000000000 ) ) ;
#471 = CARTESIAN_POINT ( 'NONE',  ( 1.693214520470304900, 1.622758234782314400, 4.735324055322898600 ) ) ;
#472 = VERTEX_POINT ( 'NONE', #1085 ) ;
#473 = CARTESIAN_POINT ( 'NONE',  ( 4.766366277803565600, 0.8658761271350269300, 1.473533569839727200 ) ) ;
#474 = ADVANCED_FACE ( 'NONE', ( #997 ), #1792, .F. ) ;
#475 = DIRECTION ( 'NONE',  ( 1.000000000000000000, 0.0000000000000000000, 0.0000000000000000000 ) ) ;
#476 = VERTEX_POINT ( 'NONE', #3059 ) ;
#477 = CARTESIAN_POINT ( 'NONE',  ( 1.499999999999997800, 0.6000000000000010900, 5.124999999999999100 ) ) ;
#478 = VERTEX_POINT ( 'NONE', #389 ) ;
#479 = CARTESIAN_POINT ( 'NONE',  ( 1.504966496803969500, 0.6947664043757256800, -4.747119353123736100 ) ) ;
#480 = AXIS2_PLACEMENT_3D ( 'NONE', #2351, #1658, #2623 ) ;
#481 = VERTEX_POINT ( 'NONE', #4115 ) ;
#482 = CARTESIAN_POINT ( 'NONE',  ( 5.131931558375269400, 0.9447664043757066900, 1.518068441624730300 ) ) ;
#483 = CARTESIAN_POINT ( 'NONE',  ( -5.500000000000000000, -1.084202172485504400E-016, 0.5000000000000000000 ) ) ;
#484 = DIRECTION ( 'NONE',  ( 1.000000000000000000, 0.0000000000000000000, 0.0000000000000000000 ) ) ;
#485 = EDGE_LOOP ( 'NONE', ( #3478, #1702, #2266, #3270, #1083, #4329, #1254, #933, #1742, #2605, #1155, #2069 ) ) ;
#486 = CARTESIAN_POINT ( 'NONE',  ( 4.268866654340062200, 10.40000000000000000, 2.197679861650218700 ) ) ;
#487 = ORIENTED_EDGE ( 'NONE', *, *, #3962, .F. ) ;
#488 = DIRECTION ( 'NONE',  ( 0.0000000000000000000, -1.000000000000000000, -0.0000000000000000000 ) ) ;
#489 = CARTESIAN_POINT ( 'NONE',  ( -1.502058483193876600, 0.6732711989010857800, 4.746860384988041300 ) ) ;
#490 = EDGE_CURVE ( 'NONE', #4219, #1616, #682, .T. ) ;
#491 = CARTESIAN_POINT ( 'NONE',  ( -5.093555332430177000, 1.192622389734054900E-015, -1.000000000000000400 ) ) ;
#492 = DIRECTION ( 'NONE',  ( -1.000000000000000000, 0.0000000000000000000, 0.0000000000000000000 ) ) ;
#493 = AXIS2_PLACEMENT_3D ( 'NONE', #231, #4273, #1562 ) ;
#494 = DIRECTION ( 'NONE',  ( 0.0000000000000000000, -1.000000000000000000, 0.0000000000000000000 ) ) ;
#495 = CARTESIAN_POINT ( 'NONE',  ( -1.734723475976807100E-015, 2.276313972081439400, -4.336808689942017700E-016 ) ) ;
#496 = VECTOR ( 'NONE', #2870, 1000.000000000000000 ) ;
#497 = DIRECTION ( 'NONE',  ( -0.7071067811865462400, -0.0000000000000000000, -0.7071067811865489100 ) ) ;
#498 = CARTESIAN_POINT ( 'NONE',  ( 4.874999999999997300, 1.800000000000001600, -1.301042606982605300E-015 ) ) ;
#499 = ORIENTED_EDGE ( 'NONE', *, *, #1590, .F. ) ;
#500 = ORIENTED_EDGE ( 'NONE', *, *, #4073, .F. ) ;
#501 = CARTESIAN_POINT ( 'NONE',  ( -4.450000000000001100, 1.192622389734054900E-015, -0.7053101431738948400 ) ) ;
#502 = CARTESIAN_POINT ( 'NONE',  ( -2.500000000000002200, 0.3000000000000011500, -4.336808689942017700E-016 ) ) ;
#503 = AXIS2_PLACEMENT_3D ( 'NONE', #695, #3038, #1756 ) ;
#504 = CARTESIAN_POINT ( 'NONE',  ( 5.124999999999997300, 0.6000000000000010900, -5.125000000000000900 ) ) ;
#505 = ORIENTED_EDGE ( 'NONE', *, *, #2853, .F. ) ;
#506 = CARTESIAN_POINT ( 'NONE',  ( 1.498129112321590300, 0.6633088087749382500, -4.747552845222678300 ) ) ;
#507 = CARTESIAN_POINT ( 'NONE',  ( 4.421586678684803000, 10.39999969393832100, -1.872592900204942800 ) ) ;
#508 = FACE_OUTER_BOUND ( 'NONE', #4319, .T. ) ;
#509 = MECHANICAL_DESIGN_GEOMETRIC_PRESENTATION_REPRESENTATION (  '', ( #2440 ), #1194 ) ;
#510 = EDGE_LOOP ( 'NONE', ( #1966, #2007, #3837, #4003, #3949, #3813, #2864, #2145, #2383 ) ) ;
#511 = ORIENTED_EDGE ( 'NONE', *, *, #2439, .T. ) ;
#512 = DIRECTION ( 'NONE',  ( 0.7061403647995090300, 0.07391299315114471800, -0.7042035605165990500 ) ) ;
#513 = LINE ( 'NONE', #3834, #3084 ) ;
#514 = LINE ( 'NONE', #143, #1098 ) ;
#515 = ORIENTED_EDGE ( 'NONE', *, *, #3683, .T. ) ;
#516 =( BOUNDED_CURVE ( )  B_SPLINE_CURVE ( 3, ( #3115, #3889, #2523, #3176 ),
 .UNSPECIFIED., .F., .T. ) 
 B_SPLINE_CURVE_WITH_KNOTS ( ( 4, 4 ),
 ( 5.499156671652535500, 7.067213942706640500 ),
 .UNSPECIFIED. ) 
 CURVE ( )  GEOMETRIC_REPRESENTATION_ITEM ( )  RATIONAL_B_SPLINE_CURVE ( ( 1.000000000000000000, 0.8053830134673598500, 0.8053830134673598500, 1.000000000000000000 ) ) 
 REPRESENTATION_ITEM ( '' )  );
#517 = DIRECTION ( 'NONE',  ( -0.05229759711950553900, 0.9978975990770542200, 0.03827980004880662100 ) ) ;
#518 = EDGE_CURVE ( 'NONE', #2570, #3057, #3307, .T. ) ;
#519 = CARTESIAN_POINT ( 'NONE',  ( 5.499999999999998200, 0.3000000000000001000, -0.5000000000000008900 ) ) ;
#520 = VECTOR ( 'NONE', #3147, 1000.000000000000000 ) ;
#521 = CARTESIAN_POINT ( 'NONE',  ( -1.457567964725386300, 0.6148678410499814900, 4.757507139371839800 ) ) ;
#522 = ORIENTED_EDGE ( 'NONE', *, *, #2708, .F. ) ;
#523 = CARTESIAN_POINT ( 'NONE',  ( -5.131914275072812600, 0.9450961894323353100, -1.554903810567665800 ) ) ;
#524 = CARTESIAN_POINT ( 'NONE',  ( 4.449999999999995700, 0.3000000000000011500, 0.9999999999999995600 ) ) ;
#525 = CARTESIAN_POINT ( 'NONE',  ( 1.481791721074897400, 0.6358211608554772400, -4.751168385691360500 ) ) ;
#526 = CIRCLE ( 'NONE', #2925, 4.975000000000000500 ) ;
#527 = ORIENTED_EDGE ( 'NONE', *, *, #2804, .F. ) ;
#528 = EDGE_CURVE ( 'NONE', #3974, #3152, #2262, .T. ) ;
#529 = CARTESIAN_POINT ( 'NONE',  ( 2.414902282189607800, 10.40000000000000000, -4.173314696605893400 ) ) ;
#530 = DIRECTION ( 'NONE',  ( -0.0000000000000000000, 1.000000000000000000, 0.0000000000000000000 ) ) ;
#531 = DIRECTION ( 'NONE',  ( -0.7061350561337063100, 0.0000000000000000000, -0.7080771727001566900 ) ) ;
#532 = ORIENTED_EDGE ( 'NONE', *, *, #917, .F. ) ;
#533 = AXIS2_PLACEMENT_3D ( 'NONE', #519, #2529, #3494 ) ;
#534 = DIRECTION ( 'NONE',  ( -1.000000000000000000, 0.0000000000000000000, 0.0000000000000000000 ) ) ;
#535 = ORIENTED_EDGE ( 'NONE', *, *, #2553, .T. ) ;
#536 = CARTESIAN_POINT ( 'NONE',  ( -2.700000000000002800, 4.336808689942017700E-016, -0.5000000000000008900 ) ) ;
#537 = CARTESIAN_POINT ( 'NONE',  ( -1.448172416618690200, 0.6090776437707878800, 4.760068300607657400 ) ) ;
#538 = CARTESIAN_POINT ( 'NONE',  ( -1.734723475976807100E-015, 0.6000000000000010900, -1.500000000000000900 ) ) ;
#539 = LINE ( 'NONE', #2995, #1066 ) ;
#540 = CARTESIAN_POINT ( 'NONE',  ( 1.899999999999999000, 0.3000000000000012100, -0.07536880949310333100 ) ) ;
#541 = AXIS2_PLACEMENT_3D ( 'NONE', #4312, #226, #2602 ) ;
#542 = LINE ( 'NONE', #2413, #4248 ) ;
#543 = ORIENTED_EDGE ( 'NONE', *, *, #4303, .T. ) ;
#544 = EDGE_CURVE ( 'NONE', #478, #1775, #1535, .T. ) ;
#545 = CARTESIAN_POINT ( 'NONE',  ( 2.936245688813565700, 0.3000000000000004900, -0.4362456888135656800 ) ) ;
#546 = DIRECTION ( 'NONE',  ( -0.9986295347545739400, -0.05233595624294395300, -3.380187507790356400E-016 ) ) ;
#547 = VERTEX_POINT ( 'NONE', #1451 ) ;
#548 = DIRECTION ( 'NONE',  ( 1.118037262488982100E-016, 0.05233595624294395300, 0.9986295347545739400 ) ) ;
#549 = VECTOR ( 'NONE', #2555, 1000.000000000000000 ) ;
#550 = EDGE_CURVE ( 'NONE', #2030, #2497, #1777, .T. ) ;
#551 = CARTESIAN_POINT ( 'NONE',  ( -2.500000000000002200, 0.3000000000000004900, -0.6143539149150397700 ) ) ;
#552 = DIRECTION ( 'NONE',  ( 1.000000000000000000, 0.0000000000000000000, 0.0000000000000000000 ) ) ;
#553 = ORIENTED_EDGE ( 'NONE', *, *, #2607, .T. ) ;
#554 = PLANE ( 'NONE',  #954 ) ;
#555 = EDGE_CURVE ( 'NONE', #3087, #2002, #3970, .T. ) ;
#556 = DIRECTION ( 'NONE',  ( 0.0000000000000000000, -1.000000000000000000, 0.0000000000000000000 ) ) ;
#557 = DIRECTION ( 'NONE',  ( 1.000000000000000000, 0.0000000000000000000, 0.0000000000000000000 ) ) ;
#558 = ORIENTED_EDGE ( 'NONE', *, *, #917, .T. ) ;
#559 = EDGE_LOOP ( 'NONE', ( #1805, #1720, #1897, #4367, #3894 ) ) ;
#560 = CARTESIAN_POINT ( 'NONE',  ( 3.144865507952084600, 10.39999999678643200, 3.626332038502711800 ) ) ;
#561 = FACE_OUTER_BOUND ( 'NONE', #2969, .T. ) ;
#562 = CARTESIAN_POINT ( 'NONE',  ( -2.600000000000001400, 0.6000000000000010900, -0.5000000000000008900 ) ) ;
#563 = DIRECTION ( 'NONE',  ( 0.0000000000000000000, -1.000000000000000000, -0.0000000000000000000 ) ) ;
#564 = ORIENTED_EDGE ( 'NONE', *, *, #1737, .T. ) ;
#565 = AXIS2_PLACEMENT_3D ( 'NONE', #4085, #370, #3407 ) ;
#566 = FACE_OUTER_BOUND ( 'NONE', #431, .T. ) ;
#567 = FACE_OUTER_BOUND ( 'NONE', #1607, .T. ) ;
#568 = PRESENTATION_LAYER_ASSIGNMENT (  '', '', ( #2440 ) ) ;
#569 = VECTOR ( 'NONE', #2601, 1000.000000000000000 ) ;
#570 = LINE ( 'NONE', #1721, #832 ) ;
#571 = EDGE_CURVE ( 'NONE', #2679, #1358, #1943, .T. ) ;
#572 = DIRECTION ( 'NONE',  ( -1.000000000000000000, 0.0000000000000000000, 0.0000000000000000000 ) ) ;
#573 = ORIENTED_EDGE ( 'NONE', *, *, #632, .T. ) ;
#574 = CARTESIAN_POINT ( 'NONE',  ( -3.100000000000001900, 0.3000000000000012100, 4.336808689942017700E-016 ) ) ;
#575 = CARTESIAN_POINT ( 'NONE',  ( 1.460406736613542900, 0.6158609332302525900, 4.756700005589792100 ) ) ;
#576 = VECTOR ( 'NONE', #440, 1000.000000000000000 ) ;
#577 = ORIENTED_EDGE ( 'NONE', *, *, #1139, .F. ) ;
#578 = EDGE_CURVE ( 'NONE', #1034, #1755, #2827, .T. ) ;
#579 = PLANE ( 'NONE',  #903 ) ;
#580 = CARTESIAN_POINT ( 'NONE',  ( -2.629289321881347800, 0.3292893218813458500, 0.5000000000000000000 ) ) ;
#581 = VERTEX_POINT ( 'NONE', #3885 ) ;
#582 = CARTESIAN_POINT ( 'NONE',  ( 2.063754311186431600, 0.3000000000000012100, -0.4362456888135665700 ) ) ;
#583 = CARTESIAN_POINT ( 'NONE',  ( -2.936245688813569300, 0.3000000000000004900, -0.4362456888135665700 ) ) ;
#584 = EDGE_CURVE ( 'NONE', #4146, #2690, #2371, .T. ) ;
#585 = PLANE ( 'NONE',  #3475 ) ;
#586 = VERTEX_POINT ( 'NONE', #4196 ) ;
#587 = CARTESIAN_POINT ( 'NONE',  ( -3.070109519537263400, 0.6000000000000010900, 0.2323162305268651800 ) ) ;
#588 = LINE ( 'NONE', #3685, #1959 ) ;
#589 = CARTESIAN_POINT ( 'NONE',  ( 1.478146345816834700, 0.6307526048404960000, 4.752034177367639800 ) ) ;
#590 = ORIENTED_EDGE ( 'NONE', *, *, #131, .T. ) ;
#591 = STYLED_ITEM ( 'NONE', ( #3346 ), #1896 ) ;
#592 = CARTESIAN_POINT ( 'NONE',  ( 3.002593506416632300, 10.39999999884864400, 3.745166282973940900 ) ) ;
#593 = FACE_OUTER_BOUND ( 'NONE', #1682, .T. ) ;
#594 = CARTESIAN_POINT ( 'NONE',  ( -5.500000000000000000, 0.0000000000000000000, -0.5000000000000008900 ) ) ;
#595 = EDGE_LOOP ( 'NONE', ( #2711, #2362, #237, #3314 ) ) ;
#596 = AXIS2_PLACEMENT_3D ( 'NONE', #3394, #3053, #2714 ) ;
#597 = UNCERTAINTY_MEASURE_WITH_UNIT (LENGTH_MEASURE( 1.000000000000000100E-005 ), #3258, 'distance_accuracy_value', 'NONE');
#598 = CARTESIAN_POINT ( 'NONE',  ( 4.720689425812120800, 10.39999993136497700, -0.8716633801000971400 ) ) ;
#599 = PLANE ( 'NONE',  #4274 ) ;
#600 = CARTESIAN_POINT ( 'NONE',  ( -1.805652481727685100, 0.7000000000000012900, -1.301042606982605300E-015 ) ) ;
#601 = EDGE_CURVE ( 'NONE', #3508, #1137, #2415, .T. ) ;
#602 = CARTESIAN_POINT ( 'NONE',  ( -1.929890480462742600, 0.3000000000000004900, 0.2323162305268642900 ) ) ;
#603 = ORIENTED_EDGE ( 'NONE', *, *, #2993, .F. ) ;
#604 = FACE_OUTER_BOUND ( 'NONE', #2604, .T. ) ;
#605 = CARTESIAN_POINT ( 'NONE',  ( -1.500000000000001300, 0.6000000000000010900, -5.149999999999986100 ) ) ;
#606 = CARTESIAN_POINT ( 'NONE',  ( -5.136898055179240300, 0.8500000000000012000, -4.336808689942017700E-016 ) ) ;
#607 = CARTESIAN_POINT ( 'NONE',  ( -1.734723475976807100E-015, 1.800000000000001600, -4.336808689942017700E-016 ) ) ;
#608 = EDGE_CURVE ( 'NONE', #3000, #4078, #109, .T. ) ;
#609 = ORIENTED_EDGE ( 'NONE', *, *, #3077, .F. ) ;
#610 = EDGE_LOOP ( 'NONE', ( #2244, #1094 ) ) ;
#611 = LINE ( 'NONE', #1609, #2609 ) ;
#612 = ORIENTED_EDGE ( 'NONE', *, *, #896, .T. ) ;
#613 = ORIENTED_EDGE ( 'NONE', *, *, #2908, .T. ) ;
#614 = CARTESIAN_POINT ( 'NONE',  ( -3.100000000000001900, 0.4500000000000011800, 4.336808689942017700E-016 ) ) ;
#615 = AXIS2_PLACEMENT_3D ( 'NONE', #2025, #1053, #331 ) ;
#616 = CARTESIAN_POINT ( 'NONE',  ( 4.449999999999995700, 0.3000000000000011500, 0.9000000000000002400 ) ) ;
#617 = VECTOR ( 'NONE', #3830, 1000.000000000000000 ) ;
#618 = CARTESIAN_POINT ( 'NONE',  ( 4.549999999999998900, 0.3000000000000011500, -0.9000000000000010200 ) ) ;
#619 = ORIENTED_EDGE ( 'NONE', *, *, #1699, .F. ) ;
#620 = ADVANCED_FACE ( 'NONE', ( #8 ), #4127, .T. ) ;
#621 = DIRECTION ( 'NONE',  ( 1.000000000000000000, -0.0000000000000000000, -0.0000000000000000000 ) ) ;
#622 = CARTESIAN_POINT ( 'NONE',  ( 3.028865627539149700, 10.39999999968725900, 3.723828091005271900 ) ) ;
#623 = CIRCLE ( 'NONE', #1554, 0.4000000000000001900 ) ;
#624 = DIRECTION ( 'NONE',  ( 0.0000000000000000000, 1.000000000000000000, 2.212657495013105100E-017 ) ) ;
#625 = VECTOR ( 'NONE', #4224, 1000.000000000000000 ) ;
#626 = VERTEX_POINT ( 'NONE', #3839 ) ;
#627 = DIRECTION ( 'NONE',  ( 1.112002228197107000E-017, -1.000000000000000000, -1.112002228197107000E-017 ) ) ;
#628 = FACE_OUTER_BOUND ( 'NONE', #2467, .T. ) ;
#629 = ORIENTED_EDGE ( 'NONE', *, *, #1769, .T. ) ;
#630 = CARTESIAN_POINT ( 'NONE',  ( 2.599999999999998300, 0.3580639549812399400, 0.5000000000000000000 ) ) ;
#631 = ADVANCED_FACE ( 'NONE', ( #1482 ), #4177, .T. ) ;
#632 = EDGE_CURVE ( 'NONE', #3847, #27, #1892, .T. ) ;
#633 = DIRECTION ( 'NONE',  ( -0.9986295347545738300, 0.05233595624294395300, 0.0000000000000000000 ) ) ;
#634 = DIRECTION ( 'NONE',  ( -5.319486328579990300E-016, -2.787824654073759300E-017, 1.000000000000000000 ) ) ;
#635 = ORIENTED_EDGE ( 'NONE', *, *, #3014, .F. ) ;
#636 = CARTESIAN_POINT ( 'NONE',  ( 1.405103543328512000, 0.6000000000000010900, -4.772453146185633900 ) ) ;
#637 = VECTOR ( 'NONE', #1393, 1000.000000000000000 ) ;
#638 = VERTEX_POINT ( 'NONE', #809 ) ;
#639 = EDGE_CURVE ( 'NONE', #4250, #1834, #1691, .T. ) ;
#640 = DIRECTION ( 'NONE',  ( 1.000000000000000000, 0.0000000000000000000, 0.0000000000000000000 ) ) ;
#641 = VERTEX_POINT ( 'NONE', #4240 ) ;
#642 = ADVANCED_FACE ( 'NONE', ( #787 ), #3504, .F. ) ;
#643 = EDGE_CURVE ( 'NONE', #4089, #3642, #3259, .T. ) ;
#644 = CYLINDRICAL_SURFACE ( 'NONE', #393, 0.4999999999999996100 ) ;
#645 = DIRECTION ( 'NONE',  ( 0.7071067811865486800, 0.0000000000000000000, -0.7071067811865464600 ) ) ;
#646 = ORIENTED_EDGE ( 'NONE', *, *, #2299, .T. ) ;
#647 = CARTESIAN_POINT ( 'NONE',  ( -4.714328565309863000, 1.000000000000076400, 1.657330033541326600 ) ) ;
#648 = CARTESIAN_POINT ( 'NONE',  ( 1.999999999999998200, 10.40000000000000200, -4.363484845854286800 ) ) ;
#649 = TOROIDAL_SURFACE ( 'NONE', #1306, 4.800000000000002500, 0.1999999999999982100 ) ;
#650 = CARTESIAN_POINT ( 'NONE',  ( 1.544245854606168600, 1.444261223553833900, -4.775787126294361900 ) ) ;
#651 = VERTEX_POINT ( 'NONE', #1176 ) ;
#652 = AXIS2_PLACEMENT_3D ( 'NONE', #3375, #1675, #1026 ) ;
#653 = CARTESIAN_POINT ( 'NONE',  ( 2.897988081164404800, 10.39999998114123900, 3.826586043443243500 ) ) ;
#654 = CARTESIAN_POINT ( 'NONE',  ( 2.732316230526863300, 0.6000000000000010900, -0.5701095195372609700 ) ) ;
#655 = DIRECTION ( 'NONE',  ( -0.0000000000000000000, -1.000000000000000000, -0.0000000000000000000 ) ) ;
#656 = EDGE_LOOP ( 'NONE', ( #3616, #2710, #254, #1761 ) ) ;
#657 = DIRECTION ( 'NONE',  ( 0.0000000000000000000, 0.0000000000000000000, 1.000000000000000000 ) ) ;
#658 = CARTESIAN_POINT ( 'NONE',  ( 5.124999999999997300, 0.6000000000000009800, -1.000000000000000400 ) ) ;
#659 = ORIENTED_EDGE ( 'NONE', *, *, #3628, .F. ) ;
#660 = DIRECTION ( 'NONE',  ( 0.0000000000000000000, 0.0000000000000000000, -1.000000000000000000 ) ) ;
#661 = CARTESIAN_POINT ( 'NONE',  ( 5.150000000001299800, 0.6000000000142119400, -4.649999999999987900 ) ) ;
#662 = LINE ( 'NONE', #3888, #2083 ) ;
#663 = DIRECTION ( 'NONE',  ( 0.0000000000000000000, -1.000000000000000000, 0.0000000000000000000 ) ) ;
#664 = CARTESIAN_POINT ( 'NONE',  ( 2.299999999999999800, 0.4000000000000006300, 0.5000000000000000000 ) ) ;
#665 = ORIENTED_EDGE ( 'NONE', *, *, #1057, .T. ) ;
#666 = CONICAL_SURFACE ( 'NONE', #2616, 4.874999999969986700, 1.047197551231896500 ) ;
#667 = EDGE_CURVE ( 'NONE', #1250, #2640, #467, .T. ) ;
#668 = DIRECTION ( 'NONE',  ( 0.0000000000000000000, 1.000000000000000000, 0.0000000000000000000 ) ) ;
#669 = CARTESIAN_POINT ( 'NONE',  ( -1.469398447259052900, 0.6234091041404875600, -4.754335028054329700 ) ) ;
#670 = ORIENTED_EDGE ( 'NONE', *, *, #3716, .T. ) ;
#671 = EDGE_LOOP ( 'NONE', ( #1011, #3862, #4295, #1976, #3070, #208, #1986, #2910 ) ) ;
#672 = EDGE_CURVE ( 'NONE', #1680, #3755, #2930, .T. ) ;
#673 = VECTOR ( 'NONE', #988, 1000.000000000000000 ) ;
#674 = ORIENTED_EDGE ( 'NONE', *, *, #2569, .T. ) ;
#675 = CARTESIAN_POINT ( 'NONE',  ( -3.469446951953614200E-015, 2.276313972098628300, 4.900000000023821300 ) ) ;
#676 = LINE ( 'NONE', #3129, #4170 ) ;
#677 = VECTOR ( 'NONE', #3385, 1000.000000000000000 ) ;
#678 = ORIENTED_EDGE ( 'NONE', *, *, #4376, .T. ) ;
#679 = MECHANICAL_DESIGN_GEOMETRIC_PRESENTATION_REPRESENTATION (  '', ( #591 ), #3061 ) ;
#680 = CARTESIAN_POINT ( 'NONE',  ( -2.659102538727272900, 0.3000000000000006000, -0.5000000000000008900 ) ) ;
#681 = VECTOR ( 'NONE', #340, 1000.000000000000000 ) ;
#682 = LINE ( 'NONE', #734, #3150 ) ;
#683 = CARTESIAN_POINT ( 'NONE',  ( -1.506063621301279700, 0.7157007868723145300, 5.143936378698709800 ) ) ;
#684 = AXIS2_PLACEMENT_3D ( 'NONE', #1584, #179, #234 ) ;
#685 = CIRCLE ( 'NONE', #992, 0.1999999999999979300 ) ;
#686 = EDGE_LOOP ( 'NONE', ( #468, #659, #4113, #3638, #1386, #217, #4330, #238 ) ) ;
#687 = ADVANCED_FACE ( 'NONE', ( #3035 ), #940, .F. ) ;
#688 = PLANE ( 'NONE',  #844 ) ;
#689 = VERTEX_POINT ( 'NONE', #227 ) ;
#690 = EDGE_CURVE ( 'NONE', #10, #1680, #2119, .T. ) ;
#691 = DIRECTION ( 'NONE',  ( -2.449293598294705900E-016, 5.693113199849179900E-031, -1.000000000000000000 ) ) ;
#692 = B_SPLINE_SURFACE_WITH_KNOTS ( 'NONE', 3, 1, ( 
 ( #2729, #1707 ),
 ( #722, #3732 ),
 ( #1408, #1717 ),
 ( #1050, #1401 ),
 ( #3751, #4108 ),
 ( #2418, #2740 ),
 ( #1063, #2094 ),
 ( #742, #2366 ),
 ( #3765, #2063 ),
 ( #3078, #1076 ),
 ( #1429, #4079 ) ),
 .UNSPECIFIED., .F., .F., .F.,
 ( 4, 1, 1, 1, 1, 1, 1, 1, 4 ),
 ( 2, 2 ),
 ( 0.0000000000000000000, 0.06002711688146384500, 0.1249999999999999000, 0.1899728831185361900, 0.2499999999999999200, 0.3100271168814638900, 0.3749999999999998900, 0.4399728831185360500, 0.4999999999999997800 ),
 ( 0.0000000000000000000, 1.000000000000000000 ),
 .UNSPECIFIED. ) ;
#693 = ORIENTED_EDGE ( 'NONE', *, *, #3871, .F. ) ;
#694 = EDGE_CURVE ( 'NONE', #1583, #2780, #2167, .T. ) ;
#695 = CARTESIAN_POINT ( 'NONE',  ( 2.700000000000001100, 0.4000000000000006300, -0.5000000000000008900 ) ) ;
#696 = CARTESIAN_POINT ( 'NONE',  ( -2.700000000000002800, 4.336808689942017700E-016, -0.5000000000000008900 ) ) ;
#697 = ORIENTED_EDGE ( 'NONE', *, *, #3838, .F. ) ;
#698 = CIRCLE ( 'NONE', #480, 4.675000000000003400 ) ;
#699 = CARTESIAN_POINT ( 'NONE',  ( 5.094971831751948300, 1.650000000058420300, -4.649999999999987900 ) ) ;
#700 = AXIS2_PLACEMENT_3D ( 'NONE', #2053, #372, #2721 ) ;
#701 = CARTESIAN_POINT ( 'NONE',  ( 2.499999999999998700, 0.6000000000000010900, 0.6143539149150397700 ) ) ;
#702 = VERTEX_POINT ( 'NONE', #2243 ) ;
#703 = CARTESIAN_POINT ( 'NONE',  ( 3.099999999999998800, 0.6000000000000010900, -4.336808689942017700E-016 ) ) ;
#704 = DIRECTION ( 'NONE',  ( -0.0000000000000000000, 1.000000000000000000, 0.0000000000000000000 ) ) ;
#705 = ADVANCED_FACE ( 'NONE', ( #1264 ), #1587, .T. ) ;
#706 = AXIS2_PLACEMENT_3D ( 'NONE', #3364, #2347, #1007 ) ;
#707 = EDGE_LOOP ( 'NONE', ( #3044, #879, #2456, #3515, #665, #3427 ) ) ;
#708 = DIRECTION ( 'NONE',  ( 1.000000000000000000, 0.0000000000000000000, 0.0000000000000000000 ) ) ;
#709 = CARTESIAN_POINT ( 'NONE',  ( 5.094971831752801900, 1.650000000000001200, -4.336808689942017700E-016 ) ) ;
#710 = CARTESIAN_POINT ( 'NONE',  ( 2.700000000000001100, 0.3000000000000005400, 0.5000000000000000000 ) ) ;
#711 = ADVANCED_FACE ( 'NONE', ( #3473 ), #3644, .F. ) ;
#712 = ORIENTED_EDGE ( 'NONE', *, *, #1903, .T. ) ;
#713 = ORIENTED_EDGE ( 'NONE', *, *, #2410, .F. ) ;
#714 = CARTESIAN_POINT ( 'NONE',  ( -4.450000000000001100, 1.192622389734054900E-015, -4.336808689942017700E-016 ) ) ;
#715 = DIRECTION ( 'NONE',  ( 0.0000000000000000000, 0.0000000000000000000, -1.000000000000000000 ) ) ;
#716 = LINE ( 'NONE', #219, #456 ) ;
#717 = EDGE_CURVE ( 'NONE', #396, #3192, #2369, .T. ) ;
#718 = CARTESIAN_POINT ( 'NONE',  ( 1.504966496803969500, 0.6947664043757256800, -4.747119353123736100 ) ) ;
#719 = EDGE_LOOP ( 'NONE', ( #3309, #3303, #169, #1514 ) ) ;
#720 = ORIENTED_EDGE ( 'NONE', *, *, #2110, .T. ) ;
#721 = PRODUCT ( '16SVF1000MX', '16SVF1000MX', '', ( #2857 ) ) ;
#722 = CARTESIAN_POINT ( 'NONE',  ( -3.100000000000001900, 0.6000000000000010900, -0.07536880949310333100 ) ) ;
#723 = CARTESIAN_POINT ( 'NONE',  ( 1.899999999999999000, 0.4500000000000011800, -4.336808689942017700E-016 ) ) ;
#724 = CIRCLE ( 'NONE', #3605, 0.6999999999999996200 ) ;
#725 = ORIENTED_EDGE ( 'NONE', *, *, #3402, .F. ) ;
#726 = CARTESIAN_POINT ( 'NONE',  ( 4.649999999999997700, 1.650000000010324100, -5.094971831752252100 ) ) ;
#727 = AXIS2_PLACEMENT_3D ( 'NONE', #3308, #1925, #4021 ) ;
#728 = VECTOR ( 'NONE', #753, 1000.000000000000000 ) ;
#729 = LINE ( 'NONE', #3745, #4225 ) ;
#730 = EDGE_LOOP ( 'NONE', ( #3671, #2994, #942, #4122 ) ) ;
#731 = DIRECTION ( 'NONE',  ( 0.0000000000000000000, 0.0000000000000000000, -1.000000000000000000 ) ) ;
#732 = B_SPLINE_CURVE_WITH_KNOTS ( 'NONE', 3,
 ( #4362, #647, #2268, #4317 ),
 .UNSPECIFIED., .F., .F.,
 ( 4, 4 ),
 ( 8.441829824149546800E-016, 0.0003240278233645233800 ),
 .UNSPECIFIED. ) ;
#733 = FACE_OUTER_BOUND ( 'NONE', #3783, .T. ) ;
#734 = CARTESIAN_POINT ( 'NONE',  ( -4.450000000000001100, 0.3000000000000011500, 0.7053101431738939600 ) ) ;
#735 = UNCERTAINTY_MEASURE_WITH_UNIT (LENGTH_MEASURE( 1.000000000000000100E-005 ), #2812, 'distance_accuracy_value', 'NONE');
#736 = AXIS2_PLACEMENT_3D ( 'NONE', #4232, #2886, #3189 ) ;
#737 = CARTESIAN_POINT ( 'NONE',  ( -1.734723475976807100E-015, 0.8499999999940893700, -4.336808689942017700E-016 ) ) ;
#738 = VERTEX_POINT ( 'NONE', #876 ) ;
#739 = DIRECTION ( 'NONE',  ( 0.0000000000000000000, 0.0000000000000000000, -1.000000000000000000 ) ) ;
#740 = CYLINDRICAL_SURFACE ( 'NONE', #22, 0.2999999999999999300 ) ;
#741 = ORIENTED_EDGE ( 'NONE', *, *, #672, .F. ) ;
#742 = CARTESIAN_POINT ( 'NONE',  ( -2.063754311186435200, 0.6000000000000010900, -0.4362456888135656800 ) ) ;
#743 = ADVANCED_FACE ( 'NONE', ( #4277 ), #199, .T. ) ;
#744 = PLANE ( 'NONE',  #910 ) ;
#745 = DIRECTION ( 'NONE',  ( -0.0000000000000000000, -1.000000000000000000, -0.0000000000000000000 ) ) ;
#746 = CIRCLE ( 'NONE', #4095, 0.1000000000000002600 ) ;
#747 = DIRECTION ( 'NONE',  ( 3.204653064605152600E-018, -0.9986295347546223500, 0.05233595624201781100 ) ) ;
#748 = CARTESIAN_POINT ( 'NONE',  ( -1.734723475976807100E-015, 1.338119784671199600, -4.336808689942017700E-016 ) ) ;
#749 = ORIENTED_EDGE ( 'NONE', *, *, #263, .T. ) ;
#750 = EDGE_CURVE ( 'NONE', #3106, #1310, #1207, .T. ) ;
#751 = CARTESIAN_POINT ( 'NONE',  ( 2.063754311186431600, 0.6000000000000010900, 0.4362456888135656800 ) ) ;
#752 = CARTESIAN_POINT ( 'NONE',  ( -4.349999999999999600, 0.3000000000000011500, -0.7053101431738948400 ) ) ;
#753 = DIRECTION ( 'NONE',  ( -3.375555078287906000E-016, 1.769053455006618400E-017, -1.000000000000000000 ) ) ;
#754 = ORIENTED_EDGE ( 'NONE', *, *, #1029, .T. ) ;
#755 = EDGE_CURVE ( 'NONE', #1042, #2665, #3253, .T. ) ;
#756 = CARTESIAN_POINT ( 'NONE',  ( 4.756550581345449800, 0.9201540857393831800, 1.514293205613199200 ) ) ;
#757 = FACE_OUTER_BOUND ( 'NONE', #3772, .T. ) ;
#758 = CARTESIAN_POINT ( 'NONE',  ( -1.637127353739371100, 1.000000000000001300, 5.129036888286770500 ) ) ;
#759 = CARTESIAN_POINT ( 'NONE',  ( 5.126363913439659500, 0.6260250187724589700, -4.627049146062378600 ) ) ;
#760 = CARTESIAN_POINT ( 'NONE',  ( 1.548948601559470200, 1.533994957030022600, -5.101051398440483300 ) ) ;
#761 = AXIS2_PLACEMENT_3D ( 'NONE', #3550, #1874, #4286 ) ;
#762 = ADVANCED_FACE ( 'NONE', ( #2041 ), #2906, .T. ) ;
#763 = ORIENTED_EDGE ( 'NONE', *, *, #1080, .T. ) ;
#764 = CARTESIAN_POINT ( 'NONE',  ( 2.599999999999998300, 0.6000000000000010900, -0.5000000000000008900 ) ) ;
#765 = CARTESIAN_POINT ( 'NONE',  ( 1.499999999999997800, 0.6000000000000010900, -4.336808689942017700E-016 ) ) ;
#766 = AXIS2_PLACEMENT_3D ( 'NONE', #2095, #1430, #2065 ) ;
#767 = CARTESIAN_POINT ( 'NONE',  ( -4.450000000000001100, 0.3000000000000011500, 0.9999999999999995600 ) ) ;
#768 =( LENGTH_UNIT ( ) NAMED_UNIT ( * ) SI_UNIT ( .MILLI., .METRE. ) );
#769 = VERTEX_POINT ( 'NONE', #3582 ) ;
#770 = DIRECTION ( 'NONE',  ( -0.05226442768871432400, 0.9972646886342377800, 0.05226442768870311100 ) ) ;
#771 = B_SPLINE_SURFACE_WITH_KNOTS ( 'NONE', 2, 1, ( 
 ( #3633, #2018 ),
 ( #680, #1319 ),
 ( #4363, #4347 ),
 ( #1015, #15 ),
 ( #3325, #4374 ) ),
 .UNSPECIFIED., .F., .F., .F.,
 ( 3, 2, 3 ),
 ( 2, 2 ),
 ( 0.0000000000000000000, 0.5000000000000000000, 1.000000000000000000 ),
 ( 0.0000000000000000000, 1.000000000000000000 ),
 .UNSPECIFIED. ) ;
#772 = EDGE_LOOP ( 'NONE', ( #4268, #4378, #3158, #505 ) ) ;
#773 = EDGE_CURVE ( 'NONE', #1627, #2196, #2769, .T. ) ;
#774 = DIRECTION ( 'NONE',  ( 1.000000000000000000, 0.0000000000000000000, 0.0000000000000000000 ) ) ;
#775 = VECTOR ( 'NONE', #3929, 1000.000000000000000 ) ;
#776 = CARTESIAN_POINT ( 'NONE',  ( 2.267683769473134000, 0.6000000000000010900, 0.5701095195372600800 ) ) ;
#777 = ORIENTED_EDGE ( 'NONE', *, *, #827, .T. ) ;
#778 = ORIENTED_EDGE ( 'NONE', *, *, #1475, .F. ) ;
#779 = EDGE_CURVE ( 'NONE', #3724, #1281, #1477, .T. ) ;
#780 = VECTOR ( 'NONE', #409, 1000.000000000000000 ) ;
#781 = VECTOR ( 'NONE', #2001, 999.9999999999998900 ) ;
#782 = CLOSED_SHELL ( 'NONE', ( #128, #953, #2278, #4159, #3702, #274, #3480, #2755, #1758, #1105, #3802, #4351, #3162, #2295, #3361, #1115, #4018, #3436, #620, #2419, #1071, #1613, #1980, #2322, #4201, #642, #309, #84, #1970, #1455, #996, #3114, #2135, #145, #284, #4042, #1091, #2488, #339, #93, #3410, #2597, #1794, #2032, #3693, #1409, #1662, #1504, #1437, #1425, #929, #3090, #63, #2800, #3133, #687, #4056, #447, #711, #2087, #3643, #2354, #1481, #784, #2443, #3843, #3401, #382, #3658, #3313, #2344, #3063, #705, #762, #427, #4067, #1778, #3337, #3739, #2156 ) ) ;
#783 = CARTESIAN_POINT ( 'NONE',  ( 4.649999999999997700, 0.6000000000568445100, 4.649999999999987900 ) ) ;
#784 = ADVANCED_FACE ( 'NONE', ( #4070 ), #1356, .T. ) ;
#785 = CARTESIAN_POINT ( 'NONE',  ( -2.600000000000001400, 0.3292893218813458500, -0.5000000000000008900 ) ) ;
#786 = FACE_OUTER_BOUND ( 'NONE', #3581, .T. ) ;
#787 = FACE_OUTER_BOUND ( 'NONE', #2088, .T. ) ;
#788 = CARTESIAN_POINT ( 'NONE',  ( -4.757221984725291900, 0.8499999999970452300, 1.499999999998293100 ) ) ;
#789 = ORIENTED_EDGE ( 'NONE', *, *, #408, .T. ) ;
#790 = EDGE_CURVE ( 'NONE', #3142, #2073, #3368, .T. ) ;
#791 = CARTESIAN_POINT ( 'NONE',  ( -1.734723475976807100E-015, 0.8000000000000013800, -4.336808689942017700E-016 ) ) ;
#792 = TOROIDAL_SURFACE ( 'NONE', #1813, 4.799999999999997200, 0.2000000000000057300 ) ;
#793 = B_SPLINE_CURVE_WITH_KNOTS ( 'NONE', 3,
 ( #4183, #200, #2907, #583, #922, #551, #2606, #1571, #2552, #1225, #3583 ),
 .UNSPECIFIED., .F., .F.,
 ( 4, 1, 1, 1, 1, 1, 1, 1, 4 ),
 ( 0.0000000000000000000, 0.0002251817512027473300, 0.0004689167223527822900, 0.0007126516935028181200, 0.0009378334447055650200, 0.001163015195908312700, 0.001406750167058347600, 0.001650485138208382800, 0.001875666889411129800 ),
 .UNSPECIFIED. ) ;
#794 = ORIENTED_EDGE ( 'NONE', *, *, #1847, .F. ) ;
#795 = DIRECTION ( 'NONE',  ( 0.0000000000000000000, 0.0000000000000000000, 1.000000000000000000 ) ) ;
#796 = LINE ( 'NONE', #1713, #1006 ) ;
#797 = VERTEX_POINT ( 'NONE', #3350 ) ;
#798 = CARTESIAN_POINT ( 'NONE',  ( -4.775000000000001200, 0.6000000000000020900, -4.336808689942017700E-016 ) ) ;
#799 = DIRECTION ( 'NONE',  ( -5.334096698495038600E-016, 0.0000000000000000000, 1.000000000000000000 ) ) ;
#800 = CARTESIAN_POINT ( 'NONE',  ( -1.504966496803972900, 0.6947664043757089100, -1.301042606982605300E-015 ) ) ;
#801 = CARTESIAN_POINT ( 'NONE',  ( 4.344830656427725500, 0.3000000000000011500, 0.6054438431171093000 ) ) ;
#802 = ORIENTED_EDGE ( 'NONE', *, *, #4326, .F. ) ;
#803 = AXIS2_PLACEMENT_3D ( 'NONE', #2174, #3164, #2143 ) ;
#804 = EDGE_CURVE ( 'NONE', #2728, #2882, #1040, .T. ) ;
#805 = LINE ( 'NONE', #2107, #2432 ) ;
#806 = LINE ( 'NONE', #3209, #1856 ) ;
#807 = ADVANCED_FACE ( 'NONE', ( #353 ), #688, .F. ) ;
#808 = EDGE_CURVE ( 'NONE', #4078, #2534, #4172, .T. ) ;
#809 = CARTESIAN_POINT ( 'NONE',  ( -1.805652481727683300, 1.000000000000001300, -5.129036888286770500 ) ) ;
#810 = ORIENTED_EDGE ( 'NONE', *, *, #1210, .F. ) ;
#811 = ORIENTED_EDGE ( 'NONE', *, *, #1175, .F. ) ;
#812 = CARTESIAN_POINT ( 'NONE',  ( -1.805652481727794400, 1.000000000006640500, -4.658247151971684400 ) ) ;
#813 = EDGE_CURVE ( 'NONE', #4325, #429, #3085, .T. ) ;
#814 = DIRECTION ( 'NONE',  ( 0.0000000000000000000, -1.000000000000000000, -0.0000000000000000000 ) ) ;
#815 = CARTESIAN_POINT ( 'NONE',  ( -2.600000000000001400, 0.6000000000000010900, 0.5000000000000000000 ) ) ;
#816 = ORIENTED_EDGE ( 'NONE', *, *, #490, .T. ) ;
#817 = AXIS2_PLACEMENT_3D ( 'NONE', #2286, #2549, #873 ) ;
#818 = ORIENTED_EDGE ( 'NONE', *, *, #3200, .T. ) ;
#819 = CARTESIAN_POINT ( 'NONE',  ( -1.504966496803972900, 0.6947664043757063600, 4.336808689942017700E-016 ) ) ;
#820 = ORIENTED_EDGE ( 'NONE', *, *, #1910, .F. ) ;
#821 = DIRECTION ( 'NONE',  ( 0.9986630005678501800, 0.0000000000000000000, -0.05169343572271271900 ) ) ;
#822 = LINE ( 'NONE', #3526, #1363 ) ;
#823 = VERTEX_POINT ( 'NONE', #699 ) ;
#824 = VERTEX_POINT ( 'NONE', #3042 ) ;
#825 = CARTESIAN_POINT ( 'NONE',  ( 4.158727562657504400, 10.40000000000000000, 2.397548723447057800 ) ) ;
#826 = LINE ( 'NONE', #4158, #1779 ) ;
#827 = EDGE_CURVE ( 'NONE', #3493, #3408, #1427, .T. ) ;
#828 = DIRECTION ( 'NONE',  ( 0.05233595624294395300, -0.9986295347545739400, 0.0000000000000000000 ) ) ;
#829 = CARTESIAN_POINT ( 'NONE',  ( -5.000000000000004400, 10.19999999999999900, 4.336808689942017700E-016 ) ) ;
#830 = ORIENTED_EDGE ( 'NONE', *, *, #4210, .T. ) ;
#831 = VECTOR ( 'NONE', #2391, 1000.000000000000000 ) ;
#832 = VECTOR ( 'NONE', #1003, 1000.000000000000000 ) ;
#833 = CARTESIAN_POINT ( 'NONE',  ( 1.502058483193918100, 0.6732711989012480900, -4.746860384986056200 ) ) ;
#834 = VERTEX_POINT ( 'NONE', #998 ) ;
#835 = EDGE_CURVE ( 'NONE', #689, #3058, #2470, .T. ) ;
#836 = CARTESIAN_POINT ( 'NONE',  ( 4.277321581346083900, 10.40000006112022600, -2.190808789936798700 ) ) ;
#837 = LINE ( 'NONE', #2128, #520 ) ;
#838 = FILL_AREA_STYLE ('',( #3510 ) ) ;
#839 = DIRECTION ( 'NONE',  ( -0.0000000000000000000, -1.000000000000000000, -0.0000000000000000000 ) ) ;
#840 = CARTESIAN_POINT ( 'NONE',  ( 4.649999999999997700, 0.6000000000568445100, -4.649999999999987900 ) ) ;
#841 = CARTESIAN_POINT ( 'NONE',  ( 1.405103543328463300, 0.6000000000000010900, 4.772453146185646300 ) ) ;
#842 = FACE_OUTER_BOUND ( 'NONE', #62, .T. ) ;
#843 =( BOUNDED_CURVE ( )  B_SPLINE_CURVE ( 3, ( #4208, #523, #1568, #3580 ),
 .UNSPECIFIED., .F., .F. ) 
 B_SPLINE_CURVE_WITH_KNOTS ( ( 4, 4 ),
 ( 2.094395102393193500, 3.141592653589790900 ),
 .UNSPECIFIED. ) 
 CURVE ( )  GEOMETRIC_REPRESENTATION_ITEM ( )  RATIONAL_B_SPLINE_CURVE ( ( 1.000000000000000000, 0.9106836025229592100, 0.9106836025229592100, 1.000000000000000000 ) ) 
 REPRESENTATION_ITEM ( '' )  );
#844 = AXIS2_PLACEMENT_3D ( 'NONE', #3720, #2996, #4086 ) ;
#845 = ORIENTED_EDGE ( 'NONE', *, *, #1718, .T. ) ;
#846 = DIRECTION ( 'NONE',  ( -1.000000000000000000, 0.0000000000000000000, 2.449293598294706400E-016 ) ) ;
#847 = FACE_OUTER_BOUND ( 'NONE', #4169, .T. ) ;
#848 = EDGE_LOOP ( 'NONE', ( #4101, #1027, #3037, #1993, #2953 ) ) ;
#849 = CARTESIAN_POINT ( 'NONE',  ( 4.649999999999994100, 1.650000000058420300, 5.094971831751940300 ) ) ;
#850 = EDGE_LOOP ( 'NONE', ( #3601, #1484, #2706, #3220 ) ) ;
#851 = DIRECTION ( 'NONE',  ( 0.0000000000000000000, 0.0000000000000000000, 1.000000000000000000 ) ) ;
#852 = DIRECTION ( 'NONE',  ( -1.000000000000000000, 0.0000000000000000000, 1.224646799147376600E-016 ) ) ;
#853 = FACE_OUTER_BOUND ( 'NONE', #772, .T. ) ;
#854 = DIRECTION ( 'NONE',  ( 0.05226442768871480300, -0.9972646886342377800, 0.05226442768870358200 ) ) ;
#855 = EDGE_LOOP ( 'NONE', ( #2429, #4379, #3858, #2956 ) ) ;
#856 = EDGE_CURVE ( 'NONE', #980, #3204, #3734, .T. ) ;
#857 = CARTESIAN_POINT ( 'NONE',  ( 4.071267526690891500, 10.40000000000000200, 2.543260759197077300 ) ) ;
#858 = LINE ( 'NONE', #1901, #4358 ) ;
#859 = ORIENTED_EDGE ( 'NONE', *, *, #3628, .T. ) ;
#860 = CARTESIAN_POINT ( 'NONE',  ( -1.437747346320772400, 0.6048505973668509800, 4.762999012978091300 ) ) ;
#861 = ORIENTED_EDGE ( 'NONE', *, *, #3842, .T. ) ;
#862 = CARTESIAN_POINT ( 'NONE',  ( 5.109871322164713600, 1.365700786872884500, -1.540128677835286500 ) ) ;
#863 = EDGE_CURVE ( 'NONE', #902, #429, #1149, .T. ) ;
#864 = DIRECTION ( 'NONE',  ( 0.0000000000000000000, 1.000000000000000000, 0.0000000000000000000 ) ) ;
#865 = CARTESIAN_POINT ( 'NONE',  ( -1.734723475976807100E-015, 0.6000000000000010900, 5.149999999999986100 ) ) ;
#866 = CARTESIAN_POINT ( 'NONE',  ( -4.450000000000001100, 0.3000000000000011500, 0.9999999999999995600 ) ) ;
#867 = DIRECTION ( 'NONE',  ( -0.0000000000000000000, -1.000000000000000000, -0.0000000000000000000 ) ) ;
#868 = AXIS2_PLACEMENT_3D ( 'NONE', #1195, #867, #2883 ) ;
#869 = PLANE ( 'NONE',  #362 ) ;
#870 = SURFACE_STYLE_FILL_AREA ( #2183 ) ;
#871 = CARTESIAN_POINT ( 'NONE',  ( 1.428235346514402400, 0.6020273512904941200, 4.765705994534112500 ) ) ;
#872 = COLOUR_RGB ( '',0.7921568627450980000, 0.8196078431372548800, 0.9333333333333333500 ) ;
#873 = DIRECTION ( 'NONE',  ( 1.000000000000000000, 0.0000000000000000000, 0.0000000000000000000 ) ) ;
#874 = CARTESIAN_POINT ( 'NONE',  ( -1.427104734838556600, 0.6024502815373705700, 4.766054427907430800 ) ) ;
#875 = AXIS2_PLACEMENT_3D ( 'NONE', #2698, #691, #3726 ) ;
#876 = CARTESIAN_POINT ( 'NONE',  ( 2.536185405005900100, 0.3000000000000011500, -0.6990641003974955600 ) ) ;
#877 = ORIENTED_EDGE ( 'NONE', *, *, #978, .F. ) ;
#878 = VERTEX_POINT ( 'NONE', #1683 ) ;
#879 = ORIENTED_EDGE ( 'NONE', *, *, #2003, .F. ) ;
#880 = CARTESIAN_POINT ( 'NONE',  ( -1.734723475976807100E-015, 1.192622389734054900E-015, -4.336808689942017700E-016 ) ) ;
#881 = PLANE ( 'NONE',  #3853 ) ;
#882 = PLANE ( 'NONE',  #1163 ) ;
#883 = FACE_OUTER_BOUND ( 'NONE', #3681, .T. ) ;
#884 = VECTOR ( 'NONE', #828, 1000.000000000000000 ) ;
#885 = ORIENTED_EDGE ( 'NONE', *, *, #4353, .F. ) ;
#886 = DIRECTION ( 'NONE',  ( -0.0000000000000000000, -1.000000000000000000, -0.0000000000000000000 ) ) ;
#887 = EDGE_CURVE ( 'NONE', #4058, #2645, #461, .T. ) ;
#888 = CARTESIAN_POINT ( 'NONE',  ( -1.734723475976807100E-015, 0.8500000000000010900, 1.418205488149683100 ) ) ;
#889 = SURFACE_STYLE_FILL_AREA ( #4298 ) ;
#890 = FACE_OUTER_BOUND ( 'NONE', #2670, .T. ) ;
#891 = ORIENTED_EDGE ( 'NONE', *, *, #3592, .F. ) ;
#892 = CARTESIAN_POINT ( 'NONE',  ( -1.461278585991198800, 0.6000000000000012000, -5.125000000000000000 ) ) ;
#893 = CARTESIAN_POINT ( 'NONE',  ( 3.070109519537261600, 0.6000000000000010900, -0.2323162305268651800 ) ) ;
#894 = PRESENTATION_STYLE_ASSIGNMENT (( #4202 ) ) ;
#895 = ORIENTED_EDGE ( 'NONE', *, *, #2385, .T. ) ;
#896 = EDGE_CURVE ( 'NONE', #3552, #1905, #3570, .T. ) ;
#897 = CARTESIAN_POINT ( 'NONE',  ( 4.612951965042626900, 10.39999999994024000, -1.326925587761445200 ) ) ;
#898 = FACE_OUTER_BOUND ( 'NONE', #3627, .T. ) ;
#899 = CARTESIAN_POINT ( 'NONE',  ( -2.300000000000003400, 0.6000000000000010900, -0.5000000000000008900 ) ) ;
#900 = CARTESIAN_POINT ( 'NONE',  ( -3.100000000000001900, 0.3000000000000012100, 0.07536880949310333100 ) ) ;
#901 = CARTESIAN_POINT ( 'NONE',  ( 5.125000000000000900, 0.6000000000000009800, 4.625685232622713800 ) ) ;
#902 = VERTEX_POINT ( 'NONE', #3011 ) ;
#903 = AXIS2_PLACEMENT_3D ( 'NONE', #3230, #2904, #2919 ) ;
#904 = ORIENTED_EDGE ( 'NONE', *, *, #1580, .T. ) ;
#905 = DIRECTION ( 'NONE',  ( 0.05233595624294395300, -0.9986295347545739400, 0.0000000000000000000 ) ) ;
#906 = DIRECTION ( 'NONE',  ( -0.0000000000000000000, 1.000000000000000000, -0.0000000000000000000 ) ) ;
#907 = VECTOR ( 'NONE', #3873, 1000.000000000000000 ) ;
#908 = CARTESIAN_POINT ( 'NONE',  ( 2.063754311186431600, 0.6000000000000010900, -0.4362456888135665700 ) ) ;
#909 = ORIENTED_EDGE ( 'NONE', *, *, #462, .F. ) ;
#910 = AXIS2_PLACEMENT_3D ( 'NONE', #383, #2434, #3753 ) ;
#911 = CIRCLE ( 'NONE', #1860, 4.988101944822997100 ) ;
#912 = CARTESIAN_POINT ( 'NONE',  ( -4.450000000000001100, 0.3000000000000011500, -1.000000000000000400 ) ) ;
#913 = ORIENTED_EDGE ( 'NONE', *, *, #694, .T. ) ;
#914 = CARTESIAN_POINT ( 'NONE',  ( -1.514883545025530200, 0.8839949570300492700, -5.135116454974459000 ) ) ;
#915 = DIRECTION ( 'NONE',  ( 0.0000000000000000000, -1.000000000000000000, 2.212657494868374700E-017 ) ) ;
#916 = VERTEX_POINT ( 'NONE', #675 ) ;
#917 = EDGE_CURVE ( 'NONE', #2697, #3713, #2296, .T. ) ;
#918 = CARTESIAN_POINT ( 'NONE',  ( -1.734723475976807100E-015, 0.8500000000000012000, 1.499999999999999100 ) ) ;
#919 = CARTESIAN_POINT ( 'NONE',  ( -4.550000000000001600, 0.3000000000000011500, 0.9999999999999995600 ) ) ;
#920 = CARTESIAN_POINT ( 'NONE',  ( 3.099999999999998800, 0.4500000000000011800, -4.336808689942017700E-016 ) ) ;
#921 = EDGE_CURVE ( 'NONE', #1473, #1311, #2819, .T. ) ;
#922 = CARTESIAN_POINT ( 'NONE',  ( -2.732316230526865100, 0.3000000000000004900, -0.5701095195372600800 ) ) ;
#923 = ORIENTED_EDGE ( 'NONE', *, *, #4179, .T. ) ;
#924 = AXIS2_PLACEMENT_3D ( 'NONE', #386, #9, #2680 ) ;
#925 = CARTESIAN_POINT ( 'NONE',  ( -2.899999999999999900, 0.6000000000000010900, 5.149999999999986100 ) ) ;
#926 = DIRECTION ( 'NONE',  ( 0.7071067811865487900, -0.0000000000000000000, -0.7071067811865463500 ) ) ;
#927 = ORIENTED_EDGE ( 'NONE', *, *, #1023, .F. ) ;
#928 = ORIENTED_EDGE ( 'NONE', *, *, #3171, .T. ) ;
#929 = ADVANCED_FACE ( 'NONE', ( #248 ), #1434, .T. ) ;
#930 = VECTOR ( 'NONE', #4006, 1000.000000000000000 ) ;
#931 = CARTESIAN_POINT ( 'NONE',  ( 2.700000000000001100, 0.4000000000000006300, 0.5000000000000000000 ) ) ;
#932 = CARTESIAN_POINT ( 'NONE',  ( -2.659102538727272900, 0.3000000000000006000, 0.5000000000000000000 ) ) ;
#933 = ORIENTED_EDGE ( 'NONE', *, *, #3620, .F. ) ;
#934 = ORIENTED_EDGE ( 'NONE', *, *, #2712, .F. ) ;
#935 = AXIS2_PLACEMENT_3D ( 'NONE', #2113, #3127, #1135 ) ;
#936 = VECTOR ( 'NONE', #3382, 1000.000000000000000 ) ;
#937 = ORIENTED_EDGE ( 'NONE', *, *, #1876, .F. ) ;
#938 = CARTESIAN_POINT ( 'NONE',  ( 4.677060599942876700, 10.39999998904644200, -1.080126934642958100 ) ) ;
#939 = VECTOR ( 'NONE', #4340, 1000.000000000000100 ) ;
#940 = CONICAL_SURFACE ( 'NONE', #2858, 4.995963111706913700, 0.05235987755578760900 ) ;
#941 = DIRECTION ( 'NONE',  ( -1.355252715606880500E-016, -1.000000000000000000, 0.0000000000000000000 ) ) ;
#942 = ORIENTED_EDGE ( 'NONE', *, *, #1558, .F. ) ;
#943 = CARTESIAN_POINT ( 'NONE',  ( -1.506063621301243300, 0.7157007868716133100, -4.747922405438593800 ) ) ;
#944 = DIRECTION ( 'NONE',  ( -1.000000000000000000, -1.936075308009831400E-016, 0.0000000000000000000 ) ) ;
#945 = DIRECTION ( 'NONE',  ( -1.000000000000000000, 0.0000000000000000000, 0.0000000000000000000 ) ) ;
#946 = FACE_OUTER_BOUND ( 'NONE', #1209, .T. ) ;
#947 = ORIENTED_EDGE ( 'NONE', *, *, #863, .T. ) ;
#948 = EDGE_CURVE ( 'NONE', #2566, #88, #3679, .T. ) ;
#949 = CARTESIAN_POINT ( 'NONE',  ( 1.405103543328463300, 0.6000000000000010900, 4.772453146185646300 ) ) ;
#950 = VECTOR ( 'NONE', #394, 1000.000000000000000 ) ;
#951 = CARTESIAN_POINT ( 'NONE',  ( -2.700000000000002800, 4.336808689942017700E-016, 0.5000000000000000000 ) ) ;
#952 = ORIENTED_EDGE ( 'NONE', *, *, #1967, .T. ) ;
#953 = ADVANCED_FACE ( 'NONE', ( #2923 ), #1937, .T. ) ;
#954 = AXIS2_PLACEMENT_3D ( 'NONE', #3908, #3222, #1866 ) ;
#955 = VERTEX_POINT ( 'NONE', #4180 ) ;
#956 = CARTESIAN_POINT ( 'NONE',  ( -1.929890480462742600, 0.3000000000000012100, 0.2323162305268642900 ) ) ;
#957 = FACE_OUTER_BOUND ( 'NONE', #730, .T. ) ;
#958 = EDGE_LOOP ( 'NONE', ( #1760, #2835, #1120, #3281 ) ) ;
#959 = DIRECTION ( 'NONE',  ( -1.000000000000000000, 0.0000000000000000000, 0.0000000000000000000 ) ) ;
#960 = CARTESIAN_POINT ( 'NONE',  ( 4.764697181427349500, 0.8704592857567287100, -1.479732076470724500 ) ) ;
#961 = AXIS2_PLACEMENT_3D ( 'NONE', #2985, #2377, #4023 ) ;
#962 = CARTESIAN_POINT ( 'NONE',  ( -1.460406736614149500, 0.6158609332306487200, -4.756700005592025900 ) ) ;
#963 = ORIENTED_EDGE ( 'NONE', *, *, #3489, .T. ) ;
#964 = LINE ( 'NONE', #3225, #1235 ) ;
#965 = CARTESIAN_POINT ( 'NONE',  ( -4.349999999999999600, 0.3000000000000011500, 0.7053101431738939600 ) ) ;
#966 = AXIS2_PLACEMENT_3D ( 'NONE', #3197, #3896, #1185 ) ;
#967 = EDGE_LOOP ( 'NONE', ( #4094, #1748, #1330, #1383 ) ) ;
#968 = ORIENTED_EDGE ( 'NONE', *, *, #2307, .T. ) ;
#969 = CARTESIAN_POINT ( 'NONE',  ( 4.694476148510029000, 10.39999997170026300, -1.001465314319518900 ) ) ;
#970 = DIRECTION ( 'NONE',  ( 0.9986630005678501800, -0.0000000000000000000, 0.05169343572271271900 ) ) ;
#971 = EDGE_CURVE ( 'NONE', #3713, #2179, #3141, .T. ) ;
#972 = CARTESIAN_POINT ( 'NONE',  ( -2.600000000000001400, 0.4000000000000006300, 0.5000000000000000000 ) ) ;
#973 = ADVANCED_FACE ( 'NONE', ( #3965 ), #3203, .T. ) ;
#974 = CARTESIAN_POINT ( 'NONE',  ( 2.621768483146770900, 10.39999989140743600, 4.021016531993803200 ) ) ;
#975 = FACE_OUTER_BOUND ( 'NONE', #4267, .T. ) ;
#976 = CARTESIAN_POINT ( 'NONE',  ( -1.405103543328805000, 0.6000000000000010900, -4.772453146188055900 ) ) ;
#977 = CARTESIAN_POINT ( 'NONE',  ( 2.629289321881344200, 0.3292893218813458500, 0.5000000000000000000 ) ) ;
#978 = EDGE_CURVE ( 'NONE', #1945, #1042, #1314, .T. ) ;
#979 = DIRECTION ( 'NONE',  ( -0.0000000000000000000, -0.9986295347545739400, -0.05233595624294395300 ) ) ;
#980 = VERTEX_POINT ( 'NONE', #1128 ) ;
#981 = ORIENTED_EDGE ( 'NONE', *, *, #672, .T. ) ;
#982 = AXIS2_PLACEMENT_3D ( 'NONE', #4237, #2187, #3196 ) ;
#983 = FACE_OUTER_BOUND ( 'NONE', #3655, .T. ) ;
#984 = CARTESIAN_POINT ( 'NONE',  ( -2.865723922919968500, 0.6000000000000010900, -5.125000000000000900 ) ) ;
#985 = ORIENTED_EDGE ( 'NONE', *, *, #401, .T. ) ;
#986 = ORIENTED_EDGE ( 'NONE', *, *, #1269, .T. ) ;
#987 = CARTESIAN_POINT ( 'NONE',  ( -4.450000000000001100, 0.3000000000000011500, 0.9000000000000002400 ) ) ;
#988 = DIRECTION ( 'NONE',  ( 0.0000000000000000000, 1.000000000000000000, 0.0000000000000000000 ) ) ;
#989 = CYLINDRICAL_SURFACE ( 'NONE', #1766, 0.1000000000000000500 ) ;
#990 = CARTESIAN_POINT ( 'NONE',  ( -1.500000000000001300, 0.6000000000000010900, -5.125000000000000900 ) ) ;
#991 = VECTOR ( 'NONE', #2704, 1000.000000000000000 ) ;
#992 = AXIS2_PLACEMENT_3D ( 'NONE', #2496, #2801, #1125 ) ;
#993 = ORIENTED_EDGE ( 'NONE', *, *, #1666, .T. ) ;
#994 = CARTESIAN_POINT ( 'NONE',  ( 2.299999999999999800, 0.4000000000000006900, -0.5000000000000008900 ) ) ;
#995 = LINE ( 'NONE', #3990, #1592 ) ;
#996 = ADVANCED_FACE ( 'NONE', ( #2152 ), #3619, .F. ) ;
#997 = FACE_OUTER_BOUND ( 'NONE', #1144, .T. ) ;
#998 = CARTESIAN_POINT ( 'NONE',  ( -4.975000000000002300, 1.164914703891416500, 4.336808689942017700E-016 ) ) ;
#999 = ORIENTED_EDGE ( 'NONE', *, *, #3341, .F. ) ;
#1000 = CARTESIAN_POINT ( 'NONE',  ( -1.734723475976807100E-015, 2.146410161506576000, -4.675000000013658200 ) ) ;
#1001 = EDGE_CURVE ( 'NONE', #1774, #1250, #2310, .T. ) ;
#1002 = VECTOR ( 'NONE', #4263, 1000.000000000000000 ) ;
#1003 = DIRECTION ( 'NONE',  ( -0.0000000000000000000, -0.0000000000000000000, -1.000000000000000000 ) ) ;
#1004 = CARTESIAN_POINT ( 'NONE',  ( -3.100000000000001900, 0.3000000000000012100, 4.336808689942017700E-016 ) ) ;
#1005 = ORIENTED_EDGE ( 'NONE', *, *, #571, .F. ) ;
#1006 = VECTOR ( 'NONE', #1331, 1000.000000000000000 ) ;
#1007 = DIRECTION ( 'NONE',  ( -1.000000000000000000, 0.0000000000000000000, 0.0000000000000000000 ) ) ;
#1008 = EDGE_LOOP ( 'NONE', ( #1067, #2012, #3851, #3917 ) ) ;
#1009 = EDGE_CURVE ( 'NONE', #581, #3408, #1258, .T. ) ;
#1010 = CARTESIAN_POINT ( 'NONE',  ( -1.416580925346224700, 0.6000000000000679200, -4.769073980453618400 ) ) ;
#1011 = ORIENTED_EDGE ( 'NONE', *, *, #2505, .F. ) ;
#1012 = DIRECTION ( 'NONE',  ( -0.05233595624294395300, -0.9986295347545739400, -0.0000000000000000000 ) ) ;
#1013 = EDGE_CURVE ( 'NONE', #3074, #3130, #1395, .T. ) ;
#1014 = CARTESIAN_POINT ( 'NONE',  ( -5.558075425960123700, 0.7000000000000012900, -1.759807621135331500 ) ) ;
#1015 = CARTESIAN_POINT ( 'NONE',  ( -2.600000000000001400, 0.3580639549812399400, -0.5000000000000008900 ) ) ;
#1016 = CARTESIAN_POINT ( 'NONE',  ( -5.150000000000000400, 0.6000000000000010900, 2.899999999999976800 ) ) ;
#1017 = ORIENTED_EDGE ( 'NONE', *, *, #2733, .T. ) ;
#1018 = CARTESIAN_POINT ( 'NONE',  ( 4.649999999999997700, 1.650000000020646700, -4.649999999999987900 ) ) ;
#1019 = CARTESIAN_POINT ( 'NONE',  ( 3.099999999999998800, 0.6000000000000010900, -0.07536880949310333100 ) ) ;
#1020 = DIRECTION ( 'NONE',  ( -1.000000000000000000, 0.0000000000000000000, 0.0000000000000000000 ) ) ;
#1021 = ORIENTED_EDGE ( 'NONE', *, *, #639, .T. ) ;
#1022 = AXIS2_PLACEMENT_3D ( 'NONE', #3317, #1303, #1655 ) ;
#1023 = EDGE_CURVE ( 'NONE', #464, #2728, #2668, .T. ) ;
#1024 = CARTESIAN_POINT ( 'NONE',  ( -1.734723475976807100E-015, 0.6000000000000010900, 5.149999999999986100 ) ) ;
#1025 = DIRECTION ( 'NONE',  ( -1.119571596451702600E-016, 0.0000000000000000000, 1.000000000000000000 ) ) ;
#1026 = DIRECTION ( 'NONE',  ( -1.000000000000000000, 0.0000000000000000000, 0.0000000000000000000 ) ) ;
#1027 = ORIENTED_EDGE ( 'NONE', *, *, #2330, .T. ) ;
#1028 = VERTEX_POINT ( 'NONE', #2500 ) ;
#1029 = EDGE_CURVE ( 'NONE', #229, #354, #3912, .T. ) ;
#1030 = DIRECTION ( 'NONE',  ( 0.0000000000000000000, -1.000000000000000000, -0.0000000000000000000 ) ) ;
#1031 = CARTESIAN_POINT ( 'NONE',  ( -1.734723475976807100E-015, 2.449519052838325700, -1.301042606982605300E-015 ) ) ;
#1032 = PLANE ( 'NONE',  #596 ) ;
#1033 = VERTEX_POINT ( 'NONE', #501 ) ;
#1034 = VERTEX_POINT ( 'NONE', #2850 ) ;
#1035 = EDGE_CURVE ( 'NONE', #1635, #1473, #514, .T. ) ;
#1036 = LINE ( 'NONE', #2751, #146 ) ;
#1037 = ORIENTED_EDGE ( 'NONE', *, *, #4236, .T. ) ;
#1038 = ORIENTED_EDGE ( 'NONE', *, *, #887, .T. ) ;
#1039 = ADVANCED_FACE ( 'NONE', ( #1786 ), #3213, .F. ) ;
#1040 = LINE ( 'NONE', #342, #3797 ) ;
#1041 = DIRECTION ( 'NONE',  ( -0.05233595624294395300, 0.9986295347545739400, 0.0000000000000000000 ) ) ;
#1042 = VERTEX_POINT ( 'NONE', #1538 ) ;
#1043 = VECTOR ( 'NONE', #2643, 1000.000000000000000 ) ;
#1044 = AXIS2_PLACEMENT_3D ( 'NONE', #1031, #2033, #2049 ) ;
#1045 = DIRECTION ( 'NONE',  ( -1.000000000000000000, 0.0000000000000000000, 0.0000000000000000000 ) ) ;
#1046 = CARTESIAN_POINT ( 'NONE',  ( -4.450000000000001100, 0.3000000000000011500, 0.5999999999999994200 ) ) ;
#1047 = CARTESIAN_POINT ( 'NONE',  ( 5.101051398440490400, 1.533994957030049100, 1.548948601559505100 ) ) ;
#1048 = TOROIDAL_SURFACE ( 'NONE', #1537, 4.799999999999997200, 0.2000000000000057300 ) ;
#1049 = ORIENTED_EDGE ( 'NONE', *, *, #1379, .T. ) ;
#1050 = CARTESIAN_POINT ( 'NONE',  ( -2.936245688813569300, 0.6000000000000010900, -0.4362456888135665700 ) ) ;
#1051 = AXIS2_PLACEMENT_3D ( 'NONE', #3439, #3903, #1877 ) ;
#1052 = VERTEX_POINT ( 'NONE', #477 ) ;
#1053 = DIRECTION ( 'NONE',  ( 1.118037262488982100E-016, 0.05233595624294395300, -0.9986295347545739400 ) ) ;
#1054 = CIRCLE ( 'NONE', #3767, 4.475000000000001400 ) ;
#1055 = CARTESIAN_POINT ( 'NONE',  ( 4.782243637177482600, 0.8499999999970452300, 1.418205488149565200 ) ) ;
#1056 = ORIENTED_EDGE ( 'NONE', *, *, #4054, .F. ) ;
#1057 = EDGE_CURVE ( 'NONE', #1169, #1463, #1998, .T. ) ;
#1058 = CARTESIAN_POINT ( 'NONE',  ( 5.499999999999998200, 0.3000000000000001000, -0.5000000000000008900 ) ) ;
#1059 =( BOUNDED_CURVE ( )  B_SPLINE_CURVE ( 3, ( #4264, #2892, #892, #1861 ),
 .UNSPECIFIED., .F., .T. ) 
 B_SPLINE_CURVE_WITH_KNOTS ( ( 4, 4 ),
 ( 1.623156204354731800, 3.141592653589803300 ),
 .UNSPECIFIED. ) 
 CURVE ( )  GEOMETRIC_REPRESENTATION_ITEM ( )  RATIONAL_B_SPLINE_CURVE ( ( 1.000000000000000000, 0.8169162473415241300, 0.8169162473415241300, 1.000000000000000000 ) ) 
 REPRESENTATION_ITEM ( '' )  );
#1060 = CARTESIAN_POINT ( 'NONE',  ( -4.675759248530239300, 1.000000000006640500, -1.759807621135331500 ) ) ;
#1061 = ORIENTED_EDGE ( 'NONE', *, *, #4210, .F. ) ;
#1062 = EDGE_CURVE ( 'NONE', #2534, #3847, #1370, .T. ) ;
#1063 = CARTESIAN_POINT ( 'NONE',  ( -2.267683769473137500, 0.6000000000000010900, -0.5701095195372609700 ) ) ;
#1064 = ORIENTED_EDGE ( 'NONE', *, *, #1612, .F. ) ;
#1065 = CARTESIAN_POINT ( 'NONE',  ( -3.100000000000001900, 0.6000000000000010900, 4.336808689942017700E-016 ) ) ;
#1066 = VECTOR ( 'NONE', #4017, 1000.000000000000000 ) ;
#1067 = ORIENTED_EDGE ( 'NONE', *, *, #1818, .T. ) ;
#1068 = AXIS2_PLACEMENT_3D ( 'NONE', #2778, #2486, #120 ) ;
#1069 = B_SPLINE_CURVE_WITH_KNOTS ( 'NONE', 3,
 ( #210, #1236, #1581, #1996, #2635, #3297 ),
 .UNSPECIFIED., .F., .F.,
 ( 4, 2, 4 ),
 ( 9.868895886125240500E-016, 0.0002326038412352149100, 0.0004652076824694429200 ),
 .UNSPECIFIED. ) ;
#1070 = VECTOR ( 'NONE', #4275, 1000.000000000000000 ) ;
#1071 = ADVANCED_FACE ( 'NONE', ( #304 ), #1686, .F. ) ;
#1072 = ORIENTED_EDGE ( 'NONE', *, *, #3489, .F. ) ;
#1073 = CARTESIAN_POINT ( 'NONE',  ( 2.936245688813565700, 0.6000000000000010900, 0.4362456888135656800 ) ) ;
#1074 = CARTESIAN_POINT ( 'NONE',  ( -4.799999999999998900, 10.19999999999999600, 4.336808689942017700E-016 ) ) ;
#1075 = CARTESIAN_POINT ( 'NONE',  ( -1.734723475976807100E-015, 10.19999999999999900, -4.336808689942017700E-016 ) ) ;
#1076 = CARTESIAN_POINT ( 'NONE',  ( -1.900000000000002400, 0.3000000000000012100, -0.07536880949310245700 ) ) ;
#1077 = PLANE ( 'NONE',  #766 ) ;
#1078 = DIRECTION ( 'NONE',  ( -1.000000000000000000, 0.0000000000000000000, 0.0000000000000000000 ) ) ;
#1079 = LINE ( 'NONE', #1272, #3663 ) ;
#1080 = EDGE_CURVE ( 'NONE', #4325, #4178, #3467, .T. ) ;
#1081 = DIRECTION ( 'NONE',  ( -1.000000000000000000, 0.0000000000000000000, 0.0000000000000000000 ) ) ;
#1082 = DIRECTION ( 'NONE',  ( -0.0000000000000000000, -0.0000000000000000000, -1.000000000000000000 ) ) ;
#1083 = ORIENTED_EDGE ( 'NONE', *, *, #82, .F. ) ;
#1084 = ORIENTED_EDGE ( 'NONE', *, *, #33, .F. ) ;
#1085 = CARTESIAN_POINT ( 'NONE',  ( 5.109277666215085400, 0.3000000000000010400, -1.000000000000000400 ) ) ;
#1086 =( LENGTH_UNIT ( ) NAMED_UNIT ( * ) SI_UNIT ( .MILLI., .METRE. ) );
#1087 = EDGE_CURVE ( 'NONE', #2520, #641, #3079, .T. ) ;
#1088 = EDGE_LOOP ( 'NONE', ( #3025, #2626, #1520, #1005, #3178 ) ) ;
#1089 = ORIENTED_EDGE ( 'NONE', *, *, #3692, .F. ) ;
#1090 = DIRECTION ( 'NONE',  ( 1.000000000000000000, 0.0000000000000000000, 0.0000000000000000000 ) ) ;
#1091 = ADVANCED_FACE ( 'NONE', ( #4270, #50, #4375 ), #1184, .T. ) ;
#1092 = CIRCLE ( 'NONE', #445, 0.4449718317555391700 ) ;
#1093 = ORIENTED_EDGE ( 'NONE', *, *, #1123, .T. ) ;
#1094 = ORIENTED_EDGE ( 'NONE', *, *, #2825, .T. ) ;
#1095 = PLANE ( 'NONE',  #3922 ) ;
#1096 = EDGE_CURVE ( 'NONE', #2196, #902, #1418, .T. ) ;
#1097 = CONICAL_SURFACE ( 'NONE', #1110, 4.900000000020554600, 1.047197551080759400 ) ;
#1098 = VECTOR ( 'NONE', #1140, 1000.000000000000100 ) ;
#1099 = DIRECTION ( 'NONE',  ( 0.0000000000000000000, -1.000000000000000000, 0.0000000000000000000 ) ) ;
#1100 = EDGE_LOOP ( 'NONE', ( #2302, #1064, #262, #1781 ) ) ;
#1101 = CARTESIAN_POINT ( 'NONE',  ( 2.732316230526863300, 0.3000000000000004900, 0.5701095195372600800 ) ) ;
#1102 = AXIS2_PLACEMENT_3D ( 'NONE', #1302, #2676, #3331 ) ;
#1103 = CARTESIAN_POINT ( 'NONE',  ( -1.734723475976807100E-015, 2.146410161495260600, -4.336808689942017700E-016 ) ) ;
#1104 = EDGE_LOOP ( 'NONE', ( #2809, #885, #1840, #194, #3840 ) ) ;
#1105 = ADVANCED_FACE ( 'NONE', ( #3411 ), #3547, .F. ) ;
#1106 = LINE ( 'NONE', #4150, #258 ) ;
#1107 = ORIENTED_EDGE ( 'NONE', *, *, #808, .F. ) ;
#1108 = FILL_AREA_STYLE ('',( #1827 ) ) ;
#1109 = DIRECTION ( 'NONE',  ( 0.0000000000000000000, 0.0000000000000000000, -1.000000000000000000 ) ) ;
#1110 = AXIS2_PLACEMENT_3D ( 'NONE', #2738, #3400, #739 ) ;
#1111 = CARTESIAN_POINT ( 'NONE',  ( 4.449999999999995700, 0.3000000000000011000, 0.9999999999999995600 ) ) ;
#1112 = ORIENTED_EDGE ( 'NONE', *, *, #77, .T. ) ;
#1113 = DIRECTION ( 'NONE',  ( 0.0000000000000000000, -1.000000000000000000, -0.0000000000000000000 ) ) ;
#1114 =( BOUNDED_CURVE ( )  B_SPLINE_CURVE ( 3, ( #4175, #2464, #1456, #2141 ),
 .UNSPECIFIED., .F., .F. ) 
 B_SPLINE_CURVE_WITH_KNOTS ( ( 4, 4 ),
 ( 5.499156671652532000, 7.067213942706636900 ),
 .UNSPECIFIED. ) 
 CURVE ( )  GEOMETRIC_REPRESENTATION_ITEM ( )  RATIONAL_B_SPLINE_CURVE ( ( 1.000000000000000000, 0.8053830134673598500, 0.8053830134673598500, 1.000000000000000000 ) ) 
 REPRESENTATION_ITEM ( '' )  );
#1115 = ADVANCED_FACE ( 'NONE', ( #1199 ), #192, .F. ) ;
#1116 = ORIENTED_EDGE ( 'NONE', *, *, #2410, .T. ) ;
#1117 = EDGE_CURVE ( 'NONE', #3750, #2869, #4139, .T. ) ;
#1118 = CARTESIAN_POINT ( 'NONE',  ( 2.936245688813565700, 0.3000000000000012100, 0.4362456888135656800 ) ) ;
#1119 = VECTOR ( 'NONE', #3523, 1000.000000000000000 ) ;
#1120 = ORIENTED_EDGE ( 'NONE', *, *, #2962, .F. ) ;
#1121 = DIRECTION ( 'NONE',  ( -1.000000000000000000, 0.0000000000000000000, 0.0000000000000000000 ) ) ;
#1122 =( NAMED_UNIT ( * ) PLANE_ANGLE_UNIT ( ) SI_UNIT ( $, .RADIAN. ) );
#1123 = EDGE_CURVE ( 'NONE', #824, #3369, #3464, .T. ) ;
#1124 = FACE_OUTER_BOUND ( 'NONE', #322, .T. ) ;
#1125 = DIRECTION ( 'NONE',  ( 0.0000000000000000000, 0.0000000000000000000, -1.000000000000000000 ) ) ;
#1126 = CARTESIAN_POINT ( 'NONE',  ( -1.405103543328935200, 0.6000000000000010900, -4.336808689942017700E-016 ) ) ;
#1127 = ORIENTED_EDGE ( 'NONE', *, *, #1438, .T. ) ;
#1128 = CARTESIAN_POINT ( 'NONE',  ( 4.782243637177573200, 0.8499999999970452300, -1.418205488149273600 ) ) ;
#1129 = B_SPLINE_CURVE_WITH_KNOTS ( 'NONE', 3,
 ( #3887, #529, #161, #1547, #3937, #1211, #2543, #4213, #2180, #3553, #1899, #2194, #836, #507, #2866, #3221, #1560, #2235, #218, #174, #2896, #2224, #897, #3248, #1243, #4002, #1251, #2928, #1973, #938, #3305, #4316, #2308, #969, #286, #598, #4289, #3664, #3995, #2248, #2911, #3322, #1294, #1661, #3630 ),
 .UNSPECIFIED., .F., .F.,
 ( 4, 2, 2, 2, 2, 2, 2, 2, 1, 1, 1, 1, 1, 2, 2, 2, 2, 1, 1, 2, 2, 2, 1, 1, 2, 2, 4 ),
 ( 0.0000000000000000000, 0.2499999999999701400, 0.3749999999999553100, 0.4374999999999478200, 0.4687499999999440400, 0.4999999999999402700, 0.6249999999999253900, 0.6874999999999181800, 0.7187499999999147300, 0.7343749999999130700, 0.7421874999999121800, 0.7460937499999117400, 0.7480468749999115200, 0.7490234374999115200, 0.7499999999999115200, 0.7812499999999237300, 0.7968749999999298300, 0.8046874999999328300, 0.8085937499999343900, 0.8105468749999351600, 0.8124999999999359400, 0.8437499999999470400, 0.8593749999999525900, 0.8671874999999553700, 0.8710937499999567000, 0.8749999999999579200, 1.000000000000000000 ),
 .UNSPECIFIED. ) ;
#1130 = DIRECTION ( 'NONE',  ( 0.0000000000000000000, -1.000000000000000000, -0.0000000000000000000 ) ) ;
#1131 = FACE_OUTER_BOUND ( 'NONE', #1317, .T. ) ;
#1132 = ADVANCED_FACE ( 'NONE', ( #3905 ), #579, .T. ) ;
#1133 = CARTESIAN_POINT ( 'NONE',  ( -1.734723475976807100E-015, 10.40000000000000200, -4.336808689942017700E-016 ) ) ;
#1134 = ORIENTED_EDGE ( 'NONE', *, *, #4241, .T. ) ;
#1135 = DIRECTION ( 'NONE',  ( -0.9986630005678501800, 0.0000000000000000000, -0.05169343572271271900 ) ) ;
#1136 = DIRECTION ( 'NONE',  ( -0.9986630005678501800, -0.0000000000000000000, 0.05169343572271271900 ) ) ;
#1137 = VERTEX_POINT ( 'NONE', #3241 ) ;
#1138 = VERTEX_POINT ( 'NONE', #536 ) ;
#1139 = EDGE_CURVE ( 'NONE', #1033, #464, #3134, .T. ) ;
#1140 = DIRECTION ( 'NONE',  ( 0.05233595624033541400, -0.9986295347547106100, -0.0000000000000000000 ) ) ;
#1141 = LINE ( 'NONE', #2210, #3023 ) ;
#1142 = CARTESIAN_POINT ( 'NONE',  ( 2.700000000000001100, 0.3000000000000004900, -0.5000000000000008900 ) ) ;
#1143 = ORIENTED_EDGE ( 'NONE', *, *, #1876, .T. ) ;
#1144 = EDGE_LOOP ( 'NONE', ( #2057, #777, #2092, #3240, #603 ) ) ;
#1145 = DIRECTION ( 'NONE',  ( 0.0000000000000000000, 1.000000000000000000, 0.0000000000000000000 ) ) ;
#1146 = EDGE_CURVE ( 'NONE', #3557, #2192, #3357, .T. ) ;
#1147 = PRESENTATION_STYLE_ASSIGNMENT (( #1830 ) ) ;
#1148 = CARTESIAN_POINT ( 'NONE',  ( 1.839717538262106300, 1.650000000010324100, 4.681519278270651600 ) ) ;
#1149 = CIRCLE ( 'NONE', #924, 0.1000000000000002600 ) ;
#1150 = CIRCLE ( 'NONE', #875, 0.4000000000000001900 ) ;
#1151 = CARTESIAN_POINT ( 'NONE',  ( -5.500000000000000000, -1.084202172485504400E-016, -0.5000000000000008900 ) ) ;
#1152 = DIRECTION ( 'NONE',  ( -0.0000000000000000000, -0.0000000000000000000, 1.000000000000000000 ) ) ;
#1153 = LINE ( 'NONE', #3242, #3573 ) ;
#1154 = LINE ( 'NONE', #3680, #2673 ) ;
#1155 = ORIENTED_EDGE ( 'NONE', *, *, #4128, .F. ) ;
#1156 = DIRECTION ( 'NONE',  ( 0.0000000000000000000, 0.0000000000000000000, -1.000000000000000000 ) ) ;
#1157 = VECTOR ( 'NONE', #3214, 1000.000000000000100 ) ;
#1158 = CARTESIAN_POINT ( 'NONE',  ( -1.734723475976807100E-015, -288093.6315778508400, 498999.9999999999400 ) ) ;
#1159 = ORIENTED_EDGE ( 'NONE', *, *, #1773, .F. ) ;
#1160 = ADVANCED_FACE ( 'NONE', ( #2558 ), #3256, .F. ) ;
#1161 = DIRECTION ( 'NONE',  ( 1.000000000000000000, 0.0000000000000000000, 7.669517010585215500E-017 ) ) ;
#1162 = DIRECTION ( 'NONE',  ( 0.0000000000000000000, 1.000000000000000000, 0.0000000000000000000 ) ) ;
#1163 = AXIS2_PLACEMENT_3D ( 'NONE', #1564, #3941, #1231 ) ;
#1164 = LINE ( 'NONE', #1684, #1325 ) ;
#1165 = ORIENTED_EDGE ( 'NONE', *, *, #717, .F. ) ;
#1166 = CARTESIAN_POINT ( 'NONE',  ( 4.735324055317319000, 1.622758234789089000, -1.693214520486918900 ) ) ;
#1167 = DIRECTION ( 'NONE',  ( 1.000000000000000000, 0.0000000000000000000, 0.0000000000000000000 ) ) ;
#1168 = DIRECTION ( 'NONE',  ( 0.0000000000000000000, -1.000000000000000000, 0.0000000000000000000 ) ) ;
#1169 = VERTEX_POINT ( 'NONE', #4297 ) ;
#1170 = DIRECTION ( 'NONE',  ( -2.449293598294705900E-016, 5.693113199849179900E-031, -1.000000000000000000 ) ) ;
#1171 = ORIENTED_EDGE ( 'NONE', *, *, #4107, .T. ) ;
#1172 = CARTESIAN_POINT ( 'NONE',  ( 3.099999999999998800, 0.3000000000000012100, -4.336808689942017700E-016 ) ) ;
#1173 = DIRECTION ( 'NONE',  ( 1.000000000000000000, 0.0000000000000000000, -1.119571596451685300E-016 ) ) ;
#1174 = VECTOR ( 'NONE', #1471, 1000.000000000000000 ) ;
#1175 = EDGE_CURVE ( 'NONE', #4223, #3006, #1309, .T. ) ;
#1176 = CARTESIAN_POINT ( 'NONE',  ( -2.300000000000003400, 0.6000000000000010900, 0.5000000000000000000 ) ) ;
#1177 = EDGE_LOOP ( 'NONE', ( #3594, #3565, #2485, #1525, #4141 ) ) ;
#1178 = EDGE_LOOP ( 'NONE', ( #1829, #2325, #3438, #341 ) ) ;
#1179 = CARTESIAN_POINT ( 'NONE',  ( -1.734723475976807100E-015, 1.000000000000001300, -1.759807621135331500 ) ) ;
#1180 = AXIS2_PLACEMENT_3D ( 'NONE', #1244, #2252, #3543 ) ;
#1181 = DIRECTION ( 'NONE',  ( 0.0000000000000000000, 1.000000000000000000, 0.0000000000000000000 ) ) ;
#1182 = VERTEX_POINT ( 'NONE', #1932 ) ;
#1183 = CARTESIAN_POINT ( 'NONE',  ( 3.913939769960586500, 10.40000000000000000, 2.788438360027408500 ) ) ;
#1184 = PLANE ( 'NONE',  #2118 ) ;
#1185 = DIRECTION ( 'NONE',  ( -1.000000000000000000, 0.0000000000000000000, 5.334096698495038600E-016 ) ) ;
#1186 = AXIS2_PLACEMENT_3D ( 'NONE', #90, #4090, #3072 ) ;
#1187 = ORIENTED_EDGE ( 'NONE', *, *, #2219, .F. ) ;
#1188 = CARTESIAN_POINT ( 'NONE',  ( 4.999999999999997300, 2.449519052838327900, -1.301042606982605300E-015 ) ) ;
#1189 = FACE_OUTER_BOUND ( 'NONE', #4192, .T. ) ;
#1190 = CARTESIAN_POINT ( 'NONE',  ( 4.756700607492288000, 0.9447664043860706200, -1.518068441625274100 ) ) ;
#1191 = CARTESIAN_POINT ( 'NONE',  ( 1.437747346321053300, 0.6048505973669517900, -4.762999012975535100 ) ) ;
#1192 = ORIENTED_EDGE ( 'NONE', *, *, #1029, .F. ) ;
#1193 = CARTESIAN_POINT ( 'NONE',  ( -2.536185405005900100, 1.192622389734054900E-015, -0.6990641003974946700 ) ) ;
#1194 =( GEOMETRIC_REPRESENTATION_CONTEXT ( 3 ) GLOBAL_UNCERTAINTY_ASSIGNED_CONTEXT ( ( #4082 ) ) GLOBAL_UNIT_ASSIGNED_CONTEXT ( ( #1806, #4204, #132 ) ) REPRESENTATION_CONTEXT ( 'NONE', 'WORKASPACE' ) );
#1195 = CARTESIAN_POINT ( 'NONE',  ( -1.734723475976807100E-015, 1.650000000020646700, -4.336808689942017700E-016 ) ) ;
#1196 = DIRECTION ( 'NONE',  ( 1.000000000000000000, -0.0000000000000000000, -0.0000000000000000000 ) ) ;
#1197 = ORIENTED_EDGE ( 'NONE', *, *, #2962, .T. ) ;
#1198 = ORIENTED_EDGE ( 'NONE', *, *, #2081, .T. ) ;
#1199 = FACE_OUTER_BOUND ( 'NONE', #2587, .T. ) ;
#1200 = EDGE_CURVE ( 'NONE', #3204, #2690, #4007, .T. ) ;
#1201 = CARTESIAN_POINT ( 'NONE',  ( 2.499999999999998700, 0.3000000000000011500, -4.336808689942017700E-016 ) ) ;
#1202 = DIRECTION ( 'NONE',  ( 0.0000000000000000000, 1.000000000000000000, 0.0000000000000000000 ) ) ;
#1203 = EDGE_LOOP ( 'NONE', ( #725, #1917, #1985, #1725, #2334, #3879 ) ) ;
#1204 = VERTEX_POINT ( 'NONE', #1889 ) ;
#1205 = LINE ( 'NONE', #2106, #780 ) ;
#1206 = CARTESIAN_POINT ( 'NONE',  ( 2.267683769473134000, 0.6000000000000010900, -0.5701095195372609700 ) ) ;
#1207 = LINE ( 'NONE', #2880, #781 ) ;
#1208 = CARTESIAN_POINT ( 'NONE',  ( 1.499999999999997800, 0.6000000000000010900, -5.125000000000000900 ) ) ;
#1209 = EDGE_LOOP ( 'NONE', ( #420, #1914, #2015, #859, #712 ) ) ;
#1210 = EDGE_CURVE ( 'NONE', #3983, #4373, #2096, .T. ) ;
#1211 = CARTESIAN_POINT ( 'NONE',  ( 3.704947497267318200, 10.40000000000000200, -3.053912790066552600 ) ) ;
#1212 = COLOUR_RGB ( '',0.7921568627450980000, 0.8196078431372548800, 0.9333333333333333500 ) ;
#1213 = CARTESIAN_POINT ( 'NONE',  ( 1.540128677832680600, 1.365700786823222500, 4.772789468536377200 ) ) ;
#1214 = ORIENTED_EDGE ( 'NONE', *, *, #2161, .T. ) ;
#1215 = DIRECTION ( 'NONE',  ( -0.0000000000000000000, -0.0000000000000000000, -1.000000000000000000 ) ) ;
#1216 = CARTESIAN_POINT ( 'NONE',  ( 4.775787147821416700, 1.444260853016947200, 1.544245728720399400 ) ) ;
#1217 = FACE_OUTER_BOUND ( 'NONE', #2098, .T. ) ;
#1218 = AXIS2_PLACEMENT_3D ( 'NONE', #3001, #2005, #2340 ) ;
#1219 = ORIENTED_EDGE ( 'NONE', *, *, #804, .F. ) ;
#1220 = CARTESIAN_POINT ( 'NONE',  ( 2.700000000000001100, 0.0000000000000000000, -0.5000000000000008900 ) ) ;
#1221 = CARTESIAN_POINT ( 'NONE',  ( 2.732316230526863300, 0.3000000000000004900, -0.5701095195372609700 ) ) ;
#1222 = CARTESIAN_POINT ( 'NONE',  ( -1.405103543328806800, 0.6000000000000010900, 4.772453146188054200 ) ) ;
#1223 = CARTESIAN_POINT ( 'NONE',  ( -4.550000000000001600, 0.3000000000000011500, -0.9000000000000010200 ) ) ;
#1224 = ORIENTED_EDGE ( 'NONE', *, *, #2631, .T. ) ;
#1225 = CARTESIAN_POINT ( 'NONE',  ( -1.900000000000002400, 0.3000000000000004900, -0.07536880949310245700 ) ) ;
#1226 = PRESENTATION_LAYER_ASSIGNMENT (  '', '', ( #3860 ) ) ;
#1227 = ORIENTED_EDGE ( 'NONE', *, *, #2212, .T. ) ;
#1228 = DIRECTION ( 'NONE',  ( 1.000000000000000000, 0.0000000000000000000, 0.0000000000000000000 ) ) ;
#1229 = DIRECTION ( 'NONE',  ( 0.0000000000000000000, 0.05233595624294395300, -0.9986295347545739400 ) ) ;
#1230 = VECTOR ( 'NONE', #2435, 1000.000000000000000 ) ;
#1231 = DIRECTION ( 'NONE',  ( -0.05233595624294395300, 0.9986295347545739400, 0.0000000000000000000 ) ) ;
#1232 = ORIENTED_EDGE ( 'NONE', *, *, #2576, .F. ) ;
#1233 = EDGE_CURVE ( 'NONE', #4058, #3557, #1681, .T. ) ;
#1234 = CARTESIAN_POINT ( 'NONE',  ( 3.341011713046282900, 10.39999975137283000, 3.447327268506303900 ) ) ;
#1235 = VECTOR ( 'NONE', #497, 1000.000000000000000 ) ;
#1236 = CARTESIAN_POINT ( 'NONE',  ( -1.510177292418099200, 0.7941943077562838600, 4.750933197510827100 ) ) ;
#1237 = ORIENTED_EDGE ( 'NONE', *, *, #518, .T. ) ;
#1238 = EDGE_CURVE ( 'NONE', #195, #2697, #2664, .T. ) ;
#1239 = DIRECTION ( 'NONE',  ( -0.0000000000000000000, -1.000000000000000000, 0.0000000000000000000 ) ) ;
#1240 = ORIENTED_EDGE ( 'NONE', *, *, #3027, .T. ) ;
#1241 = VERTEX_POINT ( 'NONE', #1951 ) ;
#1242 = DIRECTION ( 'NONE',  ( 1.000000000000000000, 0.0000000000000000000, -5.334096698495042600E-016 ) ) ;
#1243 = CARTESIAN_POINT ( 'NONE',  ( 4.616515584692951500, 10.40000000000000000, -1.314432188105124600 ) ) ;
#1244 = CARTESIAN_POINT ( 'NONE',  ( 5.125000000000000900, 0.6000000000000010900, 5.124999999999999100 ) ) ;
#1245 = EDGE_CURVE ( 'NONE', #3172, #2848, #1991, .T. ) ;
#1246 = CARTESIAN_POINT ( 'NONE',  ( 1.469398447258497800, 0.6234091041400239300, 4.754335028052132400 ) ) ;
#1247 = DIRECTION ( 'NONE',  ( 1.000000000000000000, -0.0000000000000000000, 1.119571596451685300E-016 ) ) ;
#1248 = CARTESIAN_POINT ( 'NONE',  ( 2.732316230526863300, 0.6000000000000010900, -0.5701095195372609700 ) ) ;
#1249 = VERTEX_POINT ( 'NONE', #3272 ) ;
#1250 = VERTEX_POINT ( 'NONE', #1625 ) ;
#1251 = CARTESIAN_POINT ( 'NONE',  ( 4.647208062243306500, 10.39999999968726000, -1.201823559125313900 ) ) ;
#1252 = VECTOR ( 'NONE', #1196, 1000.000000000000000 ) ;
#1253 = ORIENTED_EDGE ( 'NONE', *, *, #1062, .T. ) ;
#1254 = ORIENTED_EDGE ( 'NONE', *, *, #1521, .F. ) ;
#1255 = EDGE_CURVE ( 'NONE', #2378, #1169, #1069, .T. ) ;
#1256 = DIRECTION ( 'NONE',  ( 1.000000000000000000, 0.0000000000000000000, 0.0000000000000000000 ) ) ;
#1257 = CARTESIAN_POINT ( 'NONE',  ( -2.063754311186435200, 0.3000000000000012100, 0.4362456888135665700 ) ) ;
#1258 = CIRCLE ( 'NONE', #1977, 0.4000000000000001900 ) ;
#1259 = VERTEX_POINT ( 'NONE', #949 ) ;
#1260 = CYLINDRICAL_SURFACE ( 'NONE', #961, 0.1000000000000002600 ) ;
#1261 = EDGE_CURVE ( 'NONE', #2770, #3792, #1579, .T. ) ;
#1262 = VECTOR ( 'NONE', #328, 1000.000000000000000 ) ;
#1263 = DIRECTION ( 'NONE',  ( -1.000000000000000000, 0.0000000000000000000, 0.0000000000000000000 ) ) ;
#1264 = FACE_OUTER_BOUND ( 'NONE', #3333, .T. ) ;
#1265 = VERTEX_POINT ( 'NONE', #2952 ) ;
#1266 = CARTESIAN_POINT ( 'NONE',  ( 5.094971831751282200, 1.650000000014515000, -1.839717538261659100 ) ) ;
#1267 = VECTOR ( 'NONE', #454, 1000.000000000000100 ) ;
#1268 = EDGE_LOOP ( 'NONE', ( #1752, #794, #3960, #2744 ) ) ;
#1269 = EDGE_CURVE ( 'NONE', #823, #3172, #2465, .T. ) ;
#1270 = CARTESIAN_POINT ( 'NONE',  ( -2.629289321881347800, 0.3292893218813458500, 0.5000000000000000000 ) ) ;
#1271 = FACE_OUTER_BOUND ( 'NONE', #595, .T. ) ;
#1272 = CARTESIAN_POINT ( 'NONE',  ( -4.450000000000001100, 1.192622389734054900E-015, -4.336808689942017700E-016 ) ) ;
#1273 = VERTEX_POINT ( 'NONE', #1287 ) ;
#1274 = AXIS2_PLACEMENT_3D ( 'NONE', #931, #3957, #2600 ) ;
#1275 = ORIENTED_EDGE ( 'NONE', *, *, #2853, .T. ) ;
#1276 = DIRECTION ( 'NONE',  ( 0.9986630005678501800, -0.0000000000000000000, -0.05169343572271271900 ) ) ;
#1277 = CYLINDRICAL_SURFACE ( 'NONE', #2651, 4.975000000000000500 ) ;
#1278 = EDGE_LOOP ( 'NONE', ( #1377, #4338, #405, #2615 ) ) ;
#1279 = CARTESIAN_POINT ( 'NONE',  ( 4.756700607492145800, 0.9447664043824231000, 1.518068441625082500 ) ) ;
#1280 = VECTOR ( 'NONE', #1152, 1000.000000000000000 ) ;
#1281 = VERTEX_POINT ( 'NONE', #20 ) ;
#1282 = CARTESIAN_POINT ( 'NONE',  ( -1.734723475976807100E-015, 0.6000000000000010900, -4.336808689942017700E-016 ) ) ;
#1283 = VERTEX_POINT ( 'NONE', #4354 ) ;
#1284 = EDGE_CURVE ( 'NONE', #1358, #916, #4222, .T. ) ;
#1285 = DIRECTION ( 'NONE',  ( -1.000000000000000000, 0.0000000000000000000, 0.0000000000000000000 ) ) ;
#1286 = CARTESIAN_POINT ( 'NONE',  ( 3.202340832113651300, 10.39999995472173000, 3.576013232406881800 ) ) ;
#1287 = CARTESIAN_POINT ( 'NONE',  ( -2.840476005742128800, 1.192622389734054900E-015, 5.093555332430175200 ) ) ;
#1288 = CARTESIAN_POINT ( 'NONE',  ( -1.734723475976807100E-015, 1.192622389734054900E-015, 0.9999999999999995600 ) ) ;
#1289 = EDGE_CURVE ( 'NONE', #1436, #2916, #2613, .T. ) ;
#1290 = VERTEX_POINT ( 'NONE', #605 ) ;
#1291 = CARTESIAN_POINT ( 'NONE',  ( -5.129036888286784700, 1.000000000000001300, 1.649999999999999000 ) ) ;
#1292 = ORIENTED_EDGE ( 'NONE', *, *, #1871, .F. ) ;
#1293 = VECTOR ( 'NONE', #1944, 999.9999999999998900 ) ;
#1294 = CARTESIAN_POINT ( 'NONE',  ( 4.784594106186411000, 10.39999988193234500, -0.4468494017560042400 ) ) ;
#1295 = AXIS2_PLACEMENT_3D ( 'NONE', #103, #3836, #1765 ) ;
#1296 = CARTESIAN_POINT ( 'NONE',  ( -1.900000000000002400, 0.6000000000000010900, 4.336808689942017700E-016 ) ) ;
#1297 = EDGE_LOOP ( 'NONE', ( #3907, #2480, #2545, #4065 ) ) ;
#1298 = ORIENTED_EDGE ( 'NONE', *, *, #102, .F. ) ;
#1299 = DIRECTION ( 'NONE',  ( 0.05232366301070680300, 0.9983949659099642400, 0.02167317085207510300 ) ) ;
#1300 = CARTESIAN_POINT ( 'NONE',  ( 4.782243637177573200, 0.8499999999970452300, -1.418205488149273600 ) ) ;
#1301 = PLANE ( 'NONE',  #1705 ) ;
#1302 = CARTESIAN_POINT ( 'NONE',  ( -1.734723475976807100E-015, 2.276313972097887600, -4.336808689942017700E-016 ) ) ;
#1303 = DIRECTION ( 'NONE',  ( -0.0000000000000000000, -1.000000000000000000, 0.0000000000000000000 ) ) ;
#1304 = ORIENTED_EDGE ( 'NONE', *, *, #1403, .T. ) ;
#1305 = EDGE_LOOP ( 'NONE', ( #1093, #2303, #2277, #1808 ) ) ;
#1306 = AXIS2_PLACEMENT_3D ( 'NONE', #2914, #915, #3604 ) ;
#1307 = UNCERTAINTY_MEASURE_WITH_UNIT (LENGTH_MEASURE( 1.000000000000000100E-005 ), #768, 'distance_accuracy_value', 'NONE');
#1308 = CARTESIAN_POINT ( 'NONE',  ( -5.150000000000000400, 0.6000000000000010900, -2.899999999999987500 ) ) ;
#1309 = LINE ( 'NONE', #223, #1832 ) ;
#1310 = VERTEX_POINT ( 'NONE', #1337 ) ;
#1311 = VERTEX_POINT ( 'NONE', #3998 ) ;
#1312 = ADVANCED_FACE ( 'NONE', ( #561 ), #2305, .T. ) ;
#1313 = SHAPE_DEFINITION_REPRESENTATION ( #3275, #3650 ) ;
#1314 = LINE ( 'NONE', #2760, #4014 ) ;
#1315 = EDGE_CURVE ( 'NONE', #2002, #3057, #2360, .T. ) ;
#1316 = CARTESIAN_POINT ( 'NONE',  ( -1.734723475976807100E-015, 1.650000000000001200, 1.839717538261658200 ) ) ;
#1317 = EDGE_LOOP ( 'NONE', ( #2610, #1955, #2556, #564, #31, #1127 ) ) ;
#1318 = PRODUCT_DEFINITION ( 'UNKNOWN', '', #2657, #2150 ) ;
#1319 = CARTESIAN_POINT ( 'NONE',  ( -2.659102538727272900, 0.3000000000000006000, 0.5000000000000000000 ) ) ;
#1320 = FACE_OUTER_BOUND ( 'NONE', #3564, .T. ) ;
#1321 = VERTEX_POINT ( 'NONE', #2963 ) ;
#1322 = EDGE_CURVE ( 'NONE', #3596, #2388, #3789, .T. ) ;
#1323 = DIRECTION ( 'NONE',  ( 1.000000000000000000, 0.0000000000000000000, -2.449293598294670400E-016 ) ) ;
#1324 = CARTESIAN_POINT ( 'NONE',  ( 5.131931558375269400, 0.9447664043757066900, 1.518068441624730300 ) ) ;
#1325 = VECTOR ( 'NONE', #3810, 1000.000000000000000 ) ;
#1326 = ORIENTED_EDGE ( 'NONE', *, *, #2161, .F. ) ;
#1327 = CARTESIAN_POINT ( 'NONE',  ( 2.936245688813565700, 0.3000000000000012100, -0.4362456888135656800 ) ) ;
#1328 = VECTOR ( 'NONE', #2589, 1000.000000000000100 ) ;
#1329 = EDGE_CURVE ( 'NONE', #301, #1536, #1417, .T. ) ;
#1330 = ORIENTED_EDGE ( 'NONE', *, *, #1693, .F. ) ;
#1331 = DIRECTION ( 'NONE',  ( 0.0000000000000000000, -1.000000000000000000, 0.0000000000000000000 ) ) ;
#1332 = DIRECTION ( 'NONE',  ( -1.000000000000000000, 0.0000000000000000000, 0.0000000000000000000 ) ) ;
#1333 = DIRECTION ( 'NONE',  ( -0.9986295347545739400, 0.05233595624294395300, -5.326786504354012800E-016 ) ) ;
#1334 = ORIENTED_EDGE ( 'NONE', *, *, #3485, .T. ) ;
#1335 = DIRECTION ( 'NONE',  ( -1.000000000000000000, 0.0000000000000000000, 0.0000000000000000000 ) ) ;
#1336 = LINE ( 'NONE', #801, #1754 ) ;
#1337 = CARTESIAN_POINT ( 'NONE',  ( 4.344830656427725500, 1.192622389734054900E-015, -0.6054438431171093000 ) ) ;
#1338 = VERTEX_POINT ( 'NONE', #2975 ) ;
#1339 = VECTOR ( 'NONE', #854, 1000.000000000000100 ) ;
#1340 = ORIENTED_EDGE ( 'NONE', *, *, #28, .T. ) ;
#1341 = DIRECTION ( 'NONE',  ( 1.000000000000000000, 0.0000000000000000000, 0.0000000000000000000 ) ) ;
#1342 = CARTESIAN_POINT ( 'NONE',  ( -4.875000000000155400, 1.338119784649607600, 4.336808689942017700E-016 ) ) ;
#1343 = ADVANCED_FACE ( 'NONE', ( #4166 ), #403, .T. ) ;
#1344 = DIRECTION ( 'NONE',  ( 0.0000000000000000000, 0.0000000000000000000, 1.000000000000000000 ) ) ;
#1345 = CARTESIAN_POINT ( 'NONE',  ( -2.834279255350144100, 1.192622389734054900E-015, -5.093555332430177000 ) ) ;
#1346 = EDGE_CURVE ( 'NONE', #1169, #2854, #2971, .T. ) ;
#1347 = CARTESIAN_POINT ( 'NONE',  ( 4.549999999999998900, 0.3000000000000011500, 0.9000000000000002400 ) ) ;
#1348 = CARTESIAN_POINT ( 'NONE',  ( 4.757146473395795100, 0.9133236608709892600, -1.511236913743498000 ) ) ;
#1349 = EDGE_LOOP ( 'NONE', ( #2875, #646, #993, #952, #3022, #4252 ) ) ;
#1350 = CARTESIAN_POINT ( 'NONE',  ( 5.149999999999995000, 0.6000000000000010900, -4.336808689942017700E-016 ) ) ;
#1351 = CARTESIAN_POINT ( 'NONE',  ( -3.100000000000001900, 0.6000000000000010900, -0.07536880949310333100 ) ) ;
#1352 = VECTOR ( 'NONE', #2958, 1000.000000000000000 ) ;
#1353 = CARTESIAN_POINT ( 'NONE',  ( 1.899999999999999000, 0.6000000000000010900, -0.07536880949310333100 ) ) ;
#1354 = EDGE_CURVE ( 'NONE', #3058, #1945, #1092, .T. ) ;
#1355 = VECTOR ( 'NONE', #799, 1000.000000000000000 ) ;
#1356 = PLANE ( 'NONE',  #2557 ) ;
#1357 = DIRECTION ( 'NONE',  ( 0.0000000000000000000, -1.000000000000000000, 0.0000000000000000000 ) ) ;
#1358 = VERTEX_POINT ( 'NONE', #3052 ) ;
#1359 = ORIENTED_EDGE ( 'NONE', *, *, #4046, .T. ) ;
#1360 = DIRECTION ( 'NONE',  ( 1.000000000000000000, 0.0000000000000000000, 0.0000000000000000000 ) ) ;
#1361 = AXIS2_PLACEMENT_3D ( 'NONE', #3153, #1156, #155 ) ;
#1362 = CARTESIAN_POINT ( 'NONE',  ( -1.734723475976807100E-015, 1.164914703891416500, -4.336808689942017700E-016 ) ) ;
#1363 = VECTOR ( 'NONE', #4216, 1000.000000000000100 ) ;
#1364 = CARTESIAN_POINT ( 'NONE',  ( 1.516687177555699200, 0.9184103158727257000, -4.755699159651841900 ) ) ;
#1365 = EDGE_LOOP ( 'NONE', ( #2438, #2153, #3232, #2148 ) ) ;
#1366 = ORIENTED_EDGE ( 'NONE', *, *, #3814, .F. ) ;
#1367 = CARTESIAN_POINT ( 'NONE',  ( 4.756446930858043500, 0.9232814062214279600, -1.515162615656590900 ) ) ;
#1368 = CARTESIAN_POINT ( 'NONE',  ( -2.300000000000003400, 0.3292893218813458500, -0.5000000000000008900 ) ) ;
#1369 = LINE ( 'NONE', #2031, #2766 ) ;
#1370 = LINE ( 'NONE', #463, #884 ) ;
#1371 = AXIS2_PLACEMENT_3D ( 'NONE', #356, #2702, #1696 ) ;
#1372 = ORIENTED_EDGE ( 'NONE', *, *, #3455, .T. ) ;
#1373 = LINE ( 'NONE', #2292, #3623 ) ;
#1374 = DIRECTION ( 'NONE',  ( 0.8660254038020880300, -0.4999999999694304000, -5.560011140645600700E-018 ) ) ;
#1375 = VECTOR ( 'NONE', #78, 1000.000000000000000 ) ;
#1376 = DIRECTION ( 'NONE',  ( -0.0000000000000000000, -0.0000000000000000000, -1.000000000000000000 ) ) ;
#1377 = ORIENTED_EDGE ( 'NONE', *, *, #3716, .F. ) ;
#1378 = DIRECTION ( 'NONE',  ( 0.0000000000000000000, 0.05233595624294395300, -0.9986295347545739400 ) ) ;
#1379 = EDGE_CURVE ( 'NONE', #3000, #824, #2715, .T. ) ;
#1380 = CIRCLE ( 'NONE', #3160, 4.675000000000003400 ) ;
#1381 = CARTESIAN_POINT ( 'NONE',  ( -3.469446951953614200E-015, 1.338119784664002300, -4.874999999980042600 ) ) ;
#1382 = DIRECTION ( 'NONE',  ( -0.0000000000000000000, -0.0000000000000000000, -1.000000000000000000 ) ) ;
#1383 = ORIENTED_EDGE ( 'NONE', *, *, #133, .F. ) ;
#1384 = CARTESIAN_POINT ( 'NONE',  ( 1.839717538261655100, 1.650000000014515000, 5.094971831751272400 ) ) ;
#1385 = VECTOR ( 'NONE', #1735, 1000.000000000000000 ) ;
#1386 = ORIENTED_EDGE ( 'NONE', *, *, #1255, .F. ) ;
#1387 = EDGE_CURVE ( 'NONE', #150, #3292, #1728, .T. ) ;
#1388 = DIRECTION ( 'NONE',  ( 0.0000000000000000000, 1.000000000000000000, 0.0000000000000000000 ) ) ;
#1389 = CARTESIAN_POINT ( 'NONE',  ( 4.449999999999995700, 0.3000000000000011500, -1.000000000000000400 ) ) ;
#1390 = CARTESIAN_POINT ( 'NONE',  ( 2.536185405005900100, 1.192622389734054900E-015, -0.6990641003974955600 ) ) ;
#1391 = AXIS2_PLACEMENT_3D ( 'NONE', #2444, #1799, #404 ) ;
#1392 = VECTOR ( 'NONE', #3904, 1000.000000000000000 ) ;
#1393 = DIRECTION ( 'NONE',  ( 1.000000000000000000, -0.0000000000000000000, -0.0000000000000000000 ) ) ;
#1394 = EDGE_LOOP ( 'NONE', ( #2130, #3300 ) ) ;
#1395 =( BOUNDED_CURVE ( )  B_SPLINE_CURVE ( 3, ( #1478, #760, #2471, #444 ),
 .UNSPECIFIED., .F., .T. ) 
 B_SPLINE_CURVE_WITH_KNOTS ( ( 4, 4 ),
 ( 4.764748857944328900, 6.283185307179586200 ),
 .UNSPECIFIED. ) 
 CURVE ( )  GEOMETRIC_REPRESENTATION_ITEM ( )  RATIONAL_B_SPLINE_CURVE ( ( 1.000000000000000000, 0.8169162473414812700, 0.8169162473414812700, 1.000000000000000000 ) ) 
 REPRESENTATION_ITEM ( '' )  );
#1396 = PLANE ( 'NONE',  #4309 ) ;
#1397 = LINE ( 'NONE', #1457, #1174 ) ;
#1398 = CARTESIAN_POINT ( 'NONE',  ( 5.109277666215085400, 0.3000000000000011500, -5.125000000000000900 ) ) ;
#1399 = ORIENTED_EDGE ( 'NONE', *, *, #3193, .F. ) ;
#1400 = AXIS2_PLACEMENT_3D ( 'NONE', #912, #3600, #3646 ) ;
#1401 = CARTESIAN_POINT ( 'NONE',  ( -2.936245688813569300, 0.3000000000000012100, -0.4362456888135665700 ) ) ;
#1402 = CARTESIAN_POINT ( 'NONE',  ( -1.734723475976807100E-015, 10.19999999999999600, -4.336808689942017700E-016 ) ) ;
#1403 = EDGE_CURVE ( 'NONE', #1290, #3642, #3302, .T. ) ;
#1404 = CARTESIAN_POINT ( 'NONE',  ( -5.129036888286784700, 1.000000000000001300, -4.336808689942017700E-016 ) ) ;
#1405 = CARTESIAN_POINT ( 'NONE',  ( -3.469446951953614200E-015, 1.453589838474600900, -4.675000000015144200 ) ) ;
#1406 = CARTESIAN_POINT ( 'NONE',  ( 3.099999999999998800, 0.3000000000000004900, 0.07536880949310333100 ) ) ;
#1407 = EDGE_CURVE ( 'NONE', #1729, #424, #299, .T. ) ;
#1408 = CARTESIAN_POINT ( 'NONE',  ( -3.070109519537261600, 0.6000000000000010900, -0.2323162305268642900 ) ) ;
#1409 = ADVANCED_FACE ( 'NONE', ( #191 ), #692, .F. ) ;
#1410 = CARTESIAN_POINT ( 'NONE',  ( -1.734723475976807100E-015, 0.8000000000000013800, -4.336808689942017700E-016 ) ) ;
#1411 = ORIENTED_EDGE ( 'NONE', *, *, #1329, .F. ) ;
#1412 = EDGE_LOOP ( 'NONE', ( #2519, #1902, #4271, #1921, #1116, #2579, #1767, #3675, #3487, #2412, #344, #1826 ) ) ;
#1413 = CARTESIAN_POINT ( 'NONE',  ( -1.929890480462742600, 0.6000000000000010900, 0.2323162305268642900 ) ) ;
#1414 = EDGE_CURVE ( 'NONE', #2570, #4153, #1634, .T. ) ;
#1415 = ORIENTED_EDGE ( 'NONE', *, *, #2942, .F. ) ;
#1416 = CARTESIAN_POINT ( 'NONE',  ( 1.504966496803969500, 0.6947664043757071400, -5.129966496803970900 ) ) ;
#1417 = B_SPLINE_CURVE_WITH_KNOTS ( 'NONE', 3,
 ( #2661, #1353, #4030, #4059, #3688, #2021, #654, #2617, #2316, #1019, #2402 ),
 .UNSPECIFIED., .F., .F.,
 ( 4, 1, 1, 1, 1, 1, 1, 1, 4 ),
 ( 0.0000000000000000000, 0.0002251817512027473000, 0.0004689167223527826200, 0.0007126516935028178000, 0.0009378334447055653500, 0.001163015195908312500, 0.001406750167058348100, 0.001650485138208383900, 0.001875666889411130900 ),
 .UNSPECIFIED. ) ;
#1418 = LINE ( 'NONE', #4206, #4327 ) ;
#1419 = CARTESIAN_POINT ( 'NONE',  ( 1.899999999999999000, 0.6000000000000010900, 0.07536880949310245700 ) ) ;
#1420 = VERTEX_POINT ( 'NONE', #34 ) ;
#1421 = ORIENTED_EDGE ( 'NONE', *, *, #1699, .T. ) ;
#1422 = DIRECTION ( 'NONE',  ( 0.0000000000000000000, 0.0000000000000000000, 1.000000000000000000 ) ) ;
#1423 = CARTESIAN_POINT ( 'NONE',  ( -5.558075425960123700, 1.000000000000001300, 1.759807621135330600 ) ) ;
#1424 = FACE_OUTER_BOUND ( 'NONE', #1599, .T. ) ;
#1425 = ADVANCED_FACE ( 'NONE', ( #1472 ), #58, .T. ) ;
#1426 = DIRECTION ( 'NONE',  ( 1.000000000000000000, 0.0000000000000000000, 0.0000000000000000000 ) ) ;
#1427 = CIRCLE ( 'NONE', #700, 4.475000000000001400 ) ;
#1428 = ORIENTED_EDGE ( 'NONE', *, *, #1013, .T. ) ;
#1429 = CARTESIAN_POINT ( 'NONE',  ( -1.900000000000002400, 0.6000000000000010900, 4.336808689942017700E-016 ) ) ;
#1430 = DIRECTION ( 'NONE',  ( 0.0000000000000000000, 1.000000000000000000, 0.0000000000000000000 ) ) ;
#1431 = PRODUCT_RELATED_PRODUCT_CATEGORY ( 'part', '', ( #721 ) ) ;
#1432 = VECTOR ( 'NONE', #3403, 1000.000000000000000 ) ;
#1433 = EDGE_LOOP ( 'NONE', ( #2182, #5, #365, #499 ) ) ;
#1434 = PLANE ( 'NONE',  #4334 ) ;
#1435 = FACE_OUTER_BOUND ( 'NONE', #2445, .T. ) ;
#1436 = VERTEX_POINT ( 'NONE', #2394 ) ;
#1437 = ADVANCED_FACE ( 'NONE', ( #1530 ), #2700, .T. ) ;
#1438 = EDGE_CURVE ( 'NONE', #2388, #2416, #2409, .T. ) ;
#1439 = CARTESIAN_POINT ( 'NONE',  ( -2.536185405005900100, 1.192622389734054900E-015, 0.6990641003974946700 ) ) ;
#1440 = VECTOR ( 'NONE', #645, 1000.000000000000000 ) ;
#1441 = ORIENTED_EDGE ( 'NONE', *, *, #118, .F. ) ;
#1442 = CARTESIAN_POINT ( 'NONE',  ( -1.800000000000002900, 1.192622389734054900E-015, -4.336808689942017700E-016 ) ) ;
#1443 = EDGE_CURVE ( 'NONE', #3674, #10, #826, .T. ) ;
#1444 = CARTESIAN_POINT ( 'NONE',  ( 4.775000000000001200, 0.6000000000000020900, -1.301042606982605300E-015 ) ) ;
#1445 = ORIENTED_EDGE ( 'NONE', *, *, #1824, .T. ) ;
#1446 = CARTESIAN_POINT ( 'NONE',  ( -2.843896697964533700, 0.1835117371115451100, -5.103172775044566100 ) ) ;
#1447 = VECTOR ( 'NONE', #3335, 1000.000000000000000 ) ;
#1448 = VERTEX_POINT ( 'NONE', #2462 ) ;
#1449 = B_SPLINE_CURVE_WITH_KNOTS ( 'NONE', 3,
 ( #812, #3816, #1516, #3490, #152, #2521 ),
 .UNSPECIFIED., .F., .F.,
 ( 4, 2, 4 ),
 ( 8.361237813737159500E-016, 0.0002326578892660111100, 0.0004653157785311860800 ),
 .UNSPECIFIED. ) ;
#1450 = LINE ( 'NONE', #865, #2792 ) ;
#1451 = CARTESIAN_POINT ( 'NONE',  ( 1.504966496803969500, 0.6947664043757256800, -4.747119353123736100 ) ) ;
#1452 = ORIENTED_EDGE ( 'NONE', *, *, #1743, .T. ) ;
#1453 = AXIS2_PLACEMENT_3D ( 'NONE', #3349, #627, #640 ) ;
#1454 = CARTESIAN_POINT ( 'NONE',  ( 4.768432265128149400, 1.519212876957496200, -1.580435469591007200 ) ) ;
#1455 = ADVANCED_FACE ( 'NONE', ( #508 ), #1770, .F. ) ;
#1456 = CARTESIAN_POINT ( 'NONE',  ( 4.886898061281785400, 1.192622389734054900E-015, -5.093555332430177000 ) ) ;
#1457 = CARTESIAN_POINT ( 'NONE',  ( 1.839717538261658600, 1.650000000000001200, 4.336808689942017700E-016 ) ) ;
#1458 = DIRECTION ( 'NONE',  ( -1.224646799147354700E-016, 0.0000000000000000000, -1.000000000000000000 ) ) ;
#1459 = CIRCLE ( 'NONE', #727, 4.775000000000000400 ) ;
#1460 = EDGE_CURVE ( 'NONE', #3204, #373, #121, .T. ) ;
#1461 = CARTESIAN_POINT ( 'NONE',  ( 1.461278585991197400, 0.6000000000000017500, -5.124999999999999100 ) ) ;
#1462 = ORIENTED_EDGE ( 'NONE', *, *, #3234, .T. ) ;
#1463 = VERTEX_POINT ( 'NONE', #3801 ) ;
#1464 = CARTESIAN_POINT ( 'NONE',  ( 4.549999999999998900, 0.3000000000000011500, 1.000000000000000400 ) ) ;
#1465 = EDGE_CURVE ( 'NONE', #3292, #1138, #3673, .T. ) ;
#1466 = ORIENTED_EDGE ( 'NONE', *, *, #3431, .F. ) ;
#1467 = EDGE_LOOP ( 'NONE', ( #3708, #741, #1618, #1192 ) ) ;
#1468 = CARTESIAN_POINT ( 'NONE',  ( 5.125000000000000900, 0.6000000000000010900, 5.124999999999999100 ) ) ;
#1469 = DIRECTION ( 'NONE',  ( 0.0000000000000000000, 0.0000000000000000000, 1.000000000000000000 ) ) ;
#1470 = DIRECTION ( 'NONE',  ( 0.0000000000000000000, 1.000000000000000000, 0.0000000000000000000 ) ) ;
#1471 = DIRECTION ( 'NONE',  ( 5.334096698495038600E-016, -0.0000000000000000000, -1.000000000000000000 ) ) ;
#1472 = FACE_OUTER_BOUND ( 'NONE', #2208, .T. ) ;
#1473 = VERTEX_POINT ( 'NONE', #426 ) ;
#1474 = VERTEX_POINT ( 'NONE', #4174 ) ;
#1475 = EDGE_CURVE ( 'NONE', #1879, #3106, #724, .T. ) ;
#1476 = VECTOR ( 'NONE', #3795, 1000.000000000000000 ) ;
#1477 = LINE ( 'NONE', #2694, #3030 ) ;
#1478 = CARTESIAN_POINT ( 'NONE',  ( 1.540128677835282700, 1.365700786872830400, -5.109871322164704700 ) ) ;
#1479 = ORIENTED_EDGE ( 'NONE', *, *, #1407, .T. ) ;
#1480 = FACE_OUTER_BOUND ( 'NONE', #656, .T. ) ;
#1481 = ADVANCED_FACE ( 'NONE', ( #983 ), #2822, .T. ) ;
#1482 = FACE_OUTER_BOUND ( 'NONE', #1649, .T. ) ;
#1483 = AXIS2_PLACEMENT_3D ( 'NONE', #498, #1170, #846 ) ;
#1484 = ORIENTED_EDGE ( 'NONE', *, *, #2771, .F. ) ;
#1485 = CARTESIAN_POINT ( 'NONE',  ( -2.600000000000001400, 0.4000000000000006300, -0.5000000000000008900 ) ) ;
#1486 = VECTOR ( 'NONE', #2851, 1000.000000000000000 ) ;
#1487 = DIRECTION ( 'NONE',  ( -0.0000000000000000000, -0.0000000000000000000, 1.000000000000000000 ) ) ;
#1488 = EDGE_LOOP ( 'NONE', ( #2381, #256, #1049, #413 ) ) ;
#1489 = DIRECTION ( 'NONE',  ( 0.0000000000000000000, -1.000000000000000000, 0.0000000000000000000 ) ) ;
#1490 = PLANE ( 'NONE',  #3798 ) ;
#1491 = EDGE_CURVE ( 'NONE', #2916, #2679, #97, .T. ) ;
#1492 = FACE_OUTER_BOUND ( 'NONE', #4356, .T. ) ;
#1493 = ORIENTED_EDGE ( 'NONE', *, *, #690, .T. ) ;
#1494 = DIRECTION ( 'NONE',  ( -1.000000000000000000, 0.0000000000000000000, 0.0000000000000000000 ) ) ;
#1495 = CARTESIAN_POINT ( 'NONE',  ( -1.734723475976807100E-015, 1.350000000000001400, -1.839717538261658200 ) ) ;
#1496 = EDGE_CURVE ( 'NONE', #2142, #2030, #2256, .T. ) ;
#1497 = DIRECTION ( 'NONE',  ( 1.000000000000000000, -1.355252715606880500E-016, 0.0000000000000000000 ) ) ;
#1498 = LINE ( 'NONE', #32, #2687 ) ;
#1499 = ORIENTED_EDGE ( 'NONE', *, *, #1238, .T. ) ;
#1500 = CARTESIAN_POINT ( 'NONE',  ( 5.131931558375269400, 0.9447664043757066900, 1.518068441624730300 ) ) ;
#1501 = EDGE_CURVE ( 'NONE', #1265, #3041, #4322, .T. ) ;
#1502 = DIRECTION ( 'NONE',  ( -0.7071067811865486800, 0.0000000000000000000, 0.7071067811865463500 ) ) ;
#1503 = LINE ( 'NONE', #4203, #1280 ) ;
#1504 = ADVANCED_FACE ( 'NONE', ( #1878 ), #881, .T. ) ;
#1505 = DIRECTION ( 'NONE',  ( -1.000000000000000000, 0.0000000000000000000, 0.0000000000000000000 ) ) ;
#1506 = DIRECTION ( 'NONE',  ( -5.334096698495038600E-016, 0.0000000000000000000, 1.000000000000000000 ) ) ;
#1507 = ORIENTED_EDGE ( 'NONE', *, *, #154, .T. ) ;
#1508 = PLANE ( 'NONE',  #3640 ) ;
#1509 = EDGE_LOOP ( 'NONE', ( #1227, #3245, #3953, #816 ) ) ;
#1510 = CARTESIAN_POINT ( 'NONE',  ( -1.734723475976807100E-015, 0.8500000000000012000, -4.336808689942017700E-016 ) ) ;
#1511 = AXIS2_PLACEMENT_3D ( 'NONE', #3421, #338, #2382 ) ;
#1512 = CARTESIAN_POINT ( 'NONE',  ( -5.093555332430178800, 1.192622389734054900E-015, -4.336808689942017700E-016 ) ) ;
#1513 = CARTESIAN_POINT ( 'NONE',  ( 1.412471966412990800, 0.5999999999997266400, -4.770283738321867700 ) ) ;
#1514 = ORIENTED_EDGE ( 'NONE', *, *, #1087, .F. ) ;
#1515 = DIRECTION ( 'NONE',  ( -0.9986630005678501800, 0.0000000000000000000, 0.05169343572271267000 ) ) ;
#1516 = CARTESIAN_POINT ( 'NONE',  ( -1.659014419315549800, 0.9726801967248150900, -4.711310472379958400 ) ) ;
#1517 = CARTESIAN_POINT ( 'NONE',  ( 5.124999999999997300, 0.6000000000000010900, -5.125000000000000900 ) ) ;
#1518 = DIRECTION ( 'NONE',  ( -0.0000000000000000000, -1.000000000000000000, -0.0000000000000000000 ) ) ;
#1519 = DIRECTION ( 'NONE',  ( 0.05233595624294395300, 0.9986295347545739400, 0.0000000000000000000 ) ) ;
#1520 = ORIENTED_EDGE ( 'NONE', *, *, #2795, .T. ) ;
#1521 = EDGE_CURVE ( 'NONE', #2810, #3584, #2037, .T. ) ;
#1522 = DIRECTION ( 'NONE',  ( -0.0000000000000000000, -0.4999999999408718500, 0.8660254038185764000 ) ) ;
#1523 = LINE ( 'NONE', #3682, #3502 ) ;
#1524 = DIRECTION ( 'NONE',  ( -7.669517010585197000E-017, 2.224148263675920200E-030, 1.000000000000000000 ) ) ;
#1525 = ORIENTED_EDGE ( 'NONE', *, *, #1715, .T. ) ;
#1526 = ORIENTED_EDGE ( 'NONE', *, *, #3511, .F. ) ;
#1527 = CARTESIAN_POINT ( 'NONE',  ( 1.466593296961216500, 0.6204298852822693900, -4.755046896411822200 ) ) ;
#1528 = EDGE_CURVE ( 'NONE', #1241, #2840, #822, .T. ) ;
#1529 = CARTESIAN_POINT ( 'NONE',  ( -5.125029933781891400, 0.6000000000000009800, 2.865693906809788900 ) ) ;
#1530 = FACE_OUTER_BOUND ( 'NONE', #1268, .T. ) ;
#1531 = ORIENTED_EDGE ( 'NONE', *, *, #3871, .T. ) ;
#1532 = ORIENTED_EDGE ( 'NONE', *, *, #694, .F. ) ;
#1533 = CARTESIAN_POINT ( 'NONE',  ( -2.500000000000002200, 1.192622389734054900E-015, -4.336808689942017700E-016 ) ) ;
#1534 = LINE ( 'NONE', #1111, #2309 ) ;
#1535 = CIRCLE ( 'NONE', #2055, 4.800000000000000700 ) ;
#1536 = VERTEX_POINT ( 'NONE', #3223 ) ;
#1537 = AXIS2_PLACEMENT_3D ( 'NONE', #3387, #663, #1360 ) ;
#1538 = CARTESIAN_POINT ( 'NONE',  ( 4.649999999999994100, 0.6000000000142119400, 5.150000000001292700 ) ) ;
#1539 = LINE ( 'NONE', #1817, #3861 ) ;
#1540 = CARTESIAN_POINT ( 'NONE',  ( -1.504405256483492700, 0.6840573011061953400, 4.746708512367549200 ) ) ;
#1541 = CARTESIAN_POINT ( 'NONE',  ( -2.700000000000002800, 0.4000000000000006300, -0.5000000000000008900 ) ) ;
#1542 = VERTEX_POINT ( 'NONE', #482 ) ;
#1543 = DIRECTION ( 'NONE',  ( 0.0000000000000000000, 0.0000000000000000000, 1.000000000000000000 ) ) ;
#1544 = VECTOR ( 'NONE', #2578, 1000.000000000000000 ) ;
#1545 = ORIENTED_EDGE ( 'NONE', *, *, #773, .F. ) ;
#1546 = CARTESIAN_POINT ( 'NONE',  ( 2.499999999999998700, 0.3000000000000011500, -4.336808689942017700E-016 ) ) ;
#1547 = CARTESIAN_POINT ( 'NONE',  ( 3.319385553458543000, 10.40000000000000200, -3.474731168716301200 ) ) ;
#1548 = LINE ( 'NONE', #2655, #1440 ) ;
#1549 = CARTESIAN_POINT ( 'NONE',  ( 4.975000000000000500, 0.8000000000000013800, -1.301042606982605300E-015 ) ) ;
#1550 = DIRECTION ( 'NONE',  ( -1.000000000000000000, 0.0000000000000000000, -8.881784197001252300E-016 ) ) ;
#1551 = CARTESIAN_POINT ( 'NONE',  ( 4.349999999999999600, 0.3000000000000011500, 0.7053101431738939600 ) ) ;
#1552 = ORIENTED_EDGE ( 'NONE', *, *, #2186, .T. ) ;
#1553 = EDGE_CURVE ( 'NONE', #433, #3818, #3852, .T. ) ;
#1554 = AXIS2_PLACEMENT_3D ( 'NONE', #2080, #1458, #1730 ) ;
#1555 = CARTESIAN_POINT ( 'NONE',  ( 4.100568011163653100, 10.40000000000000200, 2.495715690444569200 ) ) ;
#1556 = EDGE_LOOP ( 'NONE', ( #2921, #3866, #1552, #4004 ) ) ;
#1557 = VECTOR ( 'NONE', #3832, 1000.000000000000000 ) ;
#1558 = EDGE_CURVE ( 'NONE', #2436, #3304, #2085, .T. ) ;
#1559 = FACE_OUTER_BOUND ( 'NONE', #2197, .T. ) ;
#1560 = CARTESIAN_POINT ( 'NONE',  ( 4.554479210000672600, 10.39999984927443700, -1.518260650161915600 ) ) ;
#1561 = ORIENTED_EDGE ( 'NONE', *, *, #1638, .F. ) ;
#1562 = DIRECTION ( 'NONE',  ( -1.000000000000000000, 0.0000000000000000000, 0.0000000000000000000 ) ) ;
#1563 = EDGE_CURVE ( 'NONE', #2179, #769, #2406, .T. ) ;
#1564 = CARTESIAN_POINT ( 'NONE',  ( -1.500000000000004900, 0.6000000000000010900, 4.336808689942017700E-016 ) ) ;
#1565 = CARTESIAN_POINT ( 'NONE',  ( -4.550000000000001600, 1.192622389734054900E-015, -0.9000000000000010200 ) ) ;
#1566 = PRESENTATION_LAYER_ASSIGNMENT (  '', '', ( #591 ) ) ;
#1567 = ORIENTED_EDGE ( 'NONE', *, *, #3424, .F. ) ;
#1568 = CARTESIAN_POINT ( 'NONE',  ( -5.129036888286784700, 1.000000000000001300, -1.649999999999999900 ) ) ;
#1569 = CONICAL_SURFACE ( 'NONE', #3994, 5.030028168249600600, 0.05235987756282173300 ) ;
#1570 = DIRECTION ( 'NONE',  ( 1.000000000000000000, 0.0000000000000000000, 0.0000000000000000000 ) ) ;
#1571 = CARTESIAN_POINT ( 'NONE',  ( -2.063754311186435200, 0.3000000000000004900, -0.4362456888135656800 ) ) ;
#1572 = SURFACE_STYLE_FILL_AREA ( #1768 ) ;
#1573 = MECHANICAL_DESIGN_GEOMETRIC_PRESENTATION_REPRESENTATION (  '', ( #2544 ), #1659 ) ;
#1574 = PLANE ( 'NONE',  #493 ) ;
#1575 = CARTESIAN_POINT ( 'NONE',  ( 4.449999999999995700, 1.192622389734054900E-015, -0.7053101431738948400 ) ) ;
#1576 = DIRECTION ( 'NONE',  ( 0.0000000000000000000, -1.000000000000000000, 0.0000000000000000000 ) ) ;
#1577 = ORIENTED_EDGE ( 'NONE', *, *, #3567, .T. ) ;
#1578 = ORIENTED_EDGE ( 'NONE', *, *, #2879, .T. ) ;
#1579 = LINE ( 'NONE', #3562, #673 ) ;
#1580 = EDGE_CURVE ( 'NONE', #4050, #1283, #3736, .T. ) ;
#1581 = CARTESIAN_POINT ( 'NONE',  ( -1.546589098687082700, 0.8692702777810283900, 4.743698107364227000 ) ) ;
#1582 = ORIENTED_EDGE ( 'NONE', *, *, #3383, .F. ) ;
#1583 = VERTEX_POINT ( 'NONE', #2547 ) ;
#1584 = CARTESIAN_POINT ( 'NONE',  ( -5.500000000000000000, 0.3000000000000001000, -0.5000000000000008900 ) ) ;
#1585 = CIRCLE ( 'NONE', #3586, 0.1000000000000002600 ) ;
#1586 = CARTESIAN_POINT ( 'NONE',  ( -1.734723475976807100E-015, 0.9999999998427494500, -4.336808689942017700E-016 ) ) ;
#1587 = CYLINDRICAL_SURFACE ( 'NONE', #761, 0.3000000000000003800 ) ;
#1588 = ORIENTED_EDGE ( 'NONE', *, *, #181, .F. ) ;
#1589 = UNCERTAINTY_MEASURE_WITH_UNIT (LENGTH_MEASURE( 1.000000000000000100E-005 ), #1086, 'distance_accuracy_value', 'NONE');
#1590 = EDGE_CURVE ( 'NONE', #1814, #1273, #1141, .T. ) ;
#1591 = DIRECTION ( 'NONE',  ( 0.0000000000000000000, 1.000000000000000000, 0.0000000000000000000 ) ) ;
#1592 = VECTOR ( 'NONE', #2572, 1000.000000000000000 ) ;
#1593 = VECTOR ( 'NONE', #3107, 1000.000000000000000 ) ;
#1594 = CARTESIAN_POINT ( 'NONE',  ( -4.775000000000001200, 1.164914703891416500, 4.336808689942017700E-016 ) ) ;
#1595 = ORIENTED_EDGE ( 'NONE', *, *, #4016, .F. ) ;
#1596 = CARTESIAN_POINT ( 'NONE',  ( -2.936245688813569300, 0.3000000000000012100, 0.4362456888135665700 ) ) ;
#1597 = CARTESIAN_POINT ( 'NONE',  ( 1.497155570004631300, 0.6593972872730928800, 4.747648366523209000 ) ) ;
#1598 = CONICAL_SURFACE ( 'NONE', #3833, 0.5000000000004324300, 0.05235987755944746000 ) ;
#1599 = EDGE_LOOP ( 'NONE', ( #1969, #2311, #3359, #3338 ) ) ;
#1600 = CARTESIAN_POINT ( 'NONE',  ( -4.349999999999999600, 1.192622389734054900E-015, -0.7053101431738948400 ) ) ;
#1601 = CARTESIAN_POINT ( 'NONE',  ( -2.700000000000002800, 0.3000000000000004900, 0.5000000000000000000 ) ) ;
#1602 = DIRECTION ( 'NONE',  ( 0.0000000000000000000, 0.9986295347545739400, -0.05233595624294395300 ) ) ;
#1603 = EDGE_LOOP ( 'NONE', ( #3423, #2393, #3054 ) ) ;
#1604 = CARTESIAN_POINT ( 'NONE',  ( 4.886898061281790700, 1.192622389734054900E-015, 5.093555332430175200 ) ) ;
#1605 = AXIS2_PLACEMENT_3D ( 'NONE', #49, #1357, #3486 ) ;
#1606 = PLANE ( 'NONE',  #3551 ) ;
#1607 = EDGE_LOOP ( 'NONE', ( #329, #3276, #2630, #2356 ) ) ;
#1608 = DIRECTION ( 'NONE',  ( 0.0000000000000000000, 1.000000000000000000, 0.0000000000000000000 ) ) ;
#1609 = CARTESIAN_POINT ( 'NONE',  ( -5.558075425960123700, 0.8500000000000013100, -1.500000000000000000 ) ) ;
#1610 = LINE ( 'NONE', #411, #2062 ) ;
#1611 = CARTESIAN_POINT ( 'NONE',  ( 1.504966496803966000, 0.6947664043756822700, 4.747119353123736100 ) ) ;
#1612 = EDGE_CURVE ( 'NONE', #769, #3987, #2147, .T. ) ;
#1613 = ADVANCED_FACE ( 'NONE', ( #3614 ), #869, .F. ) ;
#1614 = VECTOR ( 'NONE', #3018, 1000.000000000000000 ) ;
#1615 = CARTESIAN_POINT ( 'NONE',  ( -2.834279255350144100, 1.192622389734054900E-015, -5.093555332430177000 ) ) ;
#1616 = VERTEX_POINT ( 'NONE', #3940 ) ;
#1617 = EDGE_CURVE ( 'NONE', #4078, #3183, #2044, .T. ) ;
#1618 = ORIENTED_EDGE ( 'NONE', *, *, #3287, .F. ) ;
#1619 = ORIENTED_EDGE ( 'NONE', *, *, #1460, .F. ) ;
#1620 = DIRECTION ( 'NONE',  ( -1.000000000000000000, 0.0000000000000000000, 0.0000000000000000000 ) ) ;
#1621 = DIRECTION ( 'NONE',  ( -0.05233595624294395300, -0.9986295347545739400, 0.0000000000000000000 ) ) ;
#1622 = AXIS2_PLACEMENT_3D ( 'NONE', #2043, #29, #1332 ) ;
#1623 = CARTESIAN_POINT ( 'NONE',  ( -3.100000000000001900, 0.3000000000000004900, 0.07536880949310333100 ) ) ;
#1624 = VECTOR ( 'NONE', #1850, 1000.000000000000000 ) ;
#1625 = CARTESIAN_POINT ( 'NONE',  ( 4.875000000000150100, 1.338119784649607600, -1.301042606982605300E-015 ) ) ;
#1626 = ORIENTED_EDGE ( 'NONE', *, *, #154, .F. ) ;
#1627 = VERTEX_POINT ( 'NONE', #1575 ) ;
#1628 = CARTESIAN_POINT ( 'NONE',  ( -2.500000000000002200, 0.3000000000000011500, -4.336808689942017700E-016 ) ) ;
#1629 = VECTOR ( 'NONE', #556, 1000.000000000000000 ) ;
#1630 = VERTEX_POINT ( 'NONE', #1926 ) ;
#1631 = EDGE_CURVE ( 'NONE', #2403, #702, #1930, .T. ) ;
#1632 = CARTESIAN_POINT ( 'NONE',  ( 1.500000000000001300, 0.6000000000000010900, -1.301042606982605300E-015 ) ) ;
#1633 = CARTESIAN_POINT ( 'NONE',  ( -1.900000000000002400, 0.6000000000000010900, 0.07536880949310333100 ) ) ;
#1634 = CIRCLE ( 'NONE', #503, 0.3999999999999997400 ) ;
#1635 = VERTEX_POINT ( 'NONE', #2959 ) ;
#1636 = ORIENTED_EDGE ( 'NONE', *, *, #2144, .T. ) ;
#1637 = CARTESIAN_POINT ( 'NONE',  ( 3.164100795795968100, 10.39999998766780300, 3.609648163209961100 ) ) ;
#1638 = EDGE_CURVE ( 'NONE', #638, #1420, #3122, .T. ) ;
#1639 = DIRECTION ( 'NONE',  ( 2.449293598294671400E-016, 8.163755000670254000E-030, 1.000000000000000000 ) ) ;
#1640 = VECTOR ( 'NONE', #770, 1000.000000000000100 ) ;
#1641 = CIRCLE ( 'NONE', #1622, 0.1000000000000002600 ) ;
#1642 = ORIENTED_EDGE ( 'NONE', *, *, #2219, .T. ) ;
#1643 = CARTESIAN_POINT ( 'NONE',  ( -1.734723475976807100E-015, 1.453589838486224000, -4.336808689942017700E-016 ) ) ;
#1644 = VECTOR ( 'NONE', #3448, 1000.000000000000000 ) ;
#1645 = EDGE_CURVE ( 'NONE', #1956, #1338, #611, .T. ) ;
#1646 = LINE ( 'NONE', #4112, #4342 ) ;
#1647 = CARTESIAN_POINT ( 'NONE',  ( -2.629289321881347800, 0.6000000000000010900, -0.5000000000000008900 ) ) ;
#1648 = CARTESIAN_POINT ( 'NONE',  ( -3.100000000000001900, 0.6000000000000010900, 4.336808689942017700E-016 ) ) ;
#1649 = EDGE_LOOP ( 'NONE', ( #3528, #436, #985, #351 ) ) ;
#1650 = DIRECTION ( 'NONE',  ( 0.0000000000000000000, 1.000000000000000000, 0.0000000000000000000 ) ) ;
#1651 = CARTESIAN_POINT ( 'NONE',  ( 4.775780827896030100, 0.8524637162648456300, -1.440266162552728700 ) ) ;
#1652 = AXIS2_PLACEMENT_3D ( 'NONE', #783, #1489, #2813 ) ;
#1653 = CARTESIAN_POINT ( 'NONE',  ( -1.506063621301200000, 0.7157007868707581100, 4.747922405438560900 ) ) ;
#1654 = EDGE_LOOP ( 'NONE', ( #2868, #1663, #1711, #2038 ) ) ;
#1655 = DIRECTION ( 'NONE',  ( 1.000000000000000000, 0.0000000000000000000, 0.0000000000000000000 ) ) ;
#1656 = CARTESIAN_POINT ( 'NONE',  ( 2.599999999999998300, 0.4000000000000006300, -0.5000000000000008900 ) ) ;
#1657 = ORIENTED_EDGE ( 'NONE', *, *, #3747, .F. ) ;
#1658 = DIRECTION ( 'NONE',  ( -8.605523572607312200E-033, -1.000000000000000000, -2.319149032054552800E-017 ) ) ;
#1659 =( GEOMETRIC_REPRESENTATION_CONTEXT ( 3 ) GLOBAL_UNCERTAINTY_ASSIGNED_CONTEXT ( ( #597 ) ) GLOBAL_UNIT_ASSIGNED_CONTEXT ( ( #3258, #1933, #3563 ) ) REPRESENTATION_CONTEXT ( 'NONE', 'WORKASPACE' ) );
#1660 = CIRCLE ( 'NONE', #3496, 4.975000000003559500 ) ;
#1661 = CARTESIAN_POINT ( 'NONE',  ( 4.800146993369844900, 10.39999999999999900, -0.2234081283820717200 ) ) ;
#1662 = ADVANCED_FACE ( 'NONE', ( #1480 ), #3764, .F. ) ;
#1663 = ORIENTED_EDGE ( 'NONE', *, *, #1631, .T. ) ;
#1664 = VECTOR ( 'NONE', #1916, 1000.000000000000200 ) ;
#1665 = ORIENTED_EDGE ( 'NONE', *, *, #59, .T. ) ;
#1666 = EDGE_CURVE ( 'NONE', #2378, #3901, #2154, .T. ) ;
#1667 = CARTESIAN_POINT ( 'NONE',  ( -4.714271182008049600, 0.9999999999999597000, -1.657482499356833600 ) ) ;
#1668 = CARTESIAN_POINT ( 'NONE',  ( 2.955868251476113000, 10.39999999308769300, 3.782029606765601400 ) ) ;
#1669 = CARTESIAN_POINT ( 'NONE',  ( -1.504966496803971100, 0.6947664043757078000, -4.747119353124615400 ) ) ;
#1670 = CARTESIAN_POINT ( 'NONE',  ( 4.549999999999998900, 1.192622389734054900E-015, 1.000000000000000400 ) ) ;
#1671 = EDGE_CURVE ( 'NONE', #4239, #3784, #2249, .T. ) ;
#1672 = LINE ( 'NONE', #1881, #1624 ) ;
#1673 = CARTESIAN_POINT ( 'NONE',  ( 5.499999999999998200, 0.0000000000000000000, -0.5000000000000008900 ) ) ;
#1674 = AXIS2_PLACEMENT_3D ( 'NONE', #4005, #1975, #4346 ) ;
#1675 = DIRECTION ( 'NONE',  ( -0.0000000000000000000, -1.000000000000000000, -0.0000000000000000000 ) ) ;
#1676 = CARTESIAN_POINT ( 'NONE',  ( 1.766553174015208500, 1.650000000000615600, -4.710271005237438600 ) ) ;
#1677 = CARTESIAN_POINT ( 'NONE',  ( -1.734723475976807100E-015, 2.276313972081439400, -1.301042606982605300E-015 ) ) ;
#1678 = CARTESIAN_POINT ( 'NONE',  ( -5.129036888286784700, 1.000000000000000900, -2.891316794818831900 ) ) ;
#1679 = ORIENTED_EDGE ( 'NONE', *, *, #1233, .F. ) ;
#1680 = VERTEX_POINT ( 'NONE', #2947 ) ;
#1681 = LINE ( 'NONE', #4311, #4121 ) ;
#1682 = EDGE_LOOP ( 'NONE', ( #1037, #1626, #4278, #1479 ) ) ;
#1683 = CARTESIAN_POINT ( 'NONE',  ( 1.999999999999998200, 10.40000000000000200, 4.363484845854285000 ) ) ;
#1684 = CARTESIAN_POINT ( 'NONE',  ( -2.300000000000003400, 0.4000000000000006300, -0.5000000000000008900 ) ) ;
#1685 = CARTESIAN_POINT ( 'NONE',  ( 3.099999999999998800, 0.6000000000000010900, 0.07536880949310333100 ) ) ;
#1686 = CYLINDRICAL_SURFACE ( 'NONE', #3943, 0.6999999999999996200 ) ;
#1687 = EDGE_CURVE ( 'NONE', #3106, #738, #716, .T. ) ;
#1688 = DIRECTION ( 'NONE',  ( 0.0000000000000000000, -1.000000000000000000, 0.0000000000000000000 ) ) ;
#1689 = VERTEX_POINT ( 'NONE', #925 ) ;
#1690 = CARTESIAN_POINT ( 'NONE',  ( -1.506063621301312800, 0.7157007868728843000, -1.301042606982605300E-015 ) ) ;
#1691 = CIRCLE ( 'NONE', #4247, 0.6999999999999996200 ) ;
#1692 = VERTEX_POINT ( 'NONE', #943 ) ;
#1693 = EDGE_CURVE ( 'NONE', #2541, #3792, #3143, .T. ) ;
#1694 = CARTESIAN_POINT ( 'NONE',  ( -1.491611246749017500, 0.6498360961556007800, -4.748864612875386200 ) ) ;
#1695 = CARTESIAN_POINT ( 'NONE',  ( -1.405103543328723600, 0.6000000000000010900, 5.124999999999999100 ) ) ;
#1696 = DIRECTION ( 'NONE',  ( -1.000000000000000000, 0.0000000000000000000, 0.0000000000000000000 ) ) ;
#1697 = ORIENTED_EDGE ( 'NONE', *, *, #2019, .T. ) ;
#1698 = PLANE ( 'NONE',  #565 ) ;
#1699 = EDGE_CURVE ( 'NONE', #2039, #1283, #1373, .T. ) ;
#1700 = ORIENTED_EDGE ( 'NONE', *, *, #948, .F. ) ;
#1701 = DIRECTION ( 'NONE',  ( -1.000000000000000000, 0.0000000000000000000, -1.119571596451685300E-016 ) ) ;
#1702 = ORIENTED_EDGE ( 'NONE', *, *, #755, .F. ) ;
#1703 = DIRECTION ( 'NONE',  ( -0.0000000000000000000, -1.000000000000000000, 0.0000000000000000000 ) ) ;
#1704 = CARTESIAN_POINT ( 'NONE',  ( 4.760791118677297500, 0.8858483527077962700, -1.494916414031423100 ) ) ;
#1705 = AXIS2_PLACEMENT_3D ( 'NONE', #1350, #2686, #3700 ) ;
#1706 = DIRECTION ( 'NONE',  ( 1.000000000000000000, 0.0000000000000000000, 0.0000000000000000000 ) ) ;
#1707 = CARTESIAN_POINT ( 'NONE',  ( -3.100000000000001900, 0.3000000000000012100, 4.336808689942017700E-016 ) ) ;
#1708 = CARTESIAN_POINT ( 'NONE',  ( 5.109277666215085400, 0.3000000000000009900, 0.9999999999999995600 ) ) ;
#1709 = ORIENTED_EDGE ( 'NONE', *, *, #3200, .F. ) ;
#1710 = LINE ( 'NONE', #3925, #3334 ) ;
#1711 = ORIENTED_EDGE ( 'NONE', *, *, #357, .F. ) ;
#1712 = DIRECTION ( 'NONE',  ( 0.0000000000000000000, 0.9986295347545739400, -0.05233595624294395300 ) ) ;
#1713 = CARTESIAN_POINT ( 'NONE',  ( 4.344830656427725500, 0.3000000000000011500, -0.6054438431171093000 ) ) ;
#1714 = DIRECTION ( 'NONE',  ( -0.0000000000000000000, -0.0000000000000000000, -1.000000000000000000 ) ) ;
#1715 = EDGE_CURVE ( 'NONE', #834, #2640, #348, .T. ) ;
#1716 = DIRECTION ( 'NONE',  ( 0.0000000000000000000, -1.000000000000000000, -0.0000000000000000000 ) ) ;
#1717 = CARTESIAN_POINT ( 'NONE',  ( -3.070109519537261600, 0.3000000000000012100, -0.2323162305268642900 ) ) ;
#1718 = EDGE_CURVE ( 'NONE', #738, #3413, #2918, .T. ) ;
#1719 = ORIENTED_EDGE ( 'NONE', *, *, #2373, .T. ) ;
#1720 = ORIENTED_EDGE ( 'NONE', *, *, #667, .T. ) ;
#1721 = CARTESIAN_POINT ( 'NONE',  ( 5.149999999999995000, 0.6000000000000010900, -4.336808689942017700E-016 ) ) ;
#1722 = DIRECTION ( 'NONE',  ( 1.224646799147363600E-016, -1.813308926088390000E-030, 1.000000000000000000 ) ) ;
#1723 = VECTOR ( 'NONE', #494, 1000.000000000000000 ) ;
#1724 = CARTESIAN_POINT ( 'NONE',  ( 1.671192410273602000, 1.650000000000001700, 5.094971831752792100 ) ) ;
#1725 = ORIENTED_EDGE ( 'NONE', *, *, #209, .T. ) ;
#1726 = EDGE_LOOP ( 'NONE', ( #1372, #3465, #1846, #1232, #3945 ) ) ;
#1727 = ADVANCED_FACE ( 'NONE', ( #242 ), #1939, .T. ) ;
#1728 = LINE ( 'NONE', #1368, #2761 ) ;
#1729 = VERTEX_POINT ( 'NONE', #664 ) ;
#1730 = DIRECTION ( 'NONE',  ( -1.000000000000000000, 0.0000000000000000000, 1.224646799147353200E-016 ) ) ;
#1731 = FACE_OUTER_BOUND ( 'NONE', #671, .T. ) ;
#1732 = VECTOR ( 'NONE', #1344, 1000.000000000000000 ) ;
#1733 = DIRECTION ( 'NONE',  ( -0.0000000000000000000, 1.000000000000000000, 0.0000000000000000000 ) ) ;
#1734 = ORIENTED_EDGE ( 'NONE', *, *, #3055, .T. ) ;
#1735 = DIRECTION ( 'NONE',  ( -1.000000000000000000, 0.0000000000000000000, 0.0000000000000000000 ) ) ;
#1736 = ADVANCED_FACE ( 'NONE', ( #465 ), #771, .F. ) ;
#1737 = EDGE_CURVE ( 'NONE', #1420, #1692, #2709, .T. ) ;
#1738 = FACE_OUTER_BOUND ( 'NONE', #2214, .T. ) ;
#1739 = ORIENTED_EDGE ( 'NONE', *, *, #3868, .F. ) ;
#1740 = DIRECTION ( 'NONE',  ( 1.000000000000000000, 0.0000000000000000000, 0.0000000000000000000 ) ) ;
#1741 = VECTOR ( 'NONE', #387, 1000.000000000000000 ) ;
#1742 = ORIENTED_EDGE ( 'NONE', *, *, #1563, .F. ) ;
#1743 = EDGE_CURVE ( 'NONE', #3713, #547, #3296, .T. ) ;
#1744 = DIRECTION ( 'NONE',  ( 5.334096698495038600E-016, 0.0000000000000000000, 1.000000000000000000 ) ) ;
#1745 = DIRECTION ( 'NONE',  ( 0.0000000000000000000, -1.000000000000000000, 0.0000000000000000000 ) ) ;
#1746 = DIRECTION ( 'NONE',  ( 0.0000000000000000000, 1.000000000000000000, 8.850629979412772300E-017 ) ) ;
#1747 = CIRCLE ( 'NONE', #124, 4.874999999969986700 ) ;
#1748 = ORIENTED_EDGE ( 'NONE', *, *, #1261, .T. ) ;
#1749 = DIRECTION ( 'NONE',  ( 0.7071067811865462400, 0.0000000000000000000, 0.7071067811865489100 ) ) ;
#1750 = AXIS2_PLACEMENT_3D ( 'NONE', #2791, #3131, #1081 ) ;
#1751 = B_SPLINE_CURVE_WITH_KNOTS ( 'NONE', 3,
 ( #4226, #1351, #4189, #2490, #1812, #3932, #3741, #2454, #2511, #312, #2799 ),
 .UNSPECIFIED., .F., .F.,
 ( 4, 1, 1, 1, 1, 1, 1, 1, 4 ),
 ( 0.0000000000000000000, 0.0002251817512027473300, 0.0004689167223527822900, 0.0007126516935028181200, 0.0009378334447055650200, 0.001163015195908312700, 0.001406750167058347600, 0.001650485138208382800, 0.001875666889411129800 ),
 .UNSPECIFIED. ) ;
#1752 = ORIENTED_EDGE ( 'NONE', *, *, #2076, .T. ) ;
#1753 = CARTESIAN_POINT ( 'NONE',  ( 1.929890480462735700, 0.3000000000000004900, 0.2323162305268642900 ) ) ;
#1754 = VECTOR ( 'NONE', #3148, 1000.000000000000000 ) ;
#1755 = VERTEX_POINT ( 'NONE', #321 ) ;
#1756 = DIRECTION ( 'NONE',  ( 1.000000000000000000, 0.0000000000000000000, 0.0000000000000000000 ) ) ;
#1757 = FACE_OUTER_BOUND ( 'NONE', #1433, .T. ) ;
#1758 = ADVANCED_FACE ( 'NONE', ( #1828 ), #1260, .F. ) ;
#1759 = CARTESIAN_POINT ( 'NONE',  ( -1.514883545025194300, 0.8839949570297547200, 5.135116454974475000 ) ) ;
#1760 = ORIENTED_EDGE ( 'NONE', *, *, #1322, .F. ) ;
#1761 = ORIENTED_EDGE ( 'NONE', *, *, #4320, .F. ) ;
#1762 = DIRECTION ( 'NONE',  ( 0.0000000000000000000, 1.000000000000000000, 0.0000000000000000000 ) ) ;
#1763 = CARTESIAN_POINT ( 'NONE',  ( 4.549999999999998900, 1.192622389734054900E-015, -0.9000000000000010200 ) ) ;
#1764 = EDGE_CURVE ( 'NONE', #195, #3596, #4116, .T. ) ;
#1765 = DIRECTION ( 'NONE',  ( 1.000000000000000000, 0.0000000000000000000, 0.0000000000000000000 ) ) ;
#1766 = AXIS2_PLACEMENT_3D ( 'NONE', #4321, #2614, #2646 ) ;
#1767 = ORIENTED_EDGE ( 'NONE', *, *, #3283, .T. ) ;
#1768 = FILL_AREA_STYLE ('',( #2075 ) ) ;
#1769 = EDGE_CURVE ( 'NONE', #4178, #2789, #1523, .T. ) ;
#1770 = PLANE ( 'NONE',  #196 ) ;
#1771 = CARTESIAN_POINT ( 'NONE',  ( -5.093555332430178800, 1.192622389734054900E-015, 2.834279255350141900 ) ) ;
#1772 = PLANE ( 'NONE',  #935 ) ;
#1773 = EDGE_CURVE ( 'NONE', #3974, #2403, #4218, .T. ) ;
#1774 = VERTEX_POINT ( 'NONE', #3711 ) ;
#1775 = VERTEX_POINT ( 'NONE', #648 ) ;
#1776 = CARTESIAN_POINT ( 'NONE',  ( 1.504966496803969500, 0.6947664043757070300, -5.129966496803970900 ) ) ;
#1777 = B_SPLINE_CURVE_WITH_KNOTS ( 'NONE', 3,
 ( #1848, #172, #1822, #1190 ),
 .UNSPECIFIED., .F., .F.,
 ( 4, 4 ),
 ( 4.828192701427455200E-016, 0.0004218189894138714900 ),
 .UNSPECIFIED. ) ;
#1778 = ADVANCED_FACE ( 'NONE', ( #567 ), #355, .F. ) ;
#1779 = VECTOR ( 'NONE', #2482, 1000.000000000000000 ) ;
#1780 = DIRECTION ( 'NONE',  ( -0.0000000000000000000, -1.000000000000000000, 0.0000000000000000000 ) ) ;
#1781 = ORIENTED_EDGE ( 'NONE', *, *, #4345, .T. ) ;
#1782 = VERTEX_POINT ( 'NONE', #1004 ) ;
#1783 = AXIS2_PLACEMENT_3D ( 'NONE', #965, #3009, #2320 ) ;
#1784 = TOROIDAL_SURFACE ( 'NONE', #3370, 4.875000000000000900, 0.4000000000000000800 ) ;
#1785 = CARTESIAN_POINT ( 'NONE',  ( 5.136898055179236700, 0.8500000000000012000, 1.418205488149478300 ) ) ;
#1786 = FACE_OUTER_BOUND ( 'NONE', #243, .T. ) ;
#1787 = FILL_AREA_STYLE_COLOUR ( '', #3890 ) ;
#1788 = DIRECTION ( 'NONE',  ( -0.7061377159181251300, 0.05233595624294394600, -0.7061377159181274600 ) ) ;
#1789 = CARTESIAN_POINT ( 'NONE',  ( -2.629289321881347800, 0.3000000000000001000, -0.5000000000000008900 ) ) ;
#1790 = AXIS2_PLACEMENT_3D ( 'NONE', #1347, #2020, #4074 ) ;
#1791 = FACE_OUTER_BOUND ( 'NONE', #2285, .T. ) ;
#1792 = TOROIDAL_SURFACE ( 'NONE', #1391, 4.875000000000000900, 0.4000000000000000800 ) ;
#1793 = ORIENTED_EDGE ( 'NONE', *, *, #77, .F. ) ;
#1794 = ADVANCED_FACE ( 'NONE', ( #3190 ), #335, .T. ) ;
#1795 = DIRECTION ( 'NONE',  ( -0.7061377159181275700, 0.05233595624294393200, 0.7061377159181249100 ) ) ;
#1796 = FACE_OUTER_BOUND ( 'NONE', #458, .T. ) ;
#1797 = ORIENTED_EDGE ( 'NONE', *, *, #2746, .T. ) ;
#1798 = EDGE_CURVE ( 'NONE', #3661, #3493, #1150, .T. ) ;
#1799 = DIRECTION ( 'NONE',  ( 0.0000000000000000000, -1.000000000000000000, 0.0000000000000000000 ) ) ;
#1800 = EDGE_LOOP ( 'NONE', ( #3704, #947, #3993, #1061, #2408, #2794, #406, #175, #678, #3094, #845, #2052 ) ) ;
#1801 = DIRECTION ( 'NONE',  ( 1.000000000000000000, 0.0000000000000000000, 5.334096698495038600E-016 ) ) ;
#1802 = EDGE_CURVE ( 'NONE', #3769, #4089, #3032, .T. ) ;
#1803 = CARTESIAN_POINT ( 'NONE',  ( 4.763981751091460400, 0.8734330347194821900, 1.482528888461537700 ) ) ;
#1804 = ADVANCED_FACE ( 'NONE', ( #2717 ), #666, .T. ) ;
#1805 = ORIENTED_EDGE ( 'NONE', *, *, #401, .F. ) ;
#1806 =( LENGTH_UNIT ( ) NAMED_UNIT ( * ) SI_UNIT ( .MILLI., .METRE. ) );
#1807 = CYLINDRICAL_SURFACE ( 'NONE', #2517, 0.1000000000000000500 ) ;
#1808 = ORIENTED_EDGE ( 'NONE', *, *, #2132, .F. ) ;
#1809 = AXIS2_PLACEMENT_3D ( 'NONE', #1362, #2006, #3697 ) ;
#1810 = CARTESIAN_POINT ( 'NONE',  ( -5.558075425960123700, 0.7000000000000012900, 1.759807621135330600 ) ) ;
#1811 = FACE_OUTER_BOUND ( 'NONE', #99, .T. ) ;
#1812 = CARTESIAN_POINT ( 'NONE',  ( -2.732316230526865100, 0.6000000000000010900, -0.5701095195372600800 ) ) ;
#1813 = AXIS2_PLACEMENT_3D ( 'NONE', #1402, #3064, #2078 ) ;
#1814 = VERTEX_POINT ( 'NONE', #3429 ) ;
#1815 = CARTESIAN_POINT ( 'NONE',  ( -1.734723475976807100E-015, 1.649999999963803300, -4.336808689942017700E-016 ) ) ;
#1816 = CARTESIAN_POINT ( 'NONE',  ( 2.499999999999998700, 1.192622389734054900E-015, -4.336808689942017700E-016 ) ) ;
#1817 = CARTESIAN_POINT ( 'NONE',  ( -5.000000000000004400, 0.6000000000000010900, 4.336808689942017700E-016 ) ) ;
#1818 = EDGE_CURVE ( 'NONE', #2403, #3261, #1036, .T. ) ;
#1819 = DIRECTION ( 'NONE',  ( 0.0000000000000000000, 0.0000000000000000000, -1.000000000000000000 ) ) ;
#1820 = CARTESIAN_POINT ( 'NONE',  ( 1.504966496803969500, 0.6947664043757071400, -5.129966496803970900 ) ) ;
#1821 = ADVANCED_FACE ( 'NONE', ( #3727 ), #1396, .F. ) ;
#1822 = CARTESIAN_POINT ( 'NONE',  ( 4.762072617659244500, 1.085077519718812300, -1.525421835588590000 ) ) ;
#1823 = PLANE ( 'NONE',  #2674 ) ;
#1824 = EDGE_CURVE ( 'NONE', #581, #3469, #3715, .T. ) ;
#1825 = VERTEX_POINT ( 'NONE', #2428 ) ;
#1826 = ORIENTED_EDGE ( 'NONE', *, *, #2548, .T. ) ;
#1827 = FILL_AREA_STYLE_COLOUR ( '', #3476 ) ;
#1828 = FACE_OUTER_BOUND ( 'NONE', #1305, .T. ) ;
#1829 = ORIENTED_EDGE ( 'NONE', *, *, #3048, .F. ) ;
#1830 = SURFACE_STYLE_USAGE ( .BOTH. , #1842 ) ;
#1831 = CARTESIAN_POINT ( 'NONE',  ( -5.125000000000000900, 0.6000000000000010900, -5.125000000000000900 ) ) ;
#1832 = VECTOR ( 'NONE', #2889, 1000.000000000000000 ) ;
#1833 = DIRECTION ( 'NONE',  ( -0.0000000000000000000, 1.000000000000000000, 0.0000000000000000000 ) ) ;
#1834 = VERTEX_POINT ( 'NONE', #1439 ) ;
#1835 = VERTEX_POINT ( 'NONE', #1060 ) ;
#1836 = LINE ( 'NONE', #606, #3371 ) ;
#1837 = CARTESIAN_POINT ( 'NONE',  ( -2.500000000000002200, 1.192622389734054900E-015, -4.336808689942017700E-016 ) ) ;
#1838 = LINE ( 'NONE', #1058, #3856 ) ;
#1839 = CLOSED_SHELL ( 'NONE', ( #3982, #474, #1343, #631, #295, #1727, #2111, #402, #2064, #3453, #1312, #4182, #2824, #3495, #4119, #2016, #2989, #1804, #4140, #973, #3752, #2734, #743, #2392, #3103 ) ) ;
#1840 = ORIENTED_EDGE ( 'NONE', *, *, #4133, .F. ) ;
#1841 = PLANE ( 'NONE',  #280 ) ;
#1842 = SURFACE_SIDE_STYLE ('',( #2304 ) ) ;
#1843 = ORIENTED_EDGE ( 'NONE', *, *, #2373, .F. ) ;
#1844 = CARTESIAN_POINT ( 'NONE',  ( -4.344830656427729000, 1.192622389734054900E-015, -0.6054438431171101900 ) ) ;
#1845 = CARTESIAN_POINT ( 'NONE',  ( -1.474892608495222300, 0.6275773163289487500, 4.752867510896282800 ) ) ;
#1846 = ORIENTED_EDGE ( 'NONE', *, *, #2569, .F. ) ;
#1847 = EDGE_CURVE ( 'NONE', #1875, #4149, #2720, .T. ) ;
#1848 = CARTESIAN_POINT ( 'NONE',  ( 4.772789468538253000, 1.365700786872403100, -1.540128677835261400 ) ) ;
#1849 = ORIENTED_EDGE ( 'NONE', *, *, #1553, .F. ) ;
#1850 = DIRECTION ( 'NONE',  ( 0.0000000000000000000, 1.000000000000000000, 0.0000000000000000000 ) ) ;
#1851 = CARTESIAN_POINT ( 'NONE',  ( 1.502026522229213500, 0.6386683476566374900, 5.127026522229227700 ) ) ;
#1852 = LINE ( 'NONE', #3845, #1557 ) ;
#1853 = CARTESIAN_POINT ( 'NONE',  ( 4.681519278270824800, 1.650000000010323700, 1.839717538261658200 ) ) ;
#1854 = ORIENTED_EDGE ( 'NONE', *, *, #290, .F. ) ;
#1855 = APPLICATION_CONTEXT ( 'automotive_design' ) ;
#1856 = VECTOR ( 'NONE', #3177, 1000.000000000000000 ) ;
#1857 = ORIENTED_EDGE ( 'NONE', *, *, #2987, .T. ) ;
#1858 = CARTESIAN_POINT ( 'NONE',  ( -1.488591557298334600, 0.6439463786982745400, 4.749493710441136300 ) ) ;
#1859 = ORIENTED_EDGE ( 'NONE', *, *, #2396, .F. ) ;
#1860 = AXIS2_PLACEMENT_3D ( 'NONE', #737, #40, #1045 ) ;
#1861 = CARTESIAN_POINT ( 'NONE',  ( -1.405103543328513700, 0.6000000000000010900, -5.125000000000000900 ) ) ;
#1862 = CARTESIAN_POINT ( 'NONE',  ( 4.349999999999999600, 0.3000000000000011500, -0.7053101431738948400 ) ) ;
#1863 = CARTESIAN_POINT ( 'NONE',  ( 1.488591557298438300, 0.6439463786984323000, -4.749493710438916800 ) ) ;
#1864 = DIRECTION ( 'NONE',  ( -1.000000000000000000, 0.0000000000000000000, -1.530808498934190600E-017 ) ) ;
#1865 = AXIS2_PLACEMENT_3D ( 'NONE', #313, #624, #3703 ) ;
#1866 = DIRECTION ( 'NONE',  ( 1.000000000000000000, 0.0000000000000000000, 0.0000000000000000000 ) ) ;
#1867 = DIRECTION ( 'NONE',  ( 0.05169343572271271900, 0.0000000000000000000, 0.9986630005678501800 ) ) ;
#1868 = CIRCLE ( 'NONE', #1674, 5.000000000000001800 ) ;
#1869 = CARTESIAN_POINT ( 'NONE',  ( -1.734723475976807100E-015, 1.800000000000001600, -4.336808689942017700E-016 ) ) ;
#1870 = ORIENTED_EDGE ( 'NONE', *, *, #1617, .T. ) ;
#1871 = EDGE_CURVE ( 'NONE', #1825, #2223, #2298, .T. ) ;
#1872 = CARTESIAN_POINT ( 'NONE',  ( -1.734723475976807100E-015, 1.192622389734054900E-015, -1.000000000000000400 ) ) ;
#1873 = CARTESIAN_POINT ( 'NONE',  ( -1.494201570600634200, 0.6533510562153879200, 4.748244983116039800 ) ) ;
#1874 = DIRECTION ( 'NONE',  ( -1.000000000000000000, 0.0000000000000000000, -1.119571596451685300E-016 ) ) ;
#1875 = VERTEX_POINT ( 'NONE', #2105 ) ;
#1876 = EDGE_CURVE ( 'NONE', #3057, #1729, #4, .T. ) ;
#1877 = DIRECTION ( 'NONE',  ( 0.0000000000000000000, 0.9986295347545739400, -0.05233595624294395300 ) ) ;
#1878 = FACE_OUTER_BOUND ( 'NONE', #1104, .T. ) ;
#1879 = VERTEX_POINT ( 'NONE', #3457 ) ;
#1880 = ORIENTED_EDGE ( 'NONE', *, *, #1612, .T. ) ;
#1881 = CARTESIAN_POINT ( 'NONE',  ( -4.450000000000001100, 0.3000000000000011500, 0.9000000000000002400 ) ) ;
#1882 = DIRECTION ( 'NONE',  ( 0.05226442768871615600, -0.9972646886342371200, -0.05226442768871471200 ) ) ;
#1883 = CARTESIAN_POINT ( 'NONE',  ( 4.772789468538253000, 1.365700786872403100, -1.540128677835261400 ) ) ;
#1884 = FACE_OUTER_BOUND ( 'NONE', #559, .T. ) ;
#1885 = VECTOR ( 'NONE', #4370, 999.9999999999998900 ) ;
#1886 = ORIENTED_EDGE ( 'NONE', *, *, #1354, .T. ) ;
#1887 = AXIS2_PLACEMENT_3D ( 'NONE', #3202, #1543, #3535 ) ;
#1888 = DIRECTION ( 'NONE',  ( 3.375555078287906000E-016, 1.769053455006618400E-017, -1.000000000000000000 ) ) ;
#1889 = CARTESIAN_POINT ( 'NONE',  ( 2.299999999999999800, 0.6000000000000010900, -0.5000000000000008900 ) ) ;
#1890 = LINE ( 'NONE', #4355, #1262 ) ;
#1891 = DIRECTION ( 'NONE',  ( 0.0000000000000000000, 0.0000000000000000000, 1.000000000000000000 ) ) ;
#1892 = LINE ( 'NONE', #1512, #4282 ) ;
#1893 = ORIENTED_EDGE ( 'NONE', *, *, #3424, .T. ) ;
#1894 = CARTESIAN_POINT ( 'NONE',  ( 4.772789460722244700, 1.365700582037371100, 1.540128667100451700 ) ) ;
#1895 = LINE ( 'NONE', #3822, #4135 ) ;
#1896 = MANIFOLD_SOLID_BREP ( 'Body-Move/Copy1[4]', #1839 ) ;
#1897 = ORIENTED_EDGE ( 'NONE', *, *, #3892, .T. ) ;
#1898 = CARTESIAN_POINT ( 'NONE',  ( 4.775000000000001200, 0.6000000000000018700, -4.336808689942017700E-016 ) ) ;
#1899 = CARTESIAN_POINT ( 'NONE',  ( 4.008336423998696500, 10.40000000000000200, -2.641331799529323300 ) ) ;
#1900 = VECTOR ( 'NONE', #3443, 1000.000000000000000 ) ;
#1901 = CARTESIAN_POINT ( 'NONE',  ( -4.010176841552800300, 1.000000000000000900, -4.010176841552812700 ) ) ;
#1902 = ORIENTED_EDGE ( 'NONE', *, *, #3692, .T. ) ;
#1903 = EDGE_CURVE ( 'NONE', #1635, #1338, #911, .T. ) ;
#1904 = CARTESIAN_POINT ( 'NONE',  ( 3.118445021485293000, 10.40000000000000000, 3.649006545460450100 ) ) ;
#1905 = VERTEX_POINT ( 'NONE', #3778 ) ;
#1906 = DIRECTION ( 'NONE',  ( -1.000000000000000000, 0.0000000000000000000, 0.0000000000000000000 ) ) ;
#1907 = PLANE ( 'NONE',  #2758 ) ;
#1908 = DIRECTION ( 'NONE',  ( -1.000000000000000000, 0.0000000000000000000, 0.0000000000000000000 ) ) ;
#1909 = VECTOR ( 'NONE', #3585, 999.9999999999998900 ) ;
#1910 = EDGE_CURVE ( 'NONE', #478, #3723, #2741, .T. ) ;
#1911 = CARTESIAN_POINT ( 'NONE',  ( 2.599999999999998300, 0.4000000000000006300, -0.5000000000000008900 ) ) ;
#1912 = DIRECTION ( 'NONE',  ( 0.0000000000000000000, 0.0000000000000000000, -1.000000000000000000 ) ) ;
#1913 = CARTESIAN_POINT ( 'NONE',  ( 1.540128677835282700, 1.365700786872776200, -1.301042606982605300E-015 ) ) ;
#1914 = ORIENTED_EDGE ( 'NONE', *, *, #3909, .F. ) ;
#1915 = EDGE_CURVE ( 'NONE', #2223, #1033, #432, .T. ) ;
#1916 = DIRECTION ( 'NONE',  ( -0.05226442768871469900, -0.9972646886342370100, -0.05226442768871902800 ) ) ;
#1917 = ORIENTED_EDGE ( 'NONE', *, *, #1354, .F. ) ;
#1918 = ORIENTED_EDGE ( 'NONE', *, *, #3842, .F. ) ;
#1919 = CARTESIAN_POINT ( 'NONE',  ( 2.499999999999995100, 0.3000000000000004900, -0.6143539149150397700 ) ) ;
#1920 = AXIS2_PLACEMENT_3D ( 'NONE', #2326, #1378, #979 ) ;
#1921 = ORIENTED_EDGE ( 'NONE', *, *, #1269, .F. ) ;
#1922 = ORIENTED_EDGE ( 'NONE', *, *, #1666, .F. ) ;
#1923 = DIRECTION ( 'NONE',  ( 0.7061350561337063100, -0.0000000000000000000, 0.7080771727001566900 ) ) ;
#1924 = EDGE_CURVE ( 'NONE', #1689, #4223, #542, .T. ) ;
#1925 = DIRECTION ( 'NONE',  ( 0.0000000000000000000, 1.000000000000000000, 0.0000000000000000000 ) ) ;
#1926 = CARTESIAN_POINT ( 'NONE',  ( 5.131931558375109500, 0.9447664043787463700, -1.518068441624890900 ) ) ;
#1927 = ORIENTED_EDGE ( 'NONE', *, *, #2385, .F. ) ;
#1928 = ORIENTED_EDGE ( 'NONE', *, *, #1961, .T. ) ;
#1929 = CARTESIAN_POINT ( 'NONE',  ( 4.449999999999995700, 1.192622389734054900E-015, -0.9000000000000010200 ) ) ;
#1930 = LINE ( 'NONE', #616, #930 ) ;
#1931 = EDGE_CURVE ( 'NONE', #3304, #4009, #3591, .T. ) ;
#1932 = CARTESIAN_POINT ( 'NONE',  ( 1.839717538261655100, 1.650000000014515000, 5.094971831751272400 ) ) ;
#1933 =( NAMED_UNIT ( * ) PLANE_ANGLE_UNIT ( ) SI_UNIT ( $, .RADIAN. ) );
#1934 = ORIENTED_EDGE ( 'NONE', *, *, #3558, .F. ) ;
#1935 = ORIENTED_EDGE ( 'NONE', *, *, #1315, .F. ) ;
#1936 = CARTESIAN_POINT ( 'NONE',  ( 2.599999999999998300, 0.3580639549812399400, -0.5000000000000008900 ) ) ;
#1937 = CYLINDRICAL_SURFACE ( 'NONE', #1295, 0.1000000000000002600 ) ;
#1938 = ORIENTED_EDGE ( 'NONE', *, *, #2138, .F. ) ;
#1939 = CYLINDRICAL_SURFACE ( 'NONE', #2029, 5.000000000000001800 ) ;
#1940 = EDGE_CURVE ( 'NONE', #797, #2666, #2495, .T. ) ;
#1941 = CARTESIAN_POINT ( 'NONE',  ( -2.536185405005900100, 1.192622389734054900E-015, 0.6990641003974946700 ) ) ;
#1942 = VECTOR ( 'NONE', #3348, 1000.000000000000000 ) ;
#1943 = CIRCLE ( 'NONE', #39, 0.1999999999999979300 ) ;
#1944 = DIRECTION ( 'NONE',  ( 0.05232366301070891200, 0.9983949659099642400, -0.02167317085207507900 ) ) ;
#1945 = VERTEX_POINT ( 'NONE', #849 ) ;
#1946 = CARTESIAN_POINT ( 'NONE',  ( -2.267683769473137500, 0.3000000000000012100, 0.5701095195372609700 ) ) ;
#1947 = CARTESIAN_POINT ( 'NONE',  ( -1.734723475976807100E-015, 0.6000000000000010900, -5.149999999999986100 ) ) ;
#1948 = FACE_OUTER_BOUND ( 'NONE', #119, .T. ) ;
#1949 = AXIS2_PLACEMENT_3D ( 'NONE', #2871, #530, #186 ) ;
#1950 = EDGE_LOOP ( 'NONE', ( #1734, #1399, #4324, #2681 ) ) ;
#1951 = CARTESIAN_POINT ( 'NONE',  ( 1.499999999999997800, 0.6000000000000010900, 5.149999999999986100 ) ) ;
#1952 = SURFACE_STYLE_USAGE ( .BOTH. , #3976 ) ;
#1953 = LINE ( 'NONE', #696, #950 ) ;
#1954 = CARTESIAN_POINT ( 'NONE',  ( 2.599999999999998300, 0.3580639549812399400, 0.5000000000000000000 ) ) ;
#1955 = ORIENTED_EDGE ( 'NONE', *, *, #1403, .F. ) ;
#1956 = VERTEX_POINT ( 'NONE', #4028 ) ;
#1957 = DIRECTION ( 'NONE',  ( -5.319486328579990300E-016, 2.787824654073759300E-017, -1.000000000000000000 ) ) ;
#1958 = CARTESIAN_POINT ( 'NONE',  ( 1.899999999999999000, 0.6000000000000010900, -4.336808689942017700E-016 ) ) ;
#1959 = VECTOR ( 'NONE', #621, 1000.000000000000000 ) ;
#1960 = ORIENTED_EDGE ( 'NONE', *, *, #4291, .T. ) ;
#1961 = EDGE_CURVE ( 'NONE', #3098, #433, #1751, .T. ) ;
#1962 = DIRECTION ( 'NONE',  ( 0.0000000000000000000, 1.000000000000000000, 0.0000000000000000000 ) ) ;
#1963 = CIRCLE ( 'NONE', #3273, 0.6999999999999996200 ) ;
#1964 = CARTESIAN_POINT ( 'NONE',  ( 26156.63186177357800, -498999.3999999999700, -4.649999999999987900 ) ) ;
#1965 = DIRECTION ( 'NONE',  ( 1.000000000000000000, 0.0000000000000000000, -5.334096698495039600E-016 ) ) ;
#1966 = ORIENTED_EDGE ( 'NONE', *, *, #1238, .F. ) ;
#1967 = EDGE_CURVE ( 'NONE', #3901, #249, #1968, .T. ) ;
#1968 = LINE ( 'NONE', #3878, #1339 ) ;
#1969 = ORIENTED_EDGE ( 'NONE', *, *, #3254, .F. ) ;
#1970 = ADVANCED_FACE ( 'NONE', ( #1757 ), #1841, .F. ) ;
#1971 = EDGE_LOOP ( 'NONE', ( #1411, #1893, #4033, #2476 ) ) ;
#1972 = DIRECTION ( 'NONE',  ( 1.000000000000000000, 0.0000000000000000000, 0.0000000000000000000 ) ) ;
#1973 = CARTESIAN_POINT ( 'NONE',  ( 4.669701120554051100, 10.39999999308769900, -1.111213980847903100 ) ) ;
#1974 = ORIENTED_EDGE ( 'NONE', *, *, #3648, .F. ) ;
#1975 = DIRECTION ( 'NONE',  ( 0.0000000000000000000, -1.000000000000000000, -0.0000000000000000000 ) ) ;
#1976 = ORIENTED_EDGE ( 'NONE', *, *, #47, .F. ) ;
#1977 = AXIS2_PLACEMENT_3D ( 'NONE', #3425, #2084, #74 ) ;
#1978 = ORIENTED_EDGE ( 'NONE', *, *, #1080, .F. ) ;
#1979 = LINE ( 'NONE', #2656, #1293 ) ;
#1980 = ADVANCED_FACE ( 'NONE', ( #1811 ), #3652, .T. ) ;
#1981 = CARTESIAN_POINT ( 'NONE',  ( 5.136898055179232300, 0.8500000000001165500, 1.474380530812069700 ) ) ;
#1982 = CARTESIAN_POINT ( 'NONE',  ( 2.629289321881344200, 0.3292893218813458500, -0.5000000000000008900 ) ) ;
#1983 = ORIENTED_EDGE ( 'NONE', *, *, #2818, .F. ) ;
#1984 = CARTESIAN_POINT ( 'NONE',  ( 1.899999999999999000, 0.6000000000000010900, 0.07536880949310245700 ) ) ;
#1985 = ORIENTED_EDGE ( 'NONE', *, *, #835, .F. ) ;
#1986 = ORIENTED_EDGE ( 'NONE', *, *, #1903, .F. ) ;
#1987 = EDGE_CURVE ( 'NONE', #2854, #2759, #806, .T. ) ;
#1988 = CARTESIAN_POINT ( 'NONE',  ( 5.499999999999998200, 0.3000000000000001000, 0.5000000000000000000 ) ) ;
#1989 = PRESENTATION_LAYER_ASSIGNMENT (  '', '', ( #2544 ) ) ;
#1990 = DIRECTION ( 'NONE',  ( -1.119571596451702600E-016, 0.0000000000000000000, -1.000000000000000000 ) ) ;
#1991 = CIRCLE ( 'NONE', #817, 0.5000000000034118300 ) ;
#1992 = CARTESIAN_POINT ( 'NONE',  ( -2.063754311186435200, 0.3000000000000004900, 0.4362456888135665700 ) ) ;
#1993 = ORIENTED_EDGE ( 'NONE', *, *, #1824, .F. ) ;
#1994 = ORIENTED_EDGE ( 'NONE', *, *, #3145, .F. ) ;
#1995 = EDGE_CURVE ( 'NONE', #878, #478, #4304, .T. ) ;
#1996 = CARTESIAN_POINT ( 'NONE',  ( -1.658318127222090400, 0.9721375596181609500, 4.711519148571243300 ) ) ;
#1997 = VECTOR ( 'NONE', #1030, 1000.000000000000000 ) ;
#1998 = CIRCLE ( 'NONE', #982, 4.995963111715850500 ) ;
#1999 = ORIENTED_EDGE ( 'NONE', *, *, #2246, .F. ) ;
#2000 = DIRECTION ( 'NONE',  ( -0.0000000000000000000, -1.000000000000000000, 0.0000000000000000000 ) ) ;
#2001 = DIRECTION ( 'NONE',  ( 0.9986630005678501800, 0.0000000000000000000, 0.05169343572271278800 ) ) ;
#2002 = VERTEX_POINT ( 'NONE', #2211 ) ;
#2003 = EDGE_CURVE ( 'NONE', #2759, #3142, #964, .T. ) ;
#2004 = VECTOR ( 'NONE', #3672, 1000.000000000000000 ) ;
#2005 = DIRECTION ( 'NONE',  ( 0.0000000000000000000, 1.000000000000000000, 1.112002228184140900E-017 ) ) ;
#2006 = DIRECTION ( 'NONE',  ( 0.0000000000000000000, 1.000000000000000000, 0.0000000000000000000 ) ) ;
#2007 = ORIENTED_EDGE ( 'NONE', *, *, #1764, .T. ) ;
#2008 = CARTESIAN_POINT ( 'NONE',  ( 1.839717538261891100, 1.650000000010324100, -4.681519278270736900 ) ) ;
#2009 = CARTESIAN_POINT ( 'NONE',  ( 4.769753185905409000, 0.8591015608642518200, -1.461324439026957700 ) ) ;
#2010 = AXIS2_PLACEMENT_3D ( 'NONE', #2503, #1145, #492 ) ;
#2011 = CARTESIAN_POINT ( 'NONE',  ( 1.999999999999998200, 10.40000000000000200, 4.363484845854285000 ) ) ;
#2012 = ORIENTED_EDGE ( 'NONE', *, *, #349, .F. ) ;
#2013 = CARTESIAN_POINT ( 'NONE',  ( 4.799999999999998900, 2.449519052838325700, -1.301042606982605300E-015 ) ) ;
#2014 = CARTESIAN_POINT ( 'NONE',  ( -2.659102538727272900, 0.3000000000000006000, -0.5000000000000008900 ) ) ;
#2015 = ORIENTED_EDGE ( 'NONE', *, *, #1210, .T. ) ;
#2016 = ADVANCED_FACE ( 'NONE', ( #2644 ), #3936, .F. ) ;
#2017 = VECTOR ( 'NONE', #428, 1000.000000000000000 ) ;
#2018 = CARTESIAN_POINT ( 'NONE',  ( -2.700000000000002800, 0.3000000000000006000, 0.5000000000000000000 ) ) ;
#2019 = EDGE_CURVE ( 'NONE', #1281, #3777, #2779, .T. ) ;
#2020 = DIRECTION ( 'NONE',  ( 0.0000000000000000000, 1.000000000000000000, 0.0000000000000000000 ) ) ;
#2021 = CARTESIAN_POINT ( 'NONE',  ( 2.499999999999995100, 0.6000000000000010900, -0.6143539149150397700 ) ) ;
#2022 = CARTESIAN_POINT ( 'NONE',  ( -1.805652481727685100, 0.7000000000000012900, 4.336808689942017700E-016 ) ) ;
#2023 = CLOSED_SHELL ( 'NONE', ( #240, #1160, #1039, #1132, #3010, #2951, #371, #1821, #3393, #2463 ) ) ;
#2024 = EDGE_CURVE ( 'NONE', #2679, #2637, #75, .T. ) ;
#2025 = CARTESIAN_POINT ( 'NONE',  ( -1.734723475976807100E-015, 0.6000000000000010900, 1.500000000000000000 ) ) ;
#2026 = VECTOR ( 'NONE', #2058, 1000.000000000000000 ) ;
#2027 = CARTESIAN_POINT ( 'NONE',  ( 3.099999999999998800, 0.6000000000000010900, -4.336808689942017700E-016 ) ) ;
#2028 = CARTESIAN_POINT ( 'NONE',  ( -1.500000000000004900, 0.6000000000000010900, -1.301042606982605300E-015 ) ) ;
#2029 = AXIS2_PLACEMENT_3D ( 'NONE', #2342, #287, #306 ) ;
#2030 = VERTEX_POINT ( 'NONE', #1883 ) ;
#2031 = CARTESIAN_POINT ( 'NONE',  ( -1.734723475976807100E-015, 0.6000000000000010900, -5.149999999999986100 ) ) ;
#2032 = ADVANCED_FACE ( 'NONE', ( #3389 ), #882, .T. ) ;
#2033 = DIRECTION ( 'NONE',  ( 0.0000000000000000000, -1.000000000000000000, 2.212657494868374700E-017 ) ) ;
#2034 = ORIENTED_EDGE ( 'NONE', *, *, #856, .T. ) ;
#2035 = ORIENTED_EDGE ( 'NONE', *, *, #4128, .T. ) ;
#2036 = AXIS2_PLACEMENT_3D ( 'NONE', #538, #548, #1602 ) ;
#2037 = LINE ( 'NONE', #3208, #3967 ) ;
#2038 = ORIENTED_EDGE ( 'NONE', *, *, #528, .F. ) ;
#2039 = VERTEX_POINT ( 'NONE', #3512 ) ;
#2040 = DIRECTION ( 'NONE',  ( 0.0000000000000000000, 1.000000000000000000, 0.0000000000000000000 ) ) ;
#2041 = FACE_OUTER_BOUND ( 'NONE', #1556, .T. ) ;
#2042 = EDGE_CURVE ( 'NONE', #2666, #10, #2072, .T. ) ;
#2043 = CARTESIAN_POINT ( 'NONE',  ( 4.549999999999998900, 0.3000000000000011500, 0.9000000000000002400 ) ) ;
#2044 = LINE ( 'NONE', #3175, #1252 ) ;
#2045 = SURFACE_SIDE_STYLE ('',( #1572 ) ) ;
#2046 = LINE ( 'NONE', #2669, #3740 ) ;
#2047 = ORIENTED_EDGE ( 'NONE', *, *, #3656, .T. ) ;
#2048 = EDGE_CURVE ( 'NONE', #4118, #3430, #1710, .T. ) ;
#2049 = DIRECTION ( 'NONE',  ( 0.0000000000000000000, 2.212657494868374700E-017, 1.000000000000000000 ) ) ;
#2050 = LINE ( 'NONE', #1771, #576 ) ;
#2051 = CARTESIAN_POINT ( 'NONE',  ( 5.094971831752261000, 1.650000000010324100, 4.649999999999987900 ) ) ;
#2052 = ORIENTED_EDGE ( 'NONE', *, *, #3234, .F. ) ;
#2053 = CARTESIAN_POINT ( 'NONE',  ( -1.734723475976807100E-015, 1.800000000000001600, -4.336808689942017700E-016 ) ) ;
#2054 = CIRCLE ( 'NONE', #4314, 0.2000000000000005100 ) ;
#2055 = AXIS2_PLACEMENT_3D ( 'NONE', #2122, #1780, #2514 ) ;
#2056 = CARTESIAN_POINT ( 'NONE',  ( -1.734723475976807100E-015, 1.192622389734054900E-015, -5.093555332430177000 ) ) ;
#2057 = ORIENTED_EDGE ( 'NONE', *, *, #1798, .T. ) ;
#2058 = DIRECTION ( 'NONE',  ( -0.0000000000000000000, -1.000000000000000000, -0.0000000000000000000 ) ) ;
#2059 = ORIENTED_EDGE ( 'NONE', *, *, #319, .F. ) ;
#2060 = CARTESIAN_POINT ( 'NONE',  ( 5.094971831752801900, 1.650000000000001200, 1.839717538261658200 ) ) ;
#2061 = AXIS2_PLACEMENT_3D ( 'NONE', #36, #140, #4096 ) ;
#2062 = VECTOR ( 'NONE', #2811, 1000.000000000000000 ) ;
#2063 = CARTESIAN_POINT ( 'NONE',  ( -1.929890480462740800, 0.3000000000000012100, -0.2323162305268642900 ) ) ;
#2064 = ADVANCED_FACE ( 'NONE', ( #277 ), #222, .T. ) ;
#2065 = DIRECTION ( 'NONE',  ( -1.000000000000000000, 0.0000000000000000000, 0.0000000000000000000 ) ) ;
#2066 = EDGE_LOOP ( 'NONE', ( #1927, #1056, #3293, #2346 ) ) ;
#2067 = DIRECTION ( 'NONE',  ( 0.7042035605165987100, 0.07391299315114473200, 0.7061403647995093700 ) ) ;
#2068 = VECTOR ( 'NONE', #517, 1000.000000000000100 ) ;
#2069 = ORIENTED_EDGE ( 'NONE', *, *, #1245, .F. ) ;
#2070 = EDGE_CURVE ( 'NONE', #1259, #3500, #2086, .T. ) ;
#2071 = DIRECTION ( 'NONE',  ( -0.0000000000000000000, 1.000000000000000000, 0.0000000000000000000 ) ) ;
#2072 = LINE ( 'NONE', #2524, #1070 ) ;
#2073 = VERTEX_POINT ( 'NONE', #260 ) ;
#2074 = CARTESIAN_POINT ( 'NONE',  ( 1.899999999999999000, 0.3000000000000012100, -4.336808689942017700E-016 ) ) ;
#2075 = FILL_AREA_STYLE_COLOUR ( '', #872 ) ;
#2076 = EDGE_CURVE ( 'NONE', #3920, #4149, #858, .T. ) ;
#2077 = DIRECTION ( 'NONE',  ( 0.0000000000000000000, -1.000000000000000000, 0.0000000000000000000 ) ) ;
#2078 = DIRECTION ( 'NONE',  ( 1.000000000000000000, 0.0000000000000000000, 0.0000000000000000000 ) ) ;
#2079 = ORIENTED_EDGE ( 'NONE', *, *, #3754, .F. ) ;
#2080 = CARTESIAN_POINT ( 'NONE',  ( -4.875000000000002700, 1.800000000000001600, 4.336808689942017700E-016 ) ) ;
#2081 = EDGE_CURVE ( 'NONE', #2981, #3500, #446, .T. ) ;
#2082 = ORIENTED_EDGE ( 'NONE', *, *, #2473, .T. ) ;
#2083 = VECTOR ( 'NONE', #4228, 1000.000000000000000 ) ;
#2084 = DIRECTION ( 'NONE',  ( -1.224646799147354700E-016, 0.0000000000000000000, -1.000000000000000000 ) ) ;
#2085 =( BOUNDED_CURVE ( )  B_SPLINE_CURVE ( 3, ( #3576, #1851, #3544, #4230 ),
 .UNSPECIFIED., .F., .F. ) 
 B_SPLINE_CURVE_WITH_KNOTS ( ( 4, 4 ),
 ( 1.623156204355010100, 3.141592653589803300 ),
 .UNSPECIFIED. ) 
 CURVE ( )  GEOMETRIC_REPRESENTATION_ITEM ( )  RATIONAL_B_SPLINE_CURVE ( ( 1.000000000000000000, 0.8169162473415877400, 0.8169162473415877400, 1.000000000000000000 ) ) 
 REPRESENTATION_ITEM ( '' )  );
#2086 = B_SPLINE_CURVE_WITH_KNOTS ( 'NONE', 3,
 ( #841, #3527, #871, #247, #2612, #575, #1246, #589, #2596, #3280, #1597, #3269, #2253, #2901, #4293, #3618 ),
 .UNSPECIFIED., .F., .F.,
 ( 4, 3, 3, 3, 3, 4 ),
 ( 4.995054843824458300E-017, 3.589347477249333000E-005, 7.184677954530835300E-005, 0.0001068297939569566900, 0.0001401906954720666000, 0.0001538648630578099300 ),
 .UNSPECIFIED. ) ;
#2087 = ADVANCED_FACE ( 'NONE', ( #1559 ), #3444, .T. ) ;
#2088 = EDGE_LOOP ( 'NONE', ( #2972, #3445, #2583, #205 ) ) ;
#2089 = EDGE_LOOP ( 'NONE', ( #1038, #1739, #3024, #2968 ) ) ;
#2090 = CARTESIAN_POINT ( 'NONE',  ( 2.700000000000001100, 8.673617379884035500E-016, -0.5000000000000008900 ) ) ;
#2091 = DIRECTION ( 'NONE',  ( 0.02167317085207291400, 0.9983949659099642400, 0.05232366301070890500 ) ) ;
#2092 = ORIENTED_EDGE ( 'NONE', *, *, #4265, .T. ) ;
#2093 = EDGE_LOOP ( 'NONE', ( #1994, #221, #3155, #4333 ) ) ;
#2094 = CARTESIAN_POINT ( 'NONE',  ( -2.267683769473137500, 0.3000000000000012100, -0.5701095195372609700 ) ) ;
#2095 = CARTESIAN_POINT ( 'NONE',  ( -1.734723475976807100E-015, 1.000000000000001300, -4.336808689942017700E-016 ) ) ;
#2096 = LINE ( 'NONE', #918, #3507 ) ;
#2097 = AXIS2_PLACEMENT_3D ( 'NONE', #3639, #3, #1020 ) ;
#2098 = EDGE_LOOP ( 'NONE', ( #3826, #810, #2407, #1960 ) ) ;
#2099 = ORIENTED_EDGE ( 'NONE', *, *, #4133, .T. ) ;
#2100 = TOROIDAL_SURFACE ( 'NONE', #3809, 4.774999999999998600, 0.2000000000000011200 ) ;
#2101 = VECTOR ( 'NONE', #2537, 1000.000000000000000 ) ;
#2102 = DIRECTION ( 'NONE',  ( 1.000000000000000000, 0.0000000000000000000, 0.0000000000000000000 ) ) ;
#2103 = ORIENTED_EDGE ( 'NONE', *, *, #2795, .F. ) ;
#2104 = EDGE_CURVE ( 'NONE', #3584, #2780, #2542, .T. ) ;
#2105 = CARTESIAN_POINT ( 'NONE',  ( -2.899999999999992800, 0.6000000000000010900, -5.149999999999986100 ) ) ;
#2106 = CARTESIAN_POINT ( 'NONE',  ( 2.299999999999999800, 0.6000000000000010900, -0.5000000000000008900 ) ) ;
#2107 = CARTESIAN_POINT ( 'NONE',  ( -5.093555332430177000, 1.192622389734054900E-015, -4.336808689942017700E-016 ) ) ;
#2108 = VECTOR ( 'NONE', #2134, 1000.000000000000100 ) ;
#2109 = EDGE_LOOP ( 'NONE', ( #225, #141, #2319, #674 ) ) ;
#2110 = EDGE_CURVE ( 'NONE', #1138, #1321, #3823, .T. ) ;
#2111 = ADVANCED_FACE ( 'NONE', ( #2895 ), #649, .T. ) ;
#2112 = CARTESIAN_POINT ( 'NONE',  ( -2.865693906809789300, 0.6000000000000009800, -5.125029933781888800 ) ) ;
#2113 = CARTESIAN_POINT ( 'NONE',  ( 4.449999999999995700, 0.3000000000000011500, -0.6000000000000003100 ) ) ;
#2114 = DIRECTION ( 'NONE',  ( 0.0000000000000000000, 0.0000000000000000000, 1.000000000000000000 ) ) ;
#2115 = VECTOR ( 'NONE', #1908, 1000.000000000000000 ) ;
#2116 = ORIENTED_EDGE ( 'NONE', *, *, #1501, .F. ) ;
#2117 = CARTESIAN_POINT ( 'NONE',  ( -4.025000000000000400, 0.6000000000000010900, 4.024999999999983500 ) ) ;
#2118 = AXIS2_PLACEMENT_3D ( 'NONE', #2159, #3533, #1494 ) ;
#2119 = B_SPLINE_CURVE_WITH_KNOTS ( 'NONE', 2,
 ( #1911, #2220, #316, #3948, #4266 ),
 .UNSPECIFIED., .F., .F.,
 ( 3, 2, 3 ),
 ( 0.0000000000000000000, 7.830626321862999000E-005, 0.0001566125264372599800 ),
 .UNSPECIFIED. ) ;
#2120 = DIRECTION ( 'NONE',  ( 0.0000000000000000000, 1.000000000000000000, 1.112002228184140900E-017 ) ) ;
#2121 = ORIENTED_EDGE ( 'NONE', *, *, #131, .F. ) ;
#2122 = CARTESIAN_POINT ( 'NONE',  ( -1.734723475976807100E-015, 10.40000000000000200, -4.336808689942017700E-016 ) ) ;
#2123 = LINE ( 'NONE', #4051, #1447 ) ;
#2124 = ORIENTED_EDGE ( 'NONE', *, *, #1961, .F. ) ;
#2125 = AXIS2_PLACEMENT_3D ( 'NONE', #1541, #4284, #3931 ) ;
#2126 = CARTESIAN_POINT ( 'NONE',  ( 4.681519278270651600, 1.650000000010324100, -1.839717538262110000 ) ) ;
#2127 = VECTOR ( 'NONE', #2399, 1000.000000000000000 ) ;
#2128 = CARTESIAN_POINT ( 'NONE',  ( -1.734723475976807100E-015, 1.192622389734054900E-015, 5.093555332430175200 ) ) ;
#2129 = DIRECTION ( 'NONE',  ( 0.0000000000000000000, 0.0000000000000000000, 1.000000000000000000 ) ) ;
#2130 = ORIENTED_EDGE ( 'NONE', *, *, #2607, .F. ) ;
#2131 = CARTESIAN_POINT ( 'NONE',  ( -3.070109519537263400, 0.6000000000000010900, 0.2323162305268651800 ) ) ;
#2132 = EDGE_CURVE ( 'NONE', #824, #3183, #4147, .T. ) ;
#2133 = CARTESIAN_POINT ( 'NONE',  ( -1.734723475976807100E-015, 1.164914703891416500, -4.336808689942017700E-016 ) ) ;
#2134 = DIRECTION ( 'NONE',  ( -0.05226442768871392100, -0.9972646886342373400, -0.05226442768871363700 ) ) ;
#2135 = ADVANCED_FACE ( 'NONE', ( #757, #3228 ), #3252, .F. ) ;
#2136 = CARTESIAN_POINT ( 'NONE',  ( 2.936245688813565700, 0.3000000000000004900, 0.4362456888135656800 ) ) ;
#2137 = LINE ( 'NONE', #2843, #3779 ) ;
#2138 = EDGE_CURVE ( 'NONE', #547, #4114, #2748, .T. ) ;
#2139 = SURFACE_SIDE_STYLE ('',( #2757 ) ) ;
#2140 = CARTESIAN_POINT ( 'NONE',  ( 4.758466805945237100, 0.8998815867411351600, 1.504739554576394400 ) ) ;
#2141 = CARTESIAN_POINT ( 'NONE',  ( 4.594240565052885500, 1.192622389734054900E-015, -5.093555332430177000 ) ) ;
#2142 = VERTEX_POINT ( 'NONE', #2270 ) ;
#2143 = DIRECTION ( 'NONE',  ( 1.000000000000000000, 0.0000000000000000000, 0.0000000000000000000 ) ) ;
#2144 = EDGE_CURVE ( 'NONE', #1241, #1042, #1450, .T. ) ;
#2145 = ORIENTED_EDGE ( 'NONE', *, *, #3077, .T. ) ;
#2146 = ORIENTED_EDGE ( 'NONE', *, *, #896, .F. ) ;
#2147 = LINE ( 'NONE', #206, #3406 ) ;
#2148 = ORIENTED_EDGE ( 'NONE', *, *, #1496, .T. ) ;
#2149 = CARTESIAN_POINT ( 'NONE',  ( 1.457567964725591000, 0.6148678410501100500, -4.757507139369378600 ) ) ;
#2150 = PRODUCT_DEFINITION_CONTEXT ( 'detailed design', #3194, 'design' ) ;
#2151 = DIRECTION ( 'NONE',  ( 0.0000000000000000000, 0.0000000000000000000, -1.000000000000000000 ) ) ;
#2152 = FACE_OUTER_BOUND ( 'NONE', #967, .T. ) ;
#2153 = ORIENTED_EDGE ( 'NONE', *, *, #3019, .T. ) ;
#2154 = LINE ( 'NONE', #259, #3956 ) ;
#2155 = CARTESIAN_POINT ( 'NONE',  ( -5.093555332430178800, 1.192622389734054900E-015, 2.834279255350141900 ) ) ;
#2156 = ADVANCED_FACE ( 'NONE', ( #1124 ), #1823, .T. ) ;
#2157 = CYLINDRICAL_SURFACE ( 'NONE', #3450, 4.975000000000000500 ) ;
#2158 = ORIENTED_EDGE ( 'NONE', *, *, #3503, .T. ) ;
#2159 = CARTESIAN_POINT ( 'NONE',  ( -1.734723475976807100E-015, 0.6000000000000010900, -4.336808689942017700E-016 ) ) ;
#2160 = EDGE_LOOP ( 'NONE', ( #3404, #2492, #697, #1298 ) ) ;
#2161 = EDGE_CURVE ( 'NONE', #1782, #3818, #793, .T. ) ;
#2162 = CARTESIAN_POINT ( 'NONE',  ( 5.136898055179236700, 0.8500000000000012000, -4.336808689942017700E-016 ) ) ;
#2163 = DIRECTION ( 'NONE',  ( 1.000000000000000000, -0.0000000000000000000, -0.0000000000000000000 ) ) ;
#2164 = FACE_OUTER_BOUND ( 'NONE', #1950, .T. ) ;
#2165 = ORIENTED_EDGE ( 'NONE', *, *, #2048, .T. ) ;
#2166 = DIRECTION ( 'NONE',  ( 0.0000000000000000000, 0.0000000000000000000, 1.000000000000000000 ) ) ;
#2167 =( BOUNDED_CURVE ( )  B_SPLINE_CURVE ( 3, ( #2577, #1604, #198, #2561 ),
 .UNSPECIFIED., .F., .T. ) 
 B_SPLINE_CURVE_WITH_KNOTS ( ( 4, 4 ),
 ( 5.499156671652528400, 7.067213942706643200 ),
 .UNSPECIFIED. ) 
 CURVE ( )  GEOMETRIC_REPRESENTATION_ITEM ( )  RATIONAL_B_SPLINE_CURVE ( ( 1.000000000000000000, 0.8053830134673575200, 0.8053830134673575200, 1.000000000000000000 ) ) 
 REPRESENTATION_ITEM ( '' )  );
#2168 = B_SPLINE_SURFACE_WITH_KNOTS ( 'NONE', 3, 1, ( 
 ( #703, #3758 ),
 ( #4142, #2782 ),
 ( #89, #3119 ),
 ( #1073, #1118 ),
 ( #2793, #4167 ),
 ( #4131, #3412 ),
 ( #776, #3092 ),
 ( #751, #3472 ),
 ( #123, #3446 ),
 ( #1419, #3776 ),
 ( #4152, #2074 ) ),
 .UNSPECIFIED., .F., .F., .F.,
 ( 4, 1, 1, 1, 1, 1, 1, 1, 4 ),
 ( 2, 2 ),
 ( 0.5000000000000000000, 0.5600271168814637800, 0.6250000000000000000, 0.6899728831185362200, 0.7500000000000001100, 0.8100271168814638900, 0.8750000000000001100, 0.9399728831185363300, 1.000000000000000000 ),
 ( 0.0000000000000000000, 1.000000000000000000 ),
 .UNSPECIFIED. ) ;
#2169 = CARTESIAN_POINT ( 'NONE',  ( -1.805652481727685100, 1.000000000000001300, -1.301042606982605300E-015 ) ) ;
#2170 = AXIS2_PLACEMENT_3D ( 'NONE', #1533, #3939, #1228 ) ;
#2171 =( NAMED_UNIT ( * ) PLANE_ANGLE_UNIT ( ) SI_UNIT ( $, .RADIAN. ) );
#2172 = CARTESIAN_POINT ( 'NONE',  ( 5.094971831749763400, 1.650000000058054600, -4.336808689942017700E-016 ) ) ;
#2173 = ORIENTED_EDGE ( 'NONE', *, *, #1915, .T. ) ;
#2174 = CARTESIAN_POINT ( 'NONE',  ( 0.0000000000000000000, 0.0000000000000000000, 0.0000000000000000000 ) ) ;
#2175 = FACE_OUTER_BOUND ( 'NONE', #2536, .T. ) ;
#2176 = ORIENTED_EDGE ( 'NONE', *, *, #578, .F. ) ;
#2177 = CARTESIAN_POINT ( 'NONE',  ( -1.504966496803969500, 0.6947664043756571800, 4.747119353124611900 ) ) ;
#2178 = AXIS2_PLACEMENT_3D ( 'NONE', #2885, #1215, #3236 ) ;
#2179 = VERTEX_POINT ( 'NONE', #1208 ) ;
#2180 = CARTESIAN_POINT ( 'NONE',  ( 3.912317218181983000, 10.40000000000000200, -2.781551510583010900 ) ) ;
#2181 = ORIENTED_EDGE ( 'NONE', *, *, #82, .T. ) ;
#2182 = ORIENTED_EDGE ( 'NONE', *, *, #2762, .F. ) ;
#2183 = FILL_AREA_STYLE ('',( #1787 ) ) ;
#2184 = DIRECTION ( 'NONE',  ( -1.000000000000000000, 0.0000000000000000000, 0.0000000000000000000 ) ) ;
#2185 =( LENGTH_UNIT ( ) NAMED_UNIT ( * ) SI_UNIT ( .MILLI., .METRE. ) );
#2186 = EDGE_CURVE ( 'NONE', #373, #1281, #3089, .T. ) ;
#2187 = DIRECTION ( 'NONE',  ( -0.0000000000000000000, -1.000000000000000000, -0.0000000000000000000 ) ) ;
#2188 = CARTESIAN_POINT ( 'NONE',  ( -1.734723475976807100E-015, 0.6000000000000010900, -4.336808689942017700E-016 ) ) ;
#2189 = CIRCLE ( 'NONE', #332, 0.1000000000000002600 ) ;
#2190 = DIRECTION ( 'NONE',  ( -1.000000000000000000, 0.0000000000000000000, 2.449293598294753300E-016 ) ) ;
#2191 = EDGE_CURVE ( 'NONE', #52, #2807, #4039, .T. ) ;
#2192 = VERTEX_POINT ( 'NONE', #3966 ) ;
#2193 = ORIENTED_EDGE ( 'NONE', *, *, #1062, .F. ) ;
#2194 = CARTESIAN_POINT ( 'NONE',  ( 4.165664180729358200, 10.40000000000000200, -2.396154198698432900 ) ) ;
#2195 = DIRECTION ( 'NONE',  ( -0.05226442768871614900, -0.9972646886342371200, 0.05226442768871470600 ) ) ;
#2196 = VERTEX_POINT ( 'NONE', #3611 ) ;
#2197 = EDGE_LOOP ( 'NONE', ( #1561, #1340, #3900, #114 ) ) ;
#2198 = CARTESIAN_POINT ( 'NONE',  ( 3.544625854140282000, 10.39999969393832300, 3.239237638887152700 ) ) ;
#2199 = VECTOR ( 'NONE', #4339, 1000.000000000000100 ) ;
#2200 = CARTESIAN_POINT ( 'NONE',  ( -2.536185405005900100, 0.3000000000000011500, 0.6990641003974946700 ) ) ;
#2201 = ORIENTED_EDGE ( 'NONE', *, *, #1096, .F. ) ;
#2202 = EDGE_LOOP ( 'NONE', ( #2315, #3518, #4162, #3757, #4000, #3938, #963, #2251, #2181, #2763 ) ) ;
#2203 = COLOUR_RGB ( '',0.7921568627450980000, 0.8196078431372548800, 0.9333333333333333500 ) ;
#2204 = B_SPLINE_CURVE_WITH_KNOTS ( 'NONE', 3,
 ( #3227, #3530, #4205, #3560, #2508, #2859, #486, #168, #825, #1555, #857, #1183, #4235, #2198, #3212, #1234, #2902, #1286, #1637, #560, #2571, #4310, #3997, #2258, #1904, #2584, #622, #592, #1668, #2364, #653, #293, #3007, #3329, #2649, #324, #311, #3714, #974, #3667, #3345, #3315, #4045, #4027, #2011 ),
 .UNSPECIFIED., .F., .F.,
 ( 4, 2, 2, 2, 2, 2, 2, 2, 1, 1, 1, 1, 1, 2, 2, 2, 2, 1, 1, 2, 2, 2, 1, 1, 2, 2, 4 ),
 ( 0.0000000000000000000, 0.2499999999999738000, 0.3749999999999607000, 0.4374999999999542000, 0.4687499999999511500, 0.4999999999999481500, 0.6249999999999352700, 0.6874999999999287200, 0.7187499999999253900, 0.7343749999999237300, 0.7421874999999228400, 0.7460937499999225100, 0.7480468749999224000, 0.7490234374999224000, 0.7499999999999224000, 0.7812499999999342700, 0.7968749999999401600, 0.8046874999999429300, 0.8085937499999444900, 0.8105468749999452700, 0.8124999999999460400, 0.8437499999999559200, 0.8593749999999611400, 0.8671874999999637000, 0.8710937499999650300, 0.8749999999999662500, 1.000000000000000000 ),
 .UNSPECIFIED. ) ;
#2205 = CARTESIAN_POINT ( 'NONE',  ( -4.800000000000004300, 2.449519052838325700, -4.336808689942017700E-016 ) ) ;
#2206 = VECTOR ( 'NONE', #3179, 999.9999999999998900 ) ;
#2207 = AXIS2_PLACEMENT_3D ( 'NONE', #2507, #139, #3116 ) ;
#2208 = EDGE_LOOP ( 'NONE', ( #3405, #500, #811, #3080, #3396, #4272, #4083, #3327 ) ) ;
#2209 = LINE ( 'NONE', #2287, #569 ) ;
#2210 = CARTESIAN_POINT ( 'NONE',  ( -2.871920673311954900, 0.6000000000000009800, 5.124999999999999100 ) ) ;
#2211 = CARTESIAN_POINT ( 'NONE',  ( 5.499999999999998200, 0.0000000000000000000, 0.5000000000000000000 ) ) ;
#2212 = EDGE_CURVE ( 'NONE', #1616, #4239, #2847, .T. ) ;
#2213 = LINE ( 'NONE', #42, #3689 ) ;
#2214 = EDGE_LOOP ( 'NONE', ( #2306, #2173, #4234, #3606 ) ) ;
#2215 = DIRECTION ( 'NONE',  ( 1.000000000000000000, -0.0000000000000000000, -0.0000000000000000000 ) ) ;
#2216 = CARTESIAN_POINT ( 'NONE',  ( -1.481791721074776000, 0.6358211608553299100, 4.751168385693645700 ) ) ;
#2217 = LINE ( 'NONE', #4100, #212 ) ;
#2218 = ORIENTED_EDGE ( 'NONE', *, *, #1671, .F. ) ;
#2219 = EDGE_CURVE ( 'NONE', #4294, #3192, #698, .T. ) ;
#2220 = CARTESIAN_POINT ( 'NONE',  ( 2.599999999999997900, 0.3580639549812399400, -0.5000000000000007800 ) ) ;
#2221 =( BOUNDED_CURVE ( )  B_SPLINE_CURVE ( 3, ( #2339, #1291, #2705, #4088 ),
 .UNSPECIFIED., .F., .T. ) 
 B_SPLINE_CURVE_WITH_KNOTS ( ( 4, 4 ),
 ( 2.142137292471105800E-015, 1.047197551196599600 ),
 .UNSPECIFIED. ) 
 CURVE ( )  GEOMETRIC_REPRESENTATION_ITEM ( )  RATIONAL_B_SPLINE_CURVE ( ( 1.000000000000000000, 0.9106836025229592100, 0.9106836025229592100, 1.000000000000000000 ) ) 
 REPRESENTATION_ITEM ( '' )  );
#2222 = CARTESIAN_POINT ( 'NONE',  ( 1.839717538261658600, 1.350000000000001400, -1.301042606982605300E-015 ) ) ;
#2223 = VERTEX_POINT ( 'NONE', #2245 ) ;
#2224 = CARTESIAN_POINT ( 'NONE',  ( 4.611950468229890600, 10.39999999970537600, -1.330422410044228300 ) ) ;
#2225 = PLANE ( 'NONE',  #1180 ) ;
#2226 = EDGE_CURVE ( 'NONE', #1729, #4153, #4195, .T. ) ;
#2227 = CARTESIAN_POINT ( 'NONE',  ( 4.449999999999995700, 0.3000000000000011500, 0.5999999999999994200 ) ) ;
#2228 = CIRCLE ( 'NONE', #3886, 0.4449718317555391700 ) ;
#2229 = CARTESIAN_POINT ( 'NONE',  ( 4.710271018065382600, 1.650000000000500000, 1.766553141371959100 ) ) ;
#2230 = ORIENTED_EDGE ( 'NONE', *, *, #181, .T. ) ;
#2231 = CARTESIAN_POINT ( 'NONE',  ( 1.899999999999999000, 0.3000000000000004900, -0.07536880949310333100 ) ) ;
#2232 = CARTESIAN_POINT ( 'NONE',  ( -1.900000000000002400, 0.3000000000000012100, 4.336808689942017700E-016 ) ) ;
#2233 = ORIENTED_EDGE ( 'NONE', *, *, #2527, .F. ) ;
#2234 = CARTESIAN_POINT ( 'NONE',  ( 5.094971831752803700, 1.650000000000001700, -1.671192410273605500 ) ) ;
#2235 = CARTESIAN_POINT ( 'NONE',  ( 4.585116919251884600, 10.39999995472173200, -1.421112339036136000 ) ) ;
#2236 = AXIS2_PLACEMENT_3D ( 'NONE', #4207, #1833, #156 ) ;
#2237 = PLANE ( 'NONE',  #3351 ) ;
#2238 = CARTESIAN_POINT ( 'NONE',  ( -2.732316230526866900, 0.6000000000000010900, 0.5701095195372609700 ) ) ;
#2239 = VECTOR ( 'NONE', #453, 1000.000000000000100 ) ;
#2240 = EDGE_CURVE ( 'NONE', #472, #4178, #3169, .T. ) ;
#2241 = DIRECTION ( 'NONE',  ( 1.000000000000000000, 0.0000000000000000000, 2.168404344971003300E-015 ) ) ;
#2242 = CARTESIAN_POINT ( 'NONE',  ( -4.450000000000001100, 0.3000000000000011500, -0.6000000000000003100 ) ) ;
#2243 = CARTESIAN_POINT ( 'NONE',  ( 4.449999999999995700, 0.3000000000000011500, 0.9000000000000002400 ) ) ;
#2244 = ORIENTED_EDGE ( 'NONE', *, *, #1329, .T. ) ;
#2245 = CARTESIAN_POINT ( 'NONE',  ( -4.450000000000001100, 0.3000000000000011500, -0.7053101431738948400 ) ) ;
#2246 = EDGE_CURVE ( 'NONE', #2882, #3552, #1963, .T. ) ;
#2247 = DIRECTION ( 'NONE',  ( 5.334096698495038600E-016, 0.0000000000000000000, 1.000000000000000000 ) ) ;
#2248 = CARTESIAN_POINT ( 'NONE',  ( 4.750274768720443000, 10.39999988975026600, -0.6906074625392907300 ) ) ;
#2249 = LINE ( 'NONE', #2567, #1629 ) ;
#2250 = ORIENTED_EDGE ( 'NONE', *, *, #4151, .F. ) ;
#2251 = ORIENTED_EDGE ( 'NONE', *, *, #3683, .F. ) ;
#2252 = DIRECTION ( 'NONE',  ( 0.0000000000000000000, -0.05233595624294395300, 0.9986295347545739400 ) ) ;
#2253 = CARTESIAN_POINT ( 'NONE',  ( 1.503286138718487500, 0.6810216448951020900, 4.746896159772990800 ) ) ;
#2254 = LINE ( 'NONE', #1423, #1476 ) ;
#2255 = VECTOR ( 'NONE', #4110, 1000.000000000000000 ) ;
#2256 = LINE ( 'NONE', #3187, #151 ) ;
#2257 = AXIS2_PLACEMENT_3D ( 'NONE', #3665, #3015, #1990 ) ;
#2258 = CARTESIAN_POINT ( 'NONE',  ( 3.125776006405324400, 10.40000000000000200, 3.642736443791840800 ) ) ;
#2259 = DIRECTION ( 'NONE',  ( 1.000000000000000000, -0.0000000000000000000, -0.0000000000000000000 ) ) ;
#2260 = LINE ( 'NONE', #2977, #4176 ) ;
#2261 = CARTESIAN_POINT ( 'NONE',  ( -5.125000000000000900, 0.6000000000000010900, -5.125000000000000900 ) ) ;
#2262 = LINE ( 'NONE', #1464, #2774 ) ;
#2263 = ORIENTED_EDGE ( 'NONE', *, *, #856, .F. ) ;
#2264 = DIRECTION ( 'NONE',  ( 0.0000000000000000000, 0.0000000000000000000, 1.000000000000000000 ) ) ;
#2265 = LINE ( 'NONE', #785, #1644 ) ;
#2266 = ORIENTED_EDGE ( 'NONE', *, *, #2144, .F. ) ;
#2267 = VECTOR ( 'NONE', #1082, 1000.000000000000000 ) ;
#2268 = CARTESIAN_POINT ( 'NONE',  ( -4.745222886574763000, 0.9444118821048929100, 1.554508725546531100 ) ) ;
#2269 = CARTESIAN_POINT ( 'NONE',  ( -1.805652481727683300, 1.000000000000001300, -5.129036888286770500 ) ) ;
#2270 = CARTESIAN_POINT ( 'NONE',  ( 5.109871322164713600, 1.365700786872884500, -1.540128677835286500 ) ) ;
#2271 = ORIENTED_EDGE ( 'NONE', *, *, #2076, .F. ) ;
#2272 = EDGE_CURVE ( 'NONE', #3542, #3041, #539, .T. ) ;
#2273 = ORIENTED_EDGE ( 'NONE', *, *, #3532, .T. ) ;
#2274 = CARTESIAN_POINT ( 'NONE',  ( -2.629289321881347800, 0.3292893218813458500, -0.5000000000000008900 ) ) ;
#2275 = LINE ( 'NONE', #134, #907 ) ;
#2276 = EDGE_CURVE ( 'NONE', #3575, #2179, #2123, .T. ) ;
#2277 = ORIENTED_EDGE ( 'NONE', *, *, #2908, .F. ) ;
#2278 = ADVANCED_FACE ( 'NONE', ( #3534 ), #1698, .F. ) ;
#2279 = CIRCLE ( 'NONE', #2207, 4.675000000020190800 ) ;
#2280 = ORIENTED_EDGE ( 'NONE', *, *, #2019, .F. ) ;
#2281 = CARTESIAN_POINT ( 'NONE',  ( -4.450000000000001100, 0.3000000000000011500, -0.6000000000000003100 ) ) ;
#2282 = AXIS2_PLACEMENT_3D ( 'NONE', #3696, #1701, #1025 ) ;
#2283 = CARTESIAN_POINT ( 'NONE',  ( -2.936245688813569300, 0.6000000000000010900, 0.4362456888135665700 ) ) ;
#2284 = CARTESIAN_POINT ( 'NONE',  ( -4.550000000000001600, 0.3000000000000011500, -1.000000000000001300 ) ) ;
#2285 = EDGE_LOOP ( 'NONE', ( #4185, #3004, #720, #2932, #1577, #2831, #2828, #3265 ) ) ;
#2286 = CARTESIAN_POINT ( 'NONE',  ( 4.649999999999997700, 0.6000000000000010900, -4.649999999999987900 ) ) ;
#2287 = CARTESIAN_POINT ( 'NONE',  ( 1.540128677835286100, 1.365700786872884500, 4.336808689942017700E-016 ) ) ;
#2288 = LINE ( 'NONE', #2912, #549 ) ;
#2289 = EDGE_CURVE ( 'NONE', #1835, #147, #4035, .T. ) ;
#2290 = B_SPLINE_SURFACE_WITH_KNOTS ( 'NONE', 2, 1, ( 
 ( #1656, #3979 ),
 ( #1936, #1954 ),
 ( #1982, #977 ),
 ( #4313, #266 ),
 ( #3641, #2955 ) ),
 .UNSPECIFIED., .F., .F., .F.,
 ( 3, 2, 3 ),
 ( 2, 2 ),
 ( 0.0000000000000000000, 0.5000000000000000000, 1.000000000000000000 ),
 ( 0.0000000000000000000, 1.000000000000000000 ),
 .UNSPECIFIED. ) ;
#2291 = DIRECTION ( 'NONE',  ( 0.05226442768871406000, 0.9972646886342373400, 0.05226442768871403900 ) ) ;
#2292 = CARTESIAN_POINT ( 'NONE',  ( -1.734723475976807100E-015, 1.650000000000001200, -1.839717538261658200 ) ) ;
#2293 = ORIENTED_EDGE ( 'NONE', *, *, #1200, .T. ) ;
#2294 = ORIENTED_EDGE ( 'NONE', *, *, #3229, .F. ) ;
#2295 = ADVANCED_FACE ( 'NONE', ( #272 ), #644, .T. ) ;
#2296 =( BOUNDED_CURVE ( )  B_SPLINE_CURVE ( 3, ( #87, #1461, #3086, #1416 ),
 .UNSPECIFIED., .F., .T. ) 
 B_SPLINE_CURVE_WITH_KNOTS ( ( 4, 4 ),
 ( 6.360040876557851700E-016, 1.518436449235061300 ),
 .UNSPECIFIED. ) 
 CURVE ( )  GEOMETRIC_REPRESENTATION_ITEM ( )  RATIONAL_B_SPLINE_CURVE ( ( 1.000000000000000000, 0.8169162473415264600, 0.8169162473415264600, 1.000000000000000000 ) ) 
 REPRESENTATION_ITEM ( '' )  );
#2297 = CARTESIAN_POINT ( 'NONE',  ( -5.125000000000000900, 0.6000000000000010900, -2.871920673311951800 ) ) ;
#2298 = CIRCLE ( 'NONE', #2836, 0.1000000000000002600 ) ;
#2299 = EDGE_CURVE ( 'NONE', #1755, #2378, #3820, .T. ) ;
#2300 = DIRECTION ( 'NONE',  ( -1.000000000000000000, 0.0000000000000000000, 0.0000000000000000000 ) ) ;
#2301 = CARTESIAN_POINT ( 'NONE',  ( -5.136898055179240300, 0.8500000000000012000, 1.499999999999999100 ) ) ;
#2302 = ORIENTED_EDGE ( 'NONE', *, *, #3538, .T. ) ;
#2303 = ORIENTED_EDGE ( 'NONE', *, *, #3431, .T. ) ;
#2304 = SURFACE_STYLE_FILL_AREA ( #3151 ) ;
#2305 = CONICAL_SURFACE ( 'NONE', #1102, 4.900000000020554600, 1.047197551080759400 ) ;
#2306 = ORIENTED_EDGE ( 'NONE', *, *, #1871, .T. ) ;
#2307 = EDGE_CURVE ( 'NONE', #586, #2520, #3109, .T. ) ;
#2308 = CARTESIAN_POINT ( 'NONE',  ( 4.692680210262695400, 10.39999997390705200, -1.009837875055740400 ) ) ;
#2309 = VECTOR ( 'NONE', #397, 1000.000000000000000 ) ;
#2310 = CIRCLE ( 'NONE', #1068, 4.874999999969986700 ) ;
#2311 = ORIENTED_EDGE ( 'NONE', *, *, #1387, .F. ) ;
#2312 = CARTESIAN_POINT ( 'NONE',  ( -1.900000000000002400, 0.3000000000000004900, 0.07536880949310333100 ) ) ;
#2313 = LINE ( 'NONE', #1789, #3629 ) ;
#2314 = AXIS2_PLACEMENT_3D ( 'NONE', #1103, #2446, #715 ) ;
#2315 = ORIENTED_EDGE ( 'NONE', *, *, #1558, .T. ) ;
#2316 = CARTESIAN_POINT ( 'NONE',  ( 3.070109519537261600, 0.6000000000000010900, -0.2323162305268651800 ) ) ;
#2317 = CIRCLE ( 'NONE', #314, 4.975000000001154300 ) ;
#2318 = DIRECTION ( 'NONE',  ( 0.0000000000000000000, 0.0000000000000000000, -1.000000000000000000 ) ) ;
#2319 = ORIENTED_EDGE ( 'NONE', *, *, #1924, .F. ) ;
#2320 = DIRECTION ( 'NONE',  ( 1.000000000000000000, 0.0000000000000000000, 0.0000000000000000000 ) ) ;
#2321 = AXIS2_PLACEMENT_3D ( 'NONE', #502, #2861, #3180 ) ;
#2322 = ADVANCED_FACE ( 'NONE', ( #2998 ), #1508, .F. ) ;
#2323 = VECTOR ( 'NONE', #1923, 1000.000000000000000 ) ;
#2324 = DIRECTION ( 'NONE',  ( 0.0000000000000000000, -0.9986295347545739400, 0.05233595624294395300 ) ) ;
#2325 = ORIENTED_EDGE ( 'NONE', *, *, #2993, .T. ) ;
#2326 = CARTESIAN_POINT ( 'NONE',  ( -1.734723475976807100E-015, 0.6000000000000010900, -5.149999999999986100 ) ) ;
#2327 = CARTESIAN_POINT ( 'NONE',  ( 2.700000000000001100, 0.3000000000000004900, -0.5000000000000008900 ) ) ;
#2328 = CARTESIAN_POINT ( 'NONE',  ( 1.504966496803969500, 0.6947664043757068000, -1.301042606982605300E-015 ) ) ;
#2329 = ORIENTED_EDGE ( 'NONE', *, *, #2481, .F. ) ;
#2330 = EDGE_CURVE ( 'NONE', #3493, #52, #4097, .T. ) ;
#2331 = CARTESIAN_POINT ( 'NONE',  ( 4.777872972809973400, 0.8508274586565748300, -1.433031819512013500 ) ) ;
#2332 = FACE_OUTER_BOUND ( 'NONE', #707, .T. ) ;
#2333 = DIRECTION ( 'NONE',  ( 0.0000000000000000000, 1.000000000000000000, -2.212657494868374700E-017 ) ) ;
#2334 = ORIENTED_EDGE ( 'NONE', *, *, #118, .T. ) ;
#2335 = CARTESIAN_POINT ( 'NONE',  ( -1.461278585991198300, 0.6000000000000017500, 5.124999999999998200 ) ) ;
#2336 = DIRECTION ( 'NONE',  ( 0.0000000000000000000, -1.000000000000000000, 2.319149032054553100E-017 ) ) ;
#2337 = EDGE_CURVE ( 'NONE', #1137, #878, #2204, .T. ) ;
#2338 = DIRECTION ( 'NONE',  ( -1.000000000000000000, 0.0000000000000000000, 0.0000000000000000000 ) ) ;
#2339 = CARTESIAN_POINT ( 'NONE',  ( -5.129036888286784700, 1.000000000000001300, 1.759807621135330600 ) ) ;
#2340 = DIRECTION ( 'NONE',  ( 0.0000000000000000000, 0.0000000000000000000, 1.000000000000000000 ) ) ;
#2341 = AXIS2_PLACEMENT_3D ( 'NONE', #1282, #3266, #1256 ) ;
#2342 = CARTESIAN_POINT ( 'NONE',  ( -1.734723475976807100E-015, 0.6000000000000010900, -4.336808689942017700E-016 ) ) ;
#2343 = CARTESIAN_POINT ( 'NONE',  ( -4.675759248530239300, 1.000000000006640500, -1.759807621135331500 ) ) ;
#2344 = ADVANCED_FACE ( 'NONE', ( #2332 ), #4380, .T. ) ;
#2345 = CARTESIAN_POINT ( 'NONE',  ( 4.767173720745757800, 0.8648960287647814400, -1.470715621266557700 ) ) ;
#2346 = ORIENTED_EDGE ( 'NONE', *, *, #2594, .T. ) ;
#2347 = DIRECTION ( 'NONE',  ( 0.0000000000000000000, 1.000000000000000000, 0.0000000000000000000 ) ) ;
#2348 = LINE ( 'NONE', #1316, #3067 ) ;
#2349 = ORIENTED_EDGE ( 'NONE', *, *, #3928, .F. ) ;
#2350 = ORIENTED_EDGE ( 'NONE', *, *, #2186, .F. ) ;
#2351 = CARTESIAN_POINT ( 'NONE',  ( -1.734723475976807100E-015, 1.453589838486224000, -4.336808689942017700E-016 ) ) ;
#2352 = DIRECTION ( 'NONE',  ( -0.0000000000000000000, 1.000000000000000000, -0.0000000000000000000 ) ) ;
#2353 = CARTESIAN_POINT ( 'NONE',  ( -2.629289321881347800, 0.6000000000000010900, 0.5000000000000000000 ) ) ;
#2354 = ADVANCED_FACE ( 'NONE', ( #2639 ), #1301, .T. ) ;
#2355 = ORIENTED_EDGE ( 'NONE', *, *, #4320, .T. ) ;
#2356 = ORIENTED_EDGE ( 'NONE', *, *, #3019, .F. ) ;
#2357 = EDGE_CURVE ( 'NONE', #4343, #823, #2228, .T. ) ;
#2358 = CARTESIAN_POINT ( 'NONE',  ( 4.756700607492145800, 0.9447664043824231000, 1.518068441625082500 ) ) ;
#2359 = DIRECTION ( 'NONE',  ( -0.05226442768871473300, 0.9972646886342373400, -0.05226442768871329000 ) ) ;
#2360 = LINE ( 'NONE', #4047, #3195 ) ;
#2361 = CARTESIAN_POINT ( 'NONE',  ( 1.528407904936540900, 1.142055117106185700, -4.764255740810485300 ) ) ;
#2362 = ORIENTED_EDGE ( 'NONE', *, *, #3254, .T. ) ;
#2363 = ORIENTED_EDGE ( 'NONE', *, *, #349, .T. ) ;
#2364 = CARTESIAN_POINT ( 'NONE',  ( 2.930674731423966100, 10.39999998904643900, 3.801672746183302600 ) ) ;
#2365 = EDGE_CURVE ( 'NONE', #4118, #3974, #3330, .T. ) ;
#2366 = CARTESIAN_POINT ( 'NONE',  ( -2.063754311186435200, 0.3000000000000012100, -0.4362456888135656800 ) ) ;
#2367 = LINE ( 'NONE', #3635, #4276 ) ;
#2368 = CARTESIAN_POINT ( 'NONE',  ( -5.093555332430178800, 1.192622389734054900E-015, 0.9999999999999995600 ) ) ;
#2369 = LINE ( 'NONE', #215, #1885 ) ;
#2370 = ORIENTED_EDGE ( 'NONE', *, *, #3171, .F. ) ;
#2371 = LINE ( 'NONE', #2162, #625 ) ;
#2372 = ORIENTED_EDGE ( 'NONE', *, *, #3455, .F. ) ;
#2373 = EDGE_CURVE ( 'NONE', #3087, #2570, #3056, .T. ) ;
#2374 = CARTESIAN_POINT ( 'NONE',  ( 1.929890480462735700, 0.6000000000000010900, 0.2323162305268642900 ) ) ;
#2375 = CIRCLE ( 'NONE', #2563, 4.899999999999999500 ) ;
#2376 = CARTESIAN_POINT ( 'NONE',  ( 4.549999999999998900, 0.3000000000000011500, -1.000000000000000400 ) ) ;
#2377 = DIRECTION ( 'NONE',  ( 0.0000000000000000000, 1.000000000000000000, 0.0000000000000000000 ) ) ;
#2378 = VERTEX_POINT ( 'NONE', #1653 ) ;
#2379 = CARTESIAN_POINT ( 'NONE',  ( 5.094971831752801900, 1.650000000000000600, 1.671192410273604700 ) ) ;
#2380 = AXIS2_PLACEMENT_3D ( 'NONE', #2777, #886, #534 ) ;
#2381 = ORIENTED_EDGE ( 'NONE', *, *, #1617, .F. ) ;
#2382 = DIRECTION ( 'NONE',  ( -0.05233595624294395300, -0.9986295347545739400, 0.0000000000000000000 ) ) ;
#2383 = ORIENTED_EDGE ( 'NONE', *, *, #6, .T. ) ;
#2384 = CARTESIAN_POINT ( 'NONE',  ( 4.627049146062375100, 0.6521929968939309500, -4.627049146062378600 ) ) ;
#2385 = EDGE_CURVE ( 'NONE', #279, #1448, #1503, .T. ) ;
#2386 = CIRCLE ( 'NONE', #3731, 5.000000000000001800 ) ;
#2387 = DIRECTION ( 'NONE',  ( -1.000000000000000000, 0.0000000000000000000, 0.0000000000000000000 ) ) ;
#2388 = VERTEX_POINT ( 'NONE', #3864 ) ;
#2389 = DIRECTION ( 'NONE',  ( -1.000000000000000000, 1.936075308009829400E-016, 0.0000000000000000000 ) ) ;
#2390 = EDGE_CURVE ( 'NONE', #1311, #4009, #2736, .T. ) ;
#2391 = DIRECTION ( 'NONE',  ( -1.000000000000000000, 0.0000000000000000000, 0.0000000000000000000 ) ) ;
#2392 = ADVANCED_FACE ( 'NONE', ( #4144 ), #72, .T. ) ;
#2393 = ORIENTED_EDGE ( 'NONE', *, *, #1995, .F. ) ;
#2394 = CARTESIAN_POINT ( 'NONE',  ( 4.900000000018681400, 2.276313972094516500, -4.336808689942017700E-016 ) ) ;
#2395 = ORIENTED_EDGE ( 'NONE', *, *, #4102, .T. ) ;
#2396 = EDGE_CURVE ( 'NONE', #878, #1775, #1852, .T. ) ;
#2397 = CARTESIAN_POINT ( 'NONE',  ( 4.649999999999997700, 0.6000000000000010900, 4.649999999999987900 ) ) ;
#2398 = DIRECTION ( 'NONE',  ( 1.936075308009829400E-016, 1.000000000000000000, 0.0000000000000000000 ) ) ;
#2399 = DIRECTION ( 'NONE',  ( -1.000000000000000000, 0.0000000000000000000, 0.0000000000000000000 ) ) ;
#2400 = FACE_OUTER_BOUND ( 'NONE', #485, .T. ) ;
#2401 = CARTESIAN_POINT ( 'NONE',  ( 2.299999999999999800, 0.4000000000000006300, -0.5000000000000008900 ) ) ;
#2402 = CARTESIAN_POINT ( 'NONE',  ( 3.099999999999998800, 0.6000000000000010900, -4.336808689942017700E-016 ) ) ;
#2403 = VERTEX_POINT ( 'NONE', #455 ) ;
#2404 = ORIENTED_EDGE ( 'NONE', *, *, #2138, .T. ) ;
#2405 = AXIS2_PLACEMENT_3D ( 'NONE', #1389, #3782, #3766 ) ;
#2406 = LINE ( 'NONE', #1517, #2513 ) ;
#2407 = ORIENTED_EDGE ( 'NONE', *, *, #3166, .F. ) ;
#2408 = ORIENTED_EDGE ( 'NONE', *, *, #4296, .T. ) ;
#2409 = LINE ( 'NONE', #800, #617 ) ;
#2410 = EDGE_CURVE ( 'NONE', #823, #2039, #376, .T. ) ;
#2411 = DIRECTION ( 'NONE',  ( -0.0000000000000000000, -1.000000000000000000, -0.0000000000000000000 ) ) ;
#2412 = ORIENTED_EDGE ( 'NONE', *, *, #4008, .T. ) ;
#2413 = CARTESIAN_POINT ( 'NONE',  ( -2.899999999999999900, 0.6000000000000010900, 5.149999999999986100 ) ) ;
#2414 = FACE_OUTER_BOUND ( 'NONE', #3501, .T. ) ;
#2415 = CIRCLE ( 'NONE', #1887, 0.2000000000000057300 ) ;
#2416 = VERTEX_POINT ( 'NONE', #2833 ) ;
#2417 = EDGE_CURVE ( 'NONE', #481, #476, #1336, .T. ) ;
#2418 = CARTESIAN_POINT ( 'NONE',  ( -2.500000000000002200, 0.6000000000000010900, -0.6143539149150397700 ) ) ;
#2419 = ADVANCED_FACE ( 'NONE', ( #853 ), #1772, .F. ) ;
#2420 = CIRCLE ( 'NONE', #368, 4.988101944822997100 ) ;
#2421 = CARTESIAN_POINT ( 'NONE',  ( 5.131931558375109500, 0.9447664043787463700, -1.518068441624890900 ) ) ;
#2422 = CARTESIAN_POINT ( 'NONE',  ( -2.300000000000003400, 0.6000000000000010900, -0.5000000000000008900 ) ) ;
#2423 = ORIENTED_EDGE ( 'NONE', *, *, #298, .F. ) ;
#2424 = VECTOR ( 'NONE', #37, 1000.000000000000000 ) ;
#2425 = AXIS2_PLACEMENT_3D ( 'NONE', #3855, #3519, #2190 ) ;
#2426 = ORIENTED_EDGE ( 'NONE', *, *, #216, .T. ) ;
#2427 = CARTESIAN_POINT ( 'NONE',  ( 5.499999999999998200, 0.0000000000000000000, -0.5000000000000008900 ) ) ;
#2428 = CARTESIAN_POINT ( 'NONE',  ( -4.344830656427729000, 0.3000000000000011500, -0.6054438431171101900 ) ) ;
#2429 = ORIENTED_EDGE ( 'NONE', *, *, #4151, .T. ) ;
#2430 = CARTESIAN_POINT ( 'NONE',  ( -4.775000000000001200, 0.8000000000000027100, 4.336808689942017700E-016 ) ) ;
#2431 = AXIS2_PLACEMENT_3D ( 'NONE', #2815, #1506, #3449 ) ;
#2432 = VECTOR ( 'NONE', #851, 1000.000000000000000 ) ;
#2433 = CARTESIAN_POINT ( 'NONE',  ( 4.761662766020314100, 0.8807822314315263400, 1.491276959719572500 ) ) ;
#2434 = DIRECTION ( 'NONE',  ( 0.0000000000000000000, -1.000000000000000000, 0.0000000000000000000 ) ) ;
#2435 = DIRECTION ( 'NONE',  ( -1.000000000000000000, 0.0000000000000000000, 0.0000000000000000000 ) ) ;
#2436 = VERTEX_POINT ( 'NONE', #3492 ) ;
#2437 = DIRECTION ( 'NONE',  ( 0.7080771727001570200, 0.0000000000000000000, -0.7061350561337059700 ) ) ;
#2438 = ORIENTED_EDGE ( 'NONE', *, *, #550, .T. ) ;
#2439 = EDGE_CURVE ( 'NONE', #4250, #3552, #2893, .T. ) ;
#2440 = STYLED_ITEM ( 'NONE', ( #1147 ), #3650 ) ;
#2441 = CARTESIAN_POINT ( 'NONE',  ( -5.129036888286784700, 1.000000000000001300, -4.336808689942017700E-016 ) ) ;
#2442 = VECTOR ( 'NONE', #3902, 1000.000000000000000 ) ;
#2443 = ADVANCED_FACE ( 'NONE', ( #3441 ), #3277, .T. ) ;
#2444 = CARTESIAN_POINT ( 'NONE',  ( -1.734723475976807100E-015, 1.800000000000001600, -4.336808689942017700E-016 ) ) ;
#2445 = EDGE_LOOP ( 'NONE', ( #2201, #1545, #2887, #268 ) ) ;
#2446 = DIRECTION ( 'NONE',  ( 0.0000000000000000000, 1.000000000000000000, 2.212657495013105100E-017 ) ) ;
#2447 = EDGE_CURVE ( 'NONE', #3469, #52, #2279, .T. ) ;
#2448 = DIRECTION ( 'NONE',  ( -5.334096698495038600E-016, 0.0000000000000000000, 1.000000000000000000 ) ) ;
#2449 = CARTESIAN_POINT ( 'NONE',  ( 4.756451059044190200, 0.9355879369931557900, 1.517268320794836100 ) ) ;
#2450 = CARTESIAN_POINT ( 'NONE',  ( -1.800000000000002900, 0.3000000000000011500, -4.336808689942017700E-016 ) ) ;
#2451 = CARTESIAN_POINT ( 'NONE',  ( -1.734723475976807100E-015, 1.338119784671199600, -4.336808689942017700E-016 ) ) ;
#2452 = MECHANICAL_DESIGN_GEOMETRIC_PRESENTATION_REPRESENTATION (  '', ( #2581 ), #3662 ) ;
#2453 = CYLINDRICAL_SURFACE ( 'NONE', #2341, 5.000000000000001800 ) ;
#2454 = CARTESIAN_POINT ( 'NONE',  ( -2.063754311186435200, 0.6000000000000010900, -0.4362456888135656800 ) ) ;
#2455 = CARTESIAN_POINT ( 'NONE',  ( 1.405103543328512000, 0.6000000000000010900, 5.124999999999999100 ) ) ;
#2456 = ORIENTED_EDGE ( 'NONE', *, *, #1987, .F. ) ;
#2457 = CARTESIAN_POINT ( 'NONE',  ( 2.267683769473134000, 0.3000000000000004900, 0.5701095195372600800 ) ) ;
#2458 = AXIS2_PLACEMENT_3D ( 'NONE', #3859, #126, #3506 ) ;
#2459 = ORIENTED_EDGE ( 'NONE', *, *, #601, .T. ) ;
#2460 = ORIENTED_EDGE ( 'NONE', *, *, #755, .T. ) ;
#2461 = CARTESIAN_POINT ( 'NONE',  ( 4.975000000000000500, 1.164914703891416500, -4.336808689942017700E-016 ) ) ;
#2462 = CARTESIAN_POINT ( 'NONE',  ( -5.500000000000000000, 0.3000000000000001000, 0.5000000000000000000 ) ) ;
#2463 = ADVANCED_FACE ( 'NONE', ( #593 ), #3817, .F. ) ;
#2464 = CARTESIAN_POINT ( 'NONE',  ( 5.093555332430172600, 1.192622389734054900E-015, -4.886898061281787200 ) ) ;
#2465 = LINE ( 'NONE', #1964, #2199 ) ;
#2466 = ORIENTED_EDGE ( 'NONE', *, *, #4345, .F. ) ;
#2467 = EDGE_LOOP ( 'NONE', ( #1999, #1219, #590, #511 ) ) ;
#2468 = PLANE ( 'NONE',  #3128 ) ;
#2469 = LINE ( 'NONE', #2775, #1640 ) ;
#2470 = LINE ( 'NONE', #709, #412 ) ;
#2471 = CARTESIAN_POINT ( 'NONE',  ( 1.671192410273578700, 1.650000000000003500, -5.094971831752794800 ) ) ;
#2472 = EDGE_LOOP ( 'NONE', ( #558, #3278, #3454, #1880, #3163, #35, #417, #3954, #1197, #1499 ) ) ;
#2473 = EDGE_CURVE ( 'NONE', #1182, #2621, #1397, .T. ) ;
#2474 = VECTOR ( 'NONE', #655, 1000.000000000000000 ) ;
#2475 = CARTESIAN_POINT ( 'NONE',  ( 2.063754311186431600, 0.3000000000000004900, 0.4362456888135656800 ) ) ;
#2476 = ORIENTED_EDGE ( 'NONE', *, *, #3341, .T. ) ;
#2477 = B_SPLINE_CURVE_WITH_KNOTS ( 'NONE', 3,
 ( #2027, #1685, #3353, #4036, #2682, #701, #3013, #3373, #2374, #1984, #2695 ),
 .UNSPECIFIED., .F., .F.,
 ( 4, 1, 1, 1, 1, 1, 1, 1, 4 ),
 ( 0.0000000000000000000, 0.0002251817512027470900, 0.0004689167223527826700, 0.0007126516935028182300, 0.0009378334447055657800, 0.001163015195908312900, 0.001406750167058348500, 0.001650485138208384100, 0.001875666889411130700 ),
 .UNSPECIFIED. ) ;
#2478 = CARTESIAN_POINT ( 'NONE',  ( 4.625685232622717400, 0.6000000000000010900, 5.124999999999999100 ) ) ;
#2479 = CARTESIAN_POINT ( 'NONE',  ( 4.775791356853311200, 1.444372071471415000, -1.544251665154184900 ) ) ;
#2480 = ORIENTED_EDGE ( 'NONE', *, *, #1200, .F. ) ;
#2481 = EDGE_CURVE ( 'NONE', #3192, #3661, #3876, .T. ) ;
#2482 = DIRECTION ( 'NONE',  ( -0.0000000000000000000, -1.000000000000000000, -0.0000000000000000000 ) ) ;
#2483 = DIRECTION ( 'NONE',  ( 1.000000000000000000, 0.0000000000000000000, 0.0000000000000000000 ) ) ;
#2484 = CARTESIAN_POINT ( 'NONE',  ( -1.734723475976807100E-015, 0.8000000000000027100, -1.301042606982605300E-015 ) ) ;
#2485 = ORIENTED_EDGE ( 'NONE', *, *, #110, .F. ) ;
#2486 = DIRECTION ( 'NONE',  ( 0.0000000000000000000, 1.000000000000000000, 1.112002228184140900E-017 ) ) ;
#2487 = AXIS2_PLACEMENT_3D ( 'NONE', #83, #3113, #2754 ) ;
#2488 = ADVANCED_FACE ( 'NONE', ( #2539 ), #4245, .F. ) ;
#2489 = ORIENTED_EDGE ( 'NONE', *, *, #3838, .T. ) ;
#2490 = CARTESIAN_POINT ( 'NONE',  ( -2.936245688813569300, 0.6000000000000010900, -0.4362456888135665700 ) ) ;
#2491 = CARTESIAN_POINT ( 'NONE',  ( 1.427104734838875700, 0.6024502815374432900, -4.766054427904845300 ) ) ;
#2492 = ORIENTED_EDGE ( 'NONE', *, *, #804, .T. ) ;
#2493 = CARTESIAN_POINT ( 'NONE',  ( 4.344830656427725500, 1.192622389734054900E-015, 0.6054438431171093000 ) ) ;
#2494 = CARTESIAN_POINT ( 'NONE',  ( 1.839717538262106300, 1.650000000010324100, 4.681519278270651600 ) ) ;
#2495 = LINE ( 'NONE', #3138, #2442 ) ;
#2496 = CARTESIAN_POINT ( 'NONE',  ( -1.734723475976807100E-015, 2.449519052838325700, 4.800000000000000700 ) ) ;
#2497 = VERTEX_POINT ( 'NONE', #2936 ) ;
#2498 =( NAMED_UNIT ( * ) SI_UNIT ( $, .STERADIAN. ) SOLID_ANGLE_UNIT ( ) );
#2499 = EDGE_CURVE ( 'NONE', #2497, #980, #3442, .T. ) ;
#2500 = CARTESIAN_POINT ( 'NONE',  ( -4.450000000000001100, 1.192622389734054900E-015, 0.9000000000000002400 ) ) ;
#2501 = CARTESIAN_POINT ( 'NONE',  ( -1.412471966413624900, 0.5999999999998078000, 4.770283738324192900 ) ) ;
#2502 = ORIENTED_EDGE ( 'NONE', *, *, #1496, .F. ) ;
#2503 = CARTESIAN_POINT ( 'NONE',  ( -2.500000000000002200, 0.3000000000000011500, -4.336808689942017700E-016 ) ) ;
#2504 = ORIENTED_EDGE ( 'NONE', *, *, #2212, .F. ) ;
#2505 = EDGE_CURVE ( 'NONE', #3596, #1473, #1660, .T. ) ;
#2506 = DIRECTION ( 'NONE',  ( 0.0000000000000000000, -1.000000000000000000, 2.319149032054553100E-017 ) ) ;
#2507 = CARTESIAN_POINT ( 'NONE',  ( -1.734723475976807100E-015, 2.146410161495260600, -4.336808689942017700E-016 ) ) ;
#2508 = CARTESIAN_POINT ( 'NONE',  ( 4.461954503236346300, 10.40000000000000200, 1.784107384213940800 ) ) ;
#2509 = VERTEX_POINT ( 'NONE', #1929 ) ;
#2510 = ORIENTED_EDGE ( 'NONE', *, *, #2447, .T. ) ;
#2511 = CARTESIAN_POINT ( 'NONE',  ( -1.929890480462740800, 0.6000000000000010900, -0.2323162305268642900 ) ) ;
#2512 = CARTESIAN_POINT ( 'NONE',  ( -1.419889416376413500, 0.6008229513329029800, 4.768125892395822500 ) ) ;
#2513 = VECTOR ( 'NONE', #3875, 1000.000000000000000 ) ;
#2514 = DIRECTION ( 'NONE',  ( 1.000000000000000000, 0.0000000000000000000, 0.0000000000000000000 ) ) ;
#2515 = ORIENTED_EDGE ( 'NONE', *, *, #971, .F. ) ;
#2516 = ORIENTED_EDGE ( 'NONE', *, *, #1175, .T. ) ;
#2517 = AXIS2_PLACEMENT_3D ( 'NONE', #3140, #2448, #1801 ) ;
#2518 = VECTOR ( 'NONE', #4093, 1000.000000000000000 ) ;
#2519 = ORIENTED_EDGE ( 'NONE', *, *, #835, .T. ) ;
#2520 = VERTEX_POINT ( 'NONE', #2297 ) ;
#2521 = CARTESIAN_POINT ( 'NONE',  ( -1.506063621301243300, 0.7157007868716133100, -4.747922405438593800 ) ) ;
#2522 = CARTESIAN_POINT ( 'NONE',  ( -1.734723475976807100E-015, 1.650000000020646700, -4.336808689942017700E-016 ) ) ;
#2523 = CARTESIAN_POINT ( 'NONE',  ( 5.124999999999994700, 0.6000000000000010900, -4.918342728851614600 ) ) ;
#2524 = CARTESIAN_POINT ( 'NONE',  ( 2.599999999999998300, 0.4000000000000006300, -4.336808689942017700E-016 ) ) ;
#2525 = LINE ( 'NONE', #759, #410 ) ;
#2526 = LINE ( 'NONE', #714, #1732 ) ;
#2527 = EDGE_CURVE ( 'NONE', #424, #797, #3224, .T. ) ;
#2528 = ORIENTED_EDGE ( 'NONE', *, *, #813, .F. ) ;
#2529 = DIRECTION ( 'NONE',  ( -1.000000000000000000, 0.0000000000000000000, 0.0000000000000000000 ) ) ;
#2530 = EDGE_CURVE ( 'NONE', #429, #472, #588, .T. ) ;
#2531 = DIRECTION ( 'NONE',  ( 1.112002228197107000E-017, -1.000000000000000000, -1.112002228197107000E-017 ) ) ;
#2532 = CARTESIAN_POINT ( 'NONE',  ( -1.734723475976807100E-015, 1.650000000000001200, -4.336808689942017700E-016 ) ) ;
#2533 = LINE ( 'NONE', #2441, #2267 ) ;
#2534 = VERTEX_POINT ( 'NONE', #4010 ) ;
#2535 = DIRECTION ( 'NONE',  ( 1.000000000000000000, 0.0000000000000000000, 0.0000000000000000000 ) ) ;
#2536 = EDGE_LOOP ( 'NONE', ( #2116, #125, #1983, #1679, #2079, #3927, #4229, #165 ) ) ;
#2537 = DIRECTION ( 'NONE',  ( -1.000000000000000000, 1.355252715606880500E-016, -0.0000000000000000000 ) ) ;
#2538 = AXIS2_PLACEMENT_3D ( 'NONE', #1551, #1168, #2535 ) ;
#2539 = FACE_OUTER_BOUND ( 'NONE', #958, .T. ) ;
#2540 = DIRECTION ( 'NONE',  ( 0.0000000000000000000, 0.0000000000000000000, 1.000000000000000000 ) ) ;
#2541 = VERTEX_POINT ( 'NONE', #987 ) ;
#2542 = LINE ( 'NONE', #901, #1664 ) ;
#2543 = CARTESIAN_POINT ( 'NONE',  ( 3.776515850214581200, 10.40000000000000200, -2.964953173309401900 ) ) ;
#2544 = STYLED_ITEM ( 'NONE', ( #203 ), #3800 ) ;
#2545 = ORIENTED_EDGE ( 'NONE', *, *, #1460, .T. ) ;
#2546 = DIRECTION ( 'NONE',  ( 0.0000000000000000000, 1.000000000000000000, 0.0000000000000000000 ) ) ;
#2547 = CARTESIAN_POINT ( 'NONE',  ( 4.594240565052889000, 1.192622389734054900E-015, 5.093555332430175200 ) ) ;
#2548 = EDGE_CURVE ( 'NONE', #3724, #689, #4344, .T. ) ;
#2549 = DIRECTION ( 'NONE',  ( -0.0000000000000000000, 1.000000000000000000, -0.0000000000000000000 ) ) ;
#2550 = CARTESIAN_POINT ( 'NONE',  ( 4.627049146062378600, 0.6260250187724589700, 5.126363913439662100 ) ) ;
#2551 = FACE_OUTER_BOUND ( 'NONE', #4061, .T. ) ;
#2552 = CARTESIAN_POINT ( 'NONE',  ( -1.929890480462740800, 0.3000000000000004900, -0.2323162305268642900 ) ) ;
#2553 = EDGE_CURVE ( 'NONE', #3723, #3508, #2386, .T. ) ;
#2554 = ORIENTED_EDGE ( 'NONE', *, *, #438, .F. ) ;
#2555 = DIRECTION ( 'NONE',  ( 0.0000000000000000000, 1.000000000000000000, 0.0000000000000000000 ) ) ;
#2556 = ORIENTED_EDGE ( 'NONE', *, *, #4353, .T. ) ;
#2557 = AXIS2_PLACEMENT_3D ( 'NONE', #1024, #25, #1712 ) ;
#2558 = FACE_OUTER_BOUND ( 'NONE', #3763, .T. ) ;
#2559 = EDGE_LOOP ( 'NONE', ( #2466, #2575, #4305, #3381, #2165, #830, #4190, #629 ) ) ;
#2560 = VECTOR ( 'NONE', #3416, 1000.000000000000000 ) ;
#2561 = CARTESIAN_POINT ( 'NONE',  ( 5.093555332430173400, 1.192622389734054900E-015, 4.594240565052885500 ) ) ;
#2562 = VECTOR ( 'NONE', #2215, 1000.000000000000000 ) ;
#2563 = AXIS2_PLACEMENT_3D ( 'NONE', #495, #1181, #2184 ) ;
#2564 = ORIENTED_EDGE ( 'NONE', *, *, #1940, .F. ) ;
#2565 = CYLINDRICAL_SURFACE ( 'NONE', #2282, 0.1000000000000000500 ) ;
#2566 = VERTEX_POINT ( 'NONE', #3050 ) ;
#2567 = CARTESIAN_POINT ( 'NONE',  ( -4.344830656427729000, 0.3000000000000011500, 0.6054438431171084200 ) ) ;
#2568 = CARTESIAN_POINT ( 'NONE',  ( -1.734723475976807100E-015, 2.449519052838325700, -4.336808689942017700E-016 ) ) ;
#2569 = EDGE_CURVE ( 'NONE', #1689, #2759, #267, .T. ) ;
#2570 = VERTEX_POINT ( 'NONE', #81 ) ;
#2571 = CARTESIAN_POINT ( 'NONE',  ( 3.135219204599615700, 10.39999999918005000, 3.634640445045441500 ) ) ;
#2572 = DIRECTION ( 'NONE',  ( 1.000000000000000000, -0.0000000000000000000, -0.0000000000000000000 ) ) ;
#2573 = FACE_OUTER_BOUND ( 'NONE', #1603, .T. ) ;
#2574 = CARTESIAN_POINT ( 'NONE',  ( 4.349999999999999600, 1.192622389734054900E-015, -0.7053101431738948400 ) ) ;
#2575 = ORIENTED_EDGE ( 'NONE', *, *, #1521, .T. ) ;
#2576 = EDGE_CURVE ( 'NONE', #249, #1689, #1498, .T. ) ;
#2577 = CARTESIAN_POINT ( 'NONE',  ( 4.594240565052889000, 1.192622389734054900E-015, 5.093555332430175200 ) ) ;
#2578 = DIRECTION ( 'NONE',  ( 0.0000000000000000000, 1.000000000000000000, 0.0000000000000000000 ) ) ;
#2579 = ORIENTED_EDGE ( 'NONE', *, *, #2957, .T. ) ;
#2580 = DIRECTION ( 'NONE',  ( -1.000000000000000000, 0.0000000000000000000, 0.0000000000000000000 ) ) ;
#2581 = STYLED_ITEM ( 'NONE', ( #3719 ), #23 ) ;
#2582 = CARTESIAN_POINT ( 'NONE',  ( -2.700000000000002800, 4.336808689942017700E-016, -0.5000000000000008900 ) ) ;
#2583 = ORIENTED_EDGE ( 'NONE', *, *, #2365, .T. ) ;
#2584 = CARTESIAN_POINT ( 'NONE',  ( 3.093727730194883600, 10.40000000041152500, 3.670403897181617300 ) ) ;
#2585 = VECTOR ( 'NONE', #3415, 1000.000000000000000 ) ;
#2586 = DIRECTION ( 'NONE',  ( 0.0000000000000000000, 1.000000000000000000, 0.0000000000000000000 ) ) ;
#2587 = EDGE_LOOP ( 'NONE', ( #763, #228, #2743, #2528 ) ) ;
#2588 = AXIS2_PLACEMENT_3D ( 'NONE', #1869, #3891, #2845 ) ;
#2589 = DIRECTION ( 'NONE',  ( -0.7080771727001569100, 0.0000000000000000000, 0.7061350561337059700 ) ) ;
#2590 = CARTESIAN_POINT ( 'NONE',  ( 3.099999999999998800, 0.3000000000000012100, -4.336808689942017700E-016 ) ) ;
#2591 = VERTEX_POINT ( 'NONE', #798 ) ;
#2592 = EDGE_LOOP ( 'NONE', ( #4285, #2707, #3768, #2271, #2821, #2837 ) ) ;
#2593 = PLANE ( 'NONE',  #3363 ) ;
#2594 = EDGE_CURVE ( 'NONE', #3542, #1448, #1610, .T. ) ;
#2595 = CARTESIAN_POINT ( 'NONE',  ( -2.500000000000002200, 0.3000000000000012100, 0.6143539149150406600 ) ) ;
#2596 = CARTESIAN_POINT ( 'NONE',  ( 1.485801701820195700, 0.6398175299917620000, 4.750139040335199100 ) ) ;
#2597 = ADVANCED_FACE ( 'NONE', ( #957 ), #1807, .F. ) ;
#2598 = ORIENTED_EDGE ( 'NONE', *, *, #1491, .T. ) ;
#2599 = EDGE_CURVE ( 'NONE', #1028, #2770, #4092, .T. ) ;
#2600 = DIRECTION ( 'NONE',  ( -1.000000000000000000, 0.0000000000000000000, 0.0000000000000000000 ) ) ;
#2601 = DIRECTION ( 'NONE',  ( 5.319486328579990300E-016, -2.787824654073759300E-017, -1.000000000000000000 ) ) ;
#2602 = DIRECTION ( 'NONE',  ( 1.000000000000000000, 0.0000000000000000000, -1.084202172485501700E-015 ) ) ;
#2603 = DIRECTION ( 'NONE',  ( 1.000000000000000000, 0.0000000000000000000, -2.168404344971003300E-015 ) ) ;
#2604 = EDGE_LOOP ( 'NONE', ( #1441, #2280, #2350, #1619, #2263, #3959, #130, #1084, #2797, #214, #3848, #2404, #609, #3355, #2747, #1793 ) ) ;
#2605 = ORIENTED_EDGE ( 'NONE', *, *, #2276, .F. ) ;
#2606 = CARTESIAN_POINT ( 'NONE',  ( -2.267683769473137500, 0.3000000000000004900, -0.5701095195372609700 ) ) ;
#2607 = EDGE_CURVE ( 'NONE', #3531, #2591, #3870, .T. ) ;
#2608 = CARTESIAN_POINT ( 'NONE',  ( 5.093555332430173400, 1.301042606982605300E-015, -4.594240565052889000 ) ) ;
#2609 = VECTOR ( 'NONE', #2913, 1000.000000000000000 ) ;
#2610 = ORIENTED_EDGE ( 'NONE', *, *, #3898, .F. ) ;
#2611 = PLANE ( 'NONE',  #14 ) ;
#2612 = CARTESIAN_POINT ( 'NONE',  ( 1.449994737597833700, 0.6098958773211931000, 4.759561817197412600 ) ) ;
#2613 = CIRCLE ( 'NONE', #3916, 0.1999999999999979300 ) ;
#2614 = DIRECTION ( 'NONE',  ( 5.334096698495038600E-016, 0.0000000000000000000, 1.000000000000000000 ) ) ;
#2615 = ORIENTED_EDGE ( 'NONE', *, *, #1289, .T. ) ;
#2616 = AXIS2_PLACEMENT_3D ( 'NONE', #347, #407, #3398 ) ;
#2617 = CARTESIAN_POINT ( 'NONE',  ( 2.936245688813565700, 0.6000000000000010900, -0.4362456888135656800 ) ) ;
#2618 = FACE_OUTER_BOUND ( 'NONE', #719, .T. ) ;
#2619 = DIRECTION ( 'NONE',  ( -5.334096698495038600E-016, -0.0000000000000000000, -1.000000000000000000 ) ) ;
#2620 = VECTOR ( 'NONE', #3170, 1000.000000000000000 ) ;
#2621 = VERTEX_POINT ( 'NONE', #1148 ) ;
#2622 = CARTESIAN_POINT ( 'NONE',  ( 2.700000000000001100, 4.336808689942017700E-016, 0.5000000000000000000 ) ) ;
#2623 = DIRECTION ( 'NONE',  ( 0.0000000000000000000, 0.0000000000000000000, 1.000000000000000000 ) ) ;
#2624 = AXIS2_PLACEMENT_3D ( 'NONE', #2222, #2247, #1242 ) ;
#2625 = LINE ( 'NONE', #723, #361 ) ;
#2626 = ORIENTED_EDGE ( 'NONE', *, *, #3592, .T. ) ;
#2627 = VECTOR ( 'NONE', #1374, 1000.000000000000000 ) ;
#2628 = DIRECTION ( 'NONE',  ( 1.000000000000000000, -1.355252715606880500E-016, 0.0000000000000000000 ) ) ;
#2629 = CARTESIAN_POINT ( 'NONE',  ( -3.070109519537263400, 0.3000000000000012100, 0.2323162305268651800 ) ) ;
#2630 = ORIENTED_EDGE ( 'NONE', *, *, #3110, .F. ) ;
#2631 = EDGE_CURVE ( 'NONE', #1052, #1241, #3326, .T. ) ;
#2632 = CARTESIAN_POINT ( 'NONE',  ( -5.500000000000000000, 0.0000000000000000000, -0.5000000000000008900 ) ) ;
#2633 = LINE ( 'NONE', #3722, #3812 ) ;
#2634 = ORIENTED_EDGE ( 'NONE', *, *, #4186, .T. ) ;
#2635 = CARTESIAN_POINT ( 'NONE',  ( -1.732414259489923700, 1.000000000000339100, 4.686636108895913600 ) ) ;
#2636 = EDGE_CURVE ( 'NONE', #3584, #626, #330, .T. ) ;
#2637 = VERTEX_POINT ( 'NONE', #452 ) ;
#2638 = CARTESIAN_POINT ( 'NONE',  ( 2.599999999999998300, 0.4000000000000006300, 0.5000000000000000000 ) ) ;
#2639 = FACE_OUTER_BOUND ( 'NONE', #1412, .T. ) ;
#2640 = VERTEX_POINT ( 'NONE', #2461 ) ;
#2641 = DIRECTION ( 'NONE',  ( 1.000000000000000000, -0.0000000000000000000, -0.0000000000000000000 ) ) ;
#2642 = AXIS2_PLACEMENT_3D ( 'NONE', #1014, #2696, #3356 ) ;
#2643 = DIRECTION ( 'NONE',  ( 0.0000000000000000000, 0.0000000000000000000, 1.000000000000000000 ) ) ;
#2644 = FACE_OUTER_BOUND ( 'NONE', #848, .T. ) ;
#2645 = VERTEX_POINT ( 'NONE', #111 ) ;
#2646 = DIRECTION ( 'NONE',  ( 1.000000000000000000, 0.0000000000000000000, -5.334096698495038600E-016 ) ) ;
#2647 = ADVANCED_FACE ( 'NONE', ( #3434 ), #4171, .F. ) ;
#2648 = DIRECTION ( 'NONE',  ( 0.0000000000000000000, 1.000000000000000000, 0.0000000000000000000 ) ) ;
#2649 = CARTESIAN_POINT ( 'NONE',  ( 2.809380567756591100, 10.39999995266978200, 3.892713260147535600 ) ) ;
#2650 = CARTESIAN_POINT ( 'NONE',  ( -1.734723475976807100E-015, 0.9447664043757066900, 1.518068441624730300 ) ) ;
#2651 = AXIS2_PLACEMENT_3D ( 'NONE', #2841, #4254, #3921 ) ;
#2652 = CARTESIAN_POINT ( 'NONE',  ( 5.499999999999998200, 0.3000000000000001000, -0.5000000000000008900 ) ) ;
#2653 = DIRECTION ( 'NONE',  ( 0.0000000000000000000, 4.638298064109106200E-017, 1.000000000000000000 ) ) ;
#2654 = LINE ( 'NONE', #1500, #2239 ) ;
#2655 = CARTESIAN_POINT ( 'NONE',  ( -5.150000000000000400, 0.6000000000000010900, -2.899999999999986600 ) ) ;
#2656 = CARTESIAN_POINT ( 'NONE',  ( -5.150000000000000400, 0.6000000000000010900, 2.899999999999976800 ) ) ;
#2657 = PRODUCT_DEFINITION_FORMATION_WITH_SPECIFIED_SOURCE ( 'ANY', '', #721, .NOT_KNOWN. ) ;
#2658 = CARTESIAN_POINT ( 'NONE',  ( -1.734723475976807100E-015, 0.8500000000000012000, -4.336808689942017700E-016 ) ) ;
#2659 = CARTESIAN_POINT ( 'NONE',  ( 4.756290791566477200, 0.9340624541377531300, -1.517507471364778000 ) ) ;
#2660 = EDGE_CURVE ( 'NONE', #481, #1879, #2948, .T. ) ;
#2661 = CARTESIAN_POINT ( 'NONE',  ( 1.899999999999999000, 0.6000000000000010900, -4.336808689942017700E-016 ) ) ;
#2662 = CARTESIAN_POINT ( 'NONE',  ( -2.700000000000002800, 0.3000000000000004900, -0.5000000000000008900 ) ) ;
#2663 = ORIENTED_EDGE ( 'NONE', *, *, #555, .T. ) ;
#2664 = LINE ( 'NONE', #3607, #2867 ) ;
#2665 = VERTEX_POINT ( 'NONE', #3159 ) ;
#2666 = VERTEX_POINT ( 'NONE', #3497 ) ;
#2667 = LINE ( 'NONE', #3432, #3466 ) ;
#2668 = LINE ( 'NONE', #1844, #2206 ) ;
#2669 = CARTESIAN_POINT ( 'NONE',  ( -2.629289321881347800, 0.3000000000000001000, 0.5000000000000000000 ) ) ;
#2670 = EDGE_LOOP ( 'NONE', ( #3319, #3933, #1359, #98 ) ) ;
#2671 = FACE_OUTER_BOUND ( 'NONE', #2066, .T. ) ;
#2672 = CARTESIAN_POINT ( 'NONE',  ( -1.734723475976807100E-015, 0.6000000000000010900, -4.336808689942017700E-016 ) ) ;
#2673 = VECTOR ( 'NONE', #4071, 1000.000000000000000 ) ;
#2674 = AXIS2_PLACEMENT_3D ( 'NONE', #2532, #1162, #2943 ) ;
#2675 = ORIENTED_EDGE ( 'NONE', *, *, #808, .T. ) ;
#2676 = DIRECTION ( 'NONE',  ( 0.0000000000000000000, 1.000000000000000000, 4.425314989718189500E-017 ) ) ;
#2677 = VECTOR ( 'NONE', #4194, 1000.000000000000000 ) ;
#2678 = CARTESIAN_POINT ( 'NONE',  ( 4.874999999969984900, 1.338119784671199600, -4.336808689942017700E-016 ) ) ;
#2679 = VERTEX_POINT ( 'NONE', #148 ) ;
#2680 = DIRECTION ( 'NONE',  ( -1.000000000000000000, 0.0000000000000000000, 0.0000000000000000000 ) ) ;
#2681 = ORIENTED_EDGE ( 'NONE', *, *, #2527, .T. ) ;
#2682 = CARTESIAN_POINT ( 'NONE',  ( 2.732316230526863300, 0.6000000000000010900, 0.5701095195372600800 ) ) ;
#2683 = DIRECTION ( 'NONE',  ( 1.000000000000000000, -0.0000000000000000000, -0.0000000000000000000 ) ) ;
#2684 = ORIENTED_EDGE ( 'NONE', *, *, #2849, .T. ) ;
#2685 = EDGE_CURVE ( 'NONE', #2780, #4118, #2275, .T. ) ;
#2686 = DIRECTION ( 'NONE',  ( 0.9986295347545739400, 0.05233595624294395300, 0.0000000000000000000 ) ) ;
#2687 = VECTOR ( 'NONE', #470, 1000.000000000000000 ) ;
#2688 = DIRECTION ( 'NONE',  ( 1.000000000000000000, 0.0000000000000000000, 0.0000000000000000000 ) ) ;
#2689 = CARTESIAN_POINT ( 'NONE',  ( -1.734723475976807100E-015, 1.650000000000001700, -5.094971831752793900 ) ) ;
#2690 = VERTEX_POINT ( 'NONE', #1785 ) ;
#2691 = CARTESIAN_POINT ( 'NONE',  ( -1.734723475976807100E-015, 1.453589838486224000, -4.336808689942017700E-016 ) ) ;
#2692 = EDGE_CURVE ( 'NONE', #641, #3000, #805, .T. ) ;
#2693 = ORIENTED_EDGE ( 'NONE', *, *, #2771, .T. ) ;
#2694 = CARTESIAN_POINT ( 'NONE',  ( -1.734723475976807100E-015, 1.365700786872884500, 1.540128677835285600 ) ) ;
#2695 = CARTESIAN_POINT ( 'NONE',  ( 1.899999999999999000, 0.6000000000000010900, -4.336808689942017700E-016 ) ) ;
#2696 = DIRECTION ( 'NONE',  ( -1.000000000000000000, 0.0000000000000000000, 1.119571596451685300E-016 ) ) ;
#2697 = VERTEX_POINT ( 'NONE', #3541 ) ;
#2698 = CARTESIAN_POINT ( 'NONE',  ( 4.874999999999997300, 1.800000000000001600, -1.301042606982605300E-015 ) ) ;
#2699 = CARTESIAN_POINT ( 'NONE',  ( -1.734723475976807100E-015, 1.800000000000001600, -4.336808689942017700E-016 ) ) ;
#2700 = PLANE ( 'NONE',  #3447 ) ;
#2701 = DIRECTION ( 'NONE',  ( 0.0000000000000000000, -1.000000000000000000, 0.0000000000000000000 ) ) ;
#2702 = DIRECTION ( 'NONE',  ( 0.0000000000000000000, 1.000000000000000000, 0.0000000000000000000 ) ) ;
#2703 = ORIENTED_EDGE ( 'NONE', *, *, #4157, .T. ) ;
#2704 = DIRECTION ( 'NONE',  ( 0.0000000000000000000, 1.000000000000000000, 0.0000000000000000000 ) ) ;
#2705 = CARTESIAN_POINT ( 'NONE',  ( -5.131914275072812600, 0.9450961894323354200, 1.554903810567664900 ) ) ;
#2706 = ORIENTED_EDGE ( 'NONE', *, *, #4038, .T. ) ;
#2707 = ORIENTED_EDGE ( 'NONE', *, *, #28, .F. ) ;
#2708 = EDGE_CURVE ( 'NONE', #3792, #2534, #3488, .T. ) ;
#2709 = LINE ( 'NONE', #1690, #2816 ) ;
#2710 = ORIENTED_EDGE ( 'NONE', *, *, #4084, .T. ) ;
#2711 = ORIENTED_EDGE ( 'NONE', *, *, #1465, .F. ) ;
#2712 = EDGE_CURVE ( 'NONE', #1627, #2509, #4348, .T. ) ;
#2713 = DIRECTION ( 'NONE',  ( 0.0000000000000000000, -1.000000000000000000, 0.0000000000000000000 ) ) ;
#2714 = DIRECTION ( 'NONE',  ( 1.000000000000000000, 0.0000000000000000000, 0.0000000000000000000 ) ) ;
#2715 = LINE ( 'NONE', #3392, #2518 ) ;
#2716 = ORIENTED_EDGE ( 'NONE', *, *, #1284, .F. ) ;
#2717 = FACE_OUTER_BOUND ( 'NONE', #3615, .T. ) ;
#2718 = CARTESIAN_POINT ( 'NONE',  ( 1.540128677835282700, 1.365700786872830400, -5.109871322164704700 ) ) ;
#2719 = CYLINDRICAL_SURFACE ( 'NONE', #283, 0.2999999999999999300 ) ;
#2720 = LINE ( 'NONE', #3760, #2874 ) ;
#2721 = DIRECTION ( 'NONE',  ( 0.0000000000000000000, 0.0000000000000000000, -1.000000000000000000 ) ) ;
#2722 = EDGE_LOOP ( 'NONE', ( #2124, #3926, #1214, #1849 ) ) ;
#2723 = B_SPLINE_CURVE_WITH_KNOTS ( 'NONE', 3,
 ( #3825, #108, #1753, #2475, #2457, #421, #1101, #2136, #3456, #1406, #435 ),
 .UNSPECIFIED., .F., .F.,
 ( 4, 1, 1, 1, 1, 1, 1, 1, 4 ),
 ( 0.0000000000000000000, 0.0002251817512027464600, 0.0004689167223527818100, 0.0007126516935028171500, 0.0009378334447055640400, 0.001163015195908311400, 0.001406750167058346800, 0.001650485138208382200, 0.001875666889411129000 ),
 .UNSPECIFIED. ) ;
#2724 = VECTOR ( 'NONE', #4249, 1000.000000000000000 ) ;
#2725 = ORIENTED_EDGE ( 'NONE', *, *, #2417, .F. ) ;
#2726 = AXIS2_PLACEMENT_3D ( 'NONE', #600, #2949, #3952 ) ;
#2727 = FACE_OUTER_BOUND ( 'NONE', #1726, .T. ) ;
#2728 = VERTEX_POINT ( 'NONE', #1193 ) ;
#2729 = CARTESIAN_POINT ( 'NONE',  ( -3.100000000000001900, 0.6000000000000010900, 4.336808689942017700E-016 ) ) ;
#2730 = CARTESIAN_POINT ( 'NONE',  ( -2.732316230526866900, 0.6000000000000010900, 0.5701095195372609700 ) ) ;
#2731 = LINE ( 'NONE', #1941, #4026 ) ;
#2732 = ORIENTED_EDGE ( 'NONE', *, *, #2790, .F. ) ;
#2733 = EDGE_CURVE ( 'NONE', #1905, #4239, #3985, .T. ) ;
#2734 = ADVANCED_FACE ( 'NONE', ( #220 ), #1277, .T. ) ;
#2735 = ORIENTED_EDGE ( 'NONE', *, *, #2576, .T. ) ;
#2736 = LINE ( 'NONE', #1126, #3761 ) ;
#2737 = EDGE_CURVE ( 'NONE', #1034, #4242, #3386, .T. ) ;
#2738 = CARTESIAN_POINT ( 'NONE',  ( -1.734723475976807100E-015, 2.276313972097887600, -4.336808689942017700E-016 ) ) ;
#2739 = CARTESIAN_POINT ( 'NONE',  ( -2.899999999999999900, 0.6000000000000010900, 5.149999999999987900 ) ) ;
#2740 = CARTESIAN_POINT ( 'NONE',  ( -2.500000000000002200, 0.3000000000000012100, -0.6143539149150397700 ) ) ;
#2741 = CIRCLE ( 'NONE', #3759, 0.2000000000000057300 ) ;
#2742 = CARTESIAN_POINT ( 'NONE',  ( 4.344830656427725500, 0.3000000000000011500, -0.6054438431171093000 ) ) ;
#2743 = ORIENTED_EDGE ( 'NONE', *, *, #2530, .F. ) ;
#2744 = ORIENTED_EDGE ( 'NONE', *, *, #4073, .T. ) ;
#2745 = PLANE ( 'NONE',  #1051 ) ;
#2746 = EDGE_CURVE ( 'NONE', #1775, #1137, #1129, .T. ) ;
#2747 = ORIENTED_EDGE ( 'NONE', *, *, #2081, .F. ) ;
#2748 = B_SPLINE_CURVE_WITH_KNOTS ( 'NONE', 3,
 ( #479, #3537, #833, #506, #3520, #1863, #525, #2865, #1527, #2149, #3219, #1191, #2491, #2808, #1513, #3857 ),
 .UNSPECIFIED., .F., .F.,
 ( 4, 3, 3, 3, 3, 4 ),
 ( 1.820426783432475600E-017, 3.219500058927807600E-005, 6.436170364758598800E-005, 9.698645984490775300E-005, 0.0001309604227053741600, 0.0001538278715099999800 ),
 .UNSPECIFIED. ) ;
#2749 = DIRECTION ( 'NONE',  ( -0.0000000000000000000, 1.000000000000000000, -0.0000000000000000000 ) ) ;
#2750 = ORIENTED_EDGE ( 'NONE', *, *, #2553, .F. ) ;
#2751 = CARTESIAN_POINT ( 'NONE',  ( 4.449999999999995700, 1.192622389734054900E-015, -4.336808689942017700E-016 ) ) ;
#2752 = LINE ( 'NONE', #3996, #1352 ) ;
#2753 = CARTESIAN_POINT ( 'NONE',  ( -1.500000000000001300, 0.6000000000000010900, 5.124999999999999100 ) ) ;
#2754 = DIRECTION ( 'NONE',  ( 1.000000000000000000, 0.0000000000000000000, 0.0000000000000000000 ) ) ;
#2755 = ADVANCED_FACE ( 'NONE', ( #4299 ), #185, .F. ) ;
#2756 = CARTESIAN_POINT ( 'NONE',  ( -4.349999999999999600, 0.3000000000000011500, -0.7053101431738948400 ) ) ;
#2757 = SURFACE_STYLE_FILL_AREA ( #838 ) ;
#2758 = AXIS2_PLACEMENT_3D ( 'NONE', #594, #4281, #3284 ) ;
#2759 = VERTEX_POINT ( 'NONE', #4243 ) ;
#2760 = CARTESIAN_POINT ( 'NONE',  ( 4.650000000001597300, -498999.3999999999700, 26156.63186177357400 ) ) ;
#2761 = VECTOR ( 'NONE', #3717, 1000.000000000000000 ) ;
#2762 = EDGE_CURVE ( 'NONE', #586, #1814, #2839, .T. ) ;
#2763 = ORIENTED_EDGE ( 'NONE', *, *, #290, .T. ) ;
#2764 = ORIENTED_EDGE ( 'NONE', *, *, #948, .T. ) ;
#2765 =( NAMED_UNIT ( * ) PLANE_ANGLE_UNIT ( ) SI_UNIT ( $, .RADIAN. ) );
#2766 = VECTOR ( 'NONE', #364, 1000.000000000000000 ) ;
#2767 = B_SPLINE_CURVE_WITH_KNOTS ( 'NONE', 3,
 ( #2177, #1540, #489, #2876, #1873, #1858, #2216, #1845, #193, #521, #537, #860, #874, #2512, #2501, #1222 ),
 .UNSPECIFIED., .F., .F.,
 ( 4, 3, 3, 3, 3, 4 ),
 ( 6.156979760420967900E-017, 3.219500058938876000E-005, 6.436170364780422400E-005, 9.698645984528039400E-005, 0.0001309604227059317100, 0.0001538278715096301300 ),
 .UNSPECIFIED. ) ;
#2768 = CARTESIAN_POINT ( 'NONE',  ( 4.918342728851617300, 0.6000000000000010900, 5.124999999999996400 ) ) ;
#2769 = LINE ( 'NONE', #48, #677 ) ;
#2770 = VERTEX_POINT ( 'NONE', #3289 ) ;
#2771 = EDGE_CURVE ( 'NONE', #4043, #3074, #3637, .T. ) ;
#2772 = CARTESIAN_POINT ( 'NONE',  ( 5.125000000000000900, 0.6000000000000009800, 4.625685232622713800 ) ) ;
#2773 = DIRECTION ( 'NONE',  ( 0.0000000000000000000, 0.0000000000000000000, 1.000000000000000000 ) ) ;
#2774 = VECTOR ( 'NONE', #3791, 1000.000000000000000 ) ;
#2775 = CARTESIAN_POINT ( 'NONE',  ( -1.500000000000001300, 0.6000000000000010900, -5.149999999999986100 ) ) ;
#2776 = EDGE_LOOP ( 'NONE', ( #2877, #1466, #789, #3173 ) ) ;
#2777 = CARTESIAN_POINT ( 'NONE',  ( -1.734723475976807100E-015, 1.000000000013279800, -4.336808689942017700E-016 ) ) ;
#2778 = CARTESIAN_POINT ( 'NONE',  ( -1.734723475976807100E-015, 1.338119784671199600, -4.336808689942017700E-016 ) ) ;
#2779 = B_SPLINE_CURVE_WITH_KNOTS ( 'NONE', 3,
 ( #2872, #1216, #177, #2856, #2229, #1853 ),
 .UNSPECIFIED., .F., .F.,
 ( 4, 2, 4 ),
 ( 2.023299393654478600E-010, 0.0002327987099915466600, 0.0004655972176531539600 ),
 .UNSPECIFIED. ) ;
#2780 = VERTEX_POINT ( 'NONE', #3968 ) ;
#2781 = ADVANCED_FACE ( 'NONE', ( #2175 ), #2593, .F. ) ;
#2782 = CARTESIAN_POINT ( 'NONE',  ( 3.099999999999998800, 0.3000000000000012100, 0.07536880949310333100 ) ) ;
#2783 = CYLINDRICAL_SURFACE ( 'NONE', #3419, 0.3999999999999997400 ) ;
#2784 = ORIENTED_EDGE ( 'NONE', *, *, #2191, .T. ) ;
#2785 =( LENGTH_UNIT ( ) NAMED_UNIT ( * ) SI_UNIT ( .MILLI., .METRE. ) );
#2786 = CARTESIAN_POINT ( 'NONE',  ( 4.756524887896326000, 0.9401767979442683400, 1.517827910544495000 ) ) ;
#2787 = CARTESIAN_POINT ( 'NONE',  ( 1.504966496803966000, 0.6947664043756822700, 4.747119353123736100 ) ) ;
#2788 = ORIENTED_EDGE ( 'NONE', *, *, #3027, .F. ) ;
#2789 = VERTEX_POINT ( 'NONE', #2608 ) ;
#2790 = EDGE_CURVE ( 'NONE', #1834, #3784, #2731, .T. ) ;
#2791 = CARTESIAN_POINT ( 'NONE',  ( -4.550000000000001600, 0.3000000000000011500, 0.9000000000000002400 ) ) ;
#2792 = VECTOR ( 'NONE', #2163, 1000.000000000000000 ) ;
#2793 = CARTESIAN_POINT ( 'NONE',  ( 2.732316230526863300, 0.6000000000000010900, 0.5701095195372600800 ) ) ;
#2794 = ORIENTED_EDGE ( 'NONE', *, *, #357, .T. ) ;
#2795 = EDGE_CURVE ( 'NONE', #4212, #1358, #3694, .T. ) ;
#2796 = B_SPLINE_CURVE_WITH_KNOTS ( 'NONE', 3,
 ( #291, #650, #3312, #323, #1676, #4377 ),
 .UNSPECIFIED., .F., .F.,
 ( 4, 2, 4 ),
 ( 1.508632036999303900E-013, 0.0002327984038401983300, 0.0004655968075295334500 ),
 .UNSPECIFIED. ) ;
#2797 = ORIENTED_EDGE ( 'NONE', *, *, #1580, .F. ) ;
#2798 =( NAMED_UNIT ( * ) SI_UNIT ( $, .STERADIAN. ) SOLID_ANGLE_UNIT ( ) );
#2799 = CARTESIAN_POINT ( 'NONE',  ( -1.900000000000002400, 0.6000000000000010900, 4.336808689942017700E-016 ) ) ;
#2800 = ADVANCED_FACE ( 'NONE', ( #898 ), #26, .T. ) ;
#2801 = DIRECTION ( 'NONE',  ( 1.000000000000000000, 0.0000000000000000000, -0.0000000000000000000 ) ) ;
#2802 = CARTESIAN_POINT ( 'NONE',  ( 2.299999999999999800, 0.4000000000000006300, -0.5000000000000008900 ) ) ;
#2803 = APPLICATION_PROTOCOL_DEFINITION ( 'draft international standard', 'automotive_design', 1998, #3194 ) ;
#2804 = EDGE_CURVE ( 'NONE', #2807, #4212, #2633, .T. ) ;
#2805 = CYLINDRICAL_SURFACE ( 'NONE', #3632, 0.4999999999999996100 ) ;
#2806 = DIRECTION ( 'NONE',  ( 0.05226442768871470600, -0.9972646886342372300, 0.05226442768871399100 ) ) ;
#2807 = VERTEX_POINT ( 'NONE', #1000 ) ;
#2808 = CARTESIAN_POINT ( 'NONE',  ( 1.419889416376270800, 0.6008229513328464700, -4.768125892393358700 ) ) ;
#2809 = ORIENTED_EDGE ( 'NONE', *, *, #1638, .T. ) ;
#2810 = VERTEX_POINT ( 'NONE', #273 ) ;
#2811 = DIRECTION ( 'NONE',  ( 0.0000000000000000000, 1.000000000000000000, 0.0000000000000000000 ) ) ;
#2812 =( LENGTH_UNIT ( ) NAMED_UNIT ( * ) SI_UNIT ( .MILLI., .METRE. ) );
#2813 = DIRECTION ( 'NONE',  ( 1.000000000000000000, 0.0000000000000000000, 0.0000000000000000000 ) ) ;
#2814 = DIRECTION ( 'NONE',  ( 1.000000000000000000, -0.0000000000000000000, -0.0000000000000000000 ) ) ;
#2815 = CARTESIAN_POINT ( 'NONE',  ( 1.839717538261658600, 1.350000000000001400, 4.336808689942017700E-016 ) ) ;
#2816 = VECTOR ( 'NONE', #634, 1000.000000000000000 ) ;
#2817 = ORIENTED_EDGE ( 'NONE', *, *, #3193, .T. ) ;
#2818 = EDGE_CURVE ( 'NONE', #3557, #651, #3483, .T. ) ;
#2819 = CIRCLE ( 'NONE', #3002, 4.975000000003559500 ) ;
#2820 = CARTESIAN_POINT ( 'NONE',  ( 4.675000000010094900, 1.453589838478474900, -1.301042606982605300E-015 ) ) ;
#2821 = ORIENTED_EDGE ( 'NONE', *, *, #3262, .F. ) ;
#2822 = CONICAL_SURFACE ( 'NONE', #1652, 0.5000000000004324300, 0.05235987755944746000 ) ;
#2823 = DIRECTION ( 'NONE',  ( -0.0000000000000000000, -0.0000000000000000000, -1.000000000000000000 ) ) ;
#2824 = ADVANCED_FACE ( 'NONE', ( #2573 ), #3709, .T. ) ;
#2825 = EDGE_CURVE ( 'NONE', #1536, #301, #2477, .T. ) ;
#2826 = CIRCLE ( 'NONE', #2097, 4.975000000000000500 ) ;
#2827 = LINE ( 'NONE', #819, #2620 ) ;
#2828 = ORIENTED_EDGE ( 'NONE', *, *, #3511, .T. ) ;
#2829 = FACE_OUTER_BOUND ( 'NONE', #159, .T. ) ;
#2830 = CARTESIAN_POINT ( 'NONE',  ( 4.772789468538253000, 1.365700786872403100, -1.540128677835261400 ) ) ;
#2831 = ORIENTED_EDGE ( 'NONE', *, *, #3868, .T. ) ;
#2832 = DIRECTION ( 'NONE',  ( 0.0000000000000000000, -1.000000000000000000, -0.0000000000000000000 ) ) ;
#2833 = CARTESIAN_POINT ( 'NONE',  ( -1.504966496803971100, 0.6947664043757071400, -5.129966496803970900 ) ) ;
#2834 = FACE_OUTER_BOUND ( 'NONE', #1365, .T. ) ;
#2835 = ORIENTED_EDGE ( 'NONE', *, *, #1764, .F. ) ;
#2836 = AXIS2_PLACEMENT_3D ( 'NONE', #752, #3093, #79 ) ;
#2837 = ORIENTED_EDGE ( 'NONE', *, *, #136, .T. ) ;
#2838 = DIRECTION ( 'NONE',  ( 1.000000000000000000, 0.0000000000000000000, 0.0000000000000000000 ) ) ;
#2839 = LINE ( 'NONE', #1529, #2323 ) ;
#2840 = VERTEX_POINT ( 'NONE', #4361 ) ;
#2841 = CARTESIAN_POINT ( 'NONE',  ( -1.734723475976807100E-015, 0.6000000000000010900, -4.336808689942017700E-016 ) ) ;
#2842 = AXIS2_PLACEMENT_3D ( 'NONE', #2992, #2964, #4049 ) ;
#2843 = CARTESIAN_POINT ( 'NONE',  ( -4.450000000000001100, 0.3000000000000011500, -1.000000000000000400 ) ) ;
#2844 = VECTOR ( 'NONE', #1012, 1000.000000000000000 ) ;
#2845 = DIRECTION ( 'NONE',  ( 1.000000000000000000, 0.0000000000000000000, 0.0000000000000000000 ) ) ;
#2846 = ORIENTED_EDGE ( 'NONE', *, *, #2439, .F. ) ;
#2847 = CIRCLE ( 'NONE', #1783, 0.1000000000000002600 ) ;
#2848 = VERTEX_POINT ( 'NONE', #3029 ) ;
#2849 = EDGE_CURVE ( 'NONE', #3006, #1875, #1548, .T. ) ;
#2850 = CARTESIAN_POINT ( 'NONE',  ( -1.504966496803971100, 0.6947664043757060300, 5.129966496803969100 ) ) ;
#2851 = DIRECTION ( 'NONE',  ( 0.0000000000000000000, 1.000000000000000000, 0.0000000000000000000 ) ) ;
#2852 = DIRECTION ( 'NONE',  ( -0.05233595624294606900, 0.9986295347545738300, 0.0000000000000000000 ) ) ;
#2853 = EDGE_CURVE ( 'NONE', #3413, #1310, #796, .T. ) ;
#2854 = VERTEX_POINT ( 'NONE', #302 ) ;
#2855 = DIRECTION ( 'NONE',  ( -1.224646799147378800E-016, 0.0000000000000000000, -1.000000000000000000 ) ) ;
#2856 = CARTESIAN_POINT ( 'NONE',  ( 4.735541920240265800, 1.622200535772814600, 1.692500081161021400 ) ) ;
#2857 = PRODUCT_CONTEXT ( 'NONE', #1855, 'mechanical' ) ;
#2858 = AXIS2_PLACEMENT_3D ( 'NONE', #1586, #864, #2338 ) ;
#2859 = CARTESIAN_POINT ( 'NONE',  ( 4.319916078031375200, 10.40000000000000000, 2.095553474766381500 ) ) ;
#2860 = CARTESIAN_POINT ( 'NONE',  ( 2.700000000000001100, 0.3000000000000004900, 0.5000000000000000000 ) ) ;
#2861 = DIRECTION ( 'NONE',  ( 0.0000000000000000000, -1.000000000000000000, -0.0000000000000000000 ) ) ;
#2862 = CARTESIAN_POINT ( 'NONE',  ( 1.899999999999999000, 0.6000000000000010900, -4.336808689942017700E-016 ) ) ;
#2863 = ORIENTED_EDGE ( 'NONE', *, *, #3320, .F. ) ;
#2864 = ORIENTED_EDGE ( 'NONE', *, *, #2884, .T. ) ;
#2865 = CARTESIAN_POINT ( 'NONE',  ( 1.474892608495370800, 0.6275773163290964100, -4.752867510893930000 ) ) ;
#2866 = CARTESIAN_POINT ( 'NONE',  ( 4.465746277655261700, 10.39999963659973400, -1.764752989526505100 ) ) ;
#2867 = VECTOR ( 'NONE', #251, 1000.000000000000000 ) ;
#2868 = ORIENTED_EDGE ( 'NONE', *, *, #1773, .T. ) ;
#2869 = VERTEX_POINT ( 'NONE', #3677 ) ;
#2870 = DIRECTION ( 'NONE',  ( 0.0000000000000000000, 1.000000000000000000, 0.0000000000000000000 ) ) ;
#2871 = CARTESIAN_POINT ( 'NONE',  ( -1.734723475976807100E-015, 2.449519052838327900, -4.336808689942017700E-016 ) ) ;
#2872 = CARTESIAN_POINT ( 'NONE',  ( 4.772789460722244700, 1.365700582037371100, 1.540128667100451700 ) ) ;
#2873 = VECTOR ( 'NONE', #1299, 1000.000000000000100 ) ;
#2874 = VECTOR ( 'NONE', #2091, 1000.000000000000100 ) ;
#2875 = ORIENTED_EDGE ( 'NONE', *, *, #578, .T. ) ;
#2876 = CARTESIAN_POINT ( 'NONE',  ( -1.498129112321527900, 0.6633088087747742700, 4.747552845224743300 ) ) ;
#2877 = ORIENTED_EDGE ( 'NONE', *, *, #59, .F. ) ;
#2878 = CARTESIAN_POINT ( 'NONE',  ( 2.700000000000001100, 0.4000000000000006300, -0.5000000000000008900 ) ) ;
#2879 = EDGE_CURVE ( 'NONE', #396, #3250, #1747, .T. ) ;
#2880 = CARTESIAN_POINT ( 'NONE',  ( 2.536185405005900100, 1.192622389734054900E-015, -0.6990641003974955600 ) ) ;
#2881 = LINE ( 'NONE', #2056, #1385 ) ;
#2882 = VERTEX_POINT ( 'NONE', #3340 ) ;
#2883 = DIRECTION ( 'NONE',  ( -1.000000000000000000, 0.0000000000000000000, 8.881784197001252300E-016 ) ) ;
#2884 = EDGE_CURVE ( 'NONE', #3304, #1259, #3101, .T. ) ;
#2885 = CARTESIAN_POINT ( 'NONE',  ( -2.700000000000002800, 0.4000000000000006300, 0.5000000000000000000 ) ) ;
#2886 = DIRECTION ( 'NONE',  ( -0.0000000000000000000, 1.000000000000000000, 0.0000000000000000000 ) ) ;
#2887 = ORIENTED_EDGE ( 'NONE', *, *, #2712, .T. ) ;
#2888 = DIRECTION ( 'NONE',  ( 0.0000000000000000000, 0.0000000000000000000, 1.000000000000000000 ) ) ;
#2889 = DIRECTION ( 'NONE',  ( -0.0000000000000000000, -0.0000000000000000000, -1.000000000000000000 ) ) ;
#2890 = CARTESIAN_POINT ( 'NONE',  ( -1.500000000000001300, 0.6000000000000010900, -4.336808689942017700E-016 ) ) ;
#2891 = AXIS2_PLACEMENT_3D ( 'NONE', #2802, #484, #1109 ) ;
#2892 = CARTESIAN_POINT ( 'NONE',  ( -1.502026522229231700, 0.6386683476566520400, -5.127026522229231300 ) ) ;
#2893 = LINE ( 'NONE', #2450, #2017 ) ;
#2894 = ORIENTED_EDGE ( 'NONE', *, *, #1315, .T. ) ;
#2895 = FACE_OUTER_BOUND ( 'NONE', #3609, .T. ) ;
#2896 = CARTESIAN_POINT ( 'NONE',  ( 4.610445189850846500, 10.39999999918004800, -1.335666791168903100 ) ) ;
#2897 = AXIS2_PLACEMENT_3D ( 'NONE', #2430, #3095, #4145 ) ;
#2898 = ORIENTED_EDGE ( 'NONE', *, *, #978, .T. ) ;
#2899 = CARTESIAN_POINT ( 'NONE',  ( -1.805652481727794400, 1.000000000006640500, -4.658247151971684400 ) ) ;
#2900 = CARTESIAN_POINT ( 'NONE',  ( -3.100000000000001900, 0.6000000000000010900, 0.07536880949310333100 ) ) ;
#2901 = CARTESIAN_POINT ( 'NONE',  ( 1.504162219618838200, 0.6855539605827666300, 4.746867870360750500 ) ) ;
#2902 = CARTESIAN_POINT ( 'NONE',  ( 3.277888699800371800, 10.39999984927443100, 3.507683273598245500 ) ) ;
#2903 = EDGE_CURVE ( 'NONE', #651, #150, #2217, .T. ) ;
#2904 = DIRECTION ( 'NONE',  ( 0.0000000000000000000, 0.0000000000000000000, -1.000000000000000000 ) ) ;
#2905 = LINE ( 'NONE', #3374, #2026 ) ;
#2906 = PLANE ( 'NONE',  #615 ) ;
#2907 = CARTESIAN_POINT ( 'NONE',  ( -3.070109519537261600, 0.3000000000000004900, -0.2323162305268642900 ) ) ;
#2908 = EDGE_CURVE ( 'NONE', #3183, #1474, #65, .T. ) ;
#2909 = CARTESIAN_POINT ( 'NONE',  ( -4.450000000000001100, 0.3000000000000011500, 0.5999999999999994200 ) ) ;
#2910 = ORIENTED_EDGE ( 'NONE', *, *, #1035, .T. ) ;
#2911 = CARTESIAN_POINT ( 'NONE',  ( 4.751914911795425100, 10.39999988890410700, -0.6792359225505272300 ) ) ;
#2912 = CARTESIAN_POINT ( 'NONE',  ( -4.344830656427729000, 0.3000000000000011500, -0.6054438431171101900 ) ) ;
#2913 = DIRECTION ( 'NONE',  ( 1.000000000000000000, -0.0000000000000000000, -1.119571596451685300E-016 ) ) ;
#2914 = CARTESIAN_POINT ( 'NONE',  ( -1.734723475976807100E-015, 2.449519052838325700, -1.301042606982605300E-015 ) ) ;
#2915 = ORIENTED_EDGE ( 'NONE', *, *, #555, .F. ) ;
#2916 = VERTEX_POINT ( 'NONE', #1188 ) ;
#2917 = AXIS2_PLACEMENT_3D ( 'NONE', #1677, #2333, #294 ) ;
#2918 = LINE ( 'NONE', #3343, #4072 ) ;
#2919 = DIRECTION ( 'NONE',  ( -1.000000000000000000, 0.0000000000000000000, 0.0000000000000000000 ) ) ;
#2920 = CARTESIAN_POINT ( 'NONE',  ( 5.499999999999998200, 0.3000000000000001000, -0.5000000000000008900 ) ) ;
#2921 = ORIENTED_EDGE ( 'NONE', *, *, #54, .F. ) ;
#2922 = CARTESIAN_POINT ( 'NONE',  ( 3.070109519537261600, 0.3000000000000012100, -0.2323162305268651800 ) ) ;
#2923 = FACE_OUTER_BOUND ( 'NONE', #1509, .T. ) ;
#2924 = DIRECTION ( 'NONE',  ( 0.0000000000000000000, 0.0000000000000000000, -1.000000000000000000 ) ) ;
#2925 = AXIS2_PLACEMENT_3D ( 'NONE', #1410, #367, #708 ) ;
#2926 = ORIENTED_EDGE ( 'NONE', *, *, #1009, .F. ) ;
#2927 = CARTESIAN_POINT ( 'NONE',  ( 5.136898055179236700, 0.8500000000000012000, -1.418205488149273600 ) ) ;
#2928 = CARTESIAN_POINT ( 'NONE',  ( 4.655659027877832500, 10.39999999884864800, -1.169049728642564100 ) ) ;
#2929 = CIRCLE ( 'NONE', #2236, 5.000000000000001800 ) ;
#2930 = LINE ( 'NONE', #1142, #4077 ) ;
#2931 = DIRECTION ( 'NONE',  ( -0.9986295347545739400, 0.05233595624294395300, 5.326786504354012800E-016 ) ) ;
#2932 = ORIENTED_EDGE ( 'NONE', *, *, #4054, .T. ) ;
#2933 = CARTESIAN_POINT ( 'NONE',  ( 1.528407903702079700, 1.142055117205324400, 4.764255739910082900 ) ) ;
#2934 = EDGE_CURVE ( 'NONE', #1956, #3906, #843, .T. ) ;
#2935 = VECTOR ( 'NONE', #3803, 1000.000000000000000 ) ;
#2936 = CARTESIAN_POINT ( 'NONE',  ( 4.756700607492288000, 0.9447664043860706200, -1.518068441625274100 ) ) ;
#2937 = ORIENTED_EDGE ( 'NONE', *, *, #3071, .F. ) ;
#2938 = CARTESIAN_POINT ( 'NONE',  ( 2.063754311186431600, 0.3000000000000004900, -0.4362456888135665700 ) ) ;
#2939 = LINE ( 'NONE', #343, #1741 ) ;
#2940 = CARTESIAN_POINT ( 'NONE',  ( -1.734723475976807100E-015, 0.9447664043817860500, -1.518068441625049400 ) ) ;
#2941 = ORIENTED_EDGE ( 'NONE', *, *, #1414, .F. ) ;
#2942 = EDGE_CURVE ( 'NONE', #3769, #641, #4184, .T. ) ;
#2943 = DIRECTION ( 'NONE',  ( -1.000000000000000000, 0.0000000000000000000, 0.0000000000000000000 ) ) ;
#2944 = ORIENTED_EDGE ( 'NONE', *, *, #2226, .T. ) ;
#2945 = DIRECTION ( 'NONE',  ( -0.9986630005678501800, 0.0000000000000000000, -0.05169343572271278800 ) ) ;
#2946 = DIRECTION ( 'NONE',  ( -0.0000000000000000000, 1.000000000000000000, -0.0000000000000000000 ) ) ;
#2947 = CARTESIAN_POINT ( 'NONE',  ( 2.700000000000001100, 0.3000000000000005400, -0.5000000000000008900 ) ) ;
#2948 = LINE ( 'NONE', #2493, #167 ) ;
#2949 = DIRECTION ( 'NONE',  ( -5.334096698495038600E-016, 0.0000000000000000000, 1.000000000000000000 ) ) ;
#2950 = ORIENTED_EDGE ( 'NONE', *, *, #263, .F. ) ;
#2951 = ADVANCED_FACE ( 'NONE', ( #1492 ), #2783, .T. ) ;
#2952 = CARTESIAN_POINT ( 'NONE',  ( -2.300000000000003400, 0.4000000000000006300, 0.5000000000000000000 ) ) ;
#2953 = ORIENTED_EDGE ( 'NONE', *, *, #1009, .T. ) ;
#2954 = CARTESIAN_POINT ( 'NONE',  ( -4.450000000000001100, 1.192622389734054900E-015, -0.9000000000000010200 ) ) ;
#2955 = CARTESIAN_POINT ( 'NONE',  ( 2.700000000000001100, 0.3000000000000006000, 0.5000000000000000000 ) ) ;
#2956 = ORIENTED_EDGE ( 'NONE', *, *, #3892, .F. ) ;
#2957 = EDGE_CURVE ( 'NONE', #2039, #2142, #189, .T. ) ;
#2958 = DIRECTION ( 'NONE',  ( 0.05226442768870800900, 0.9972646886342374500, 0.05226442768871714100 ) ) ;
#2959 = CARTESIAN_POINT ( 'NONE',  ( -4.988101944822232300, 0.8499999999940893700, -1.301042606982605300E-015 ) ) ;
#2960 = CARTESIAN_POINT ( 'NONE',  ( -4.757221984724753700, 0.8499999999970453400, -1.500000000000000900 ) ) ;
#2961 = CIRCLE ( 'NONE', #3118, 0.2000000000000014000 ) ;
#2962 = EDGE_CURVE ( 'NONE', #2416, #195, #1059, .T. ) ;
#2963 = CARTESIAN_POINT ( 'NONE',  ( -5.500000000000000000, -1.084202172485504400E-016, -0.5000000000000008900 ) ) ;
#2964 = DIRECTION ( 'NONE',  ( 0.9986295347545739400, -0.05233595624294395300, -3.380187507790356400E-016 ) ) ;
#2965 = ORIENTED_EDGE ( 'NONE', *, *, #1798, .F. ) ;
#2966 = ADVANCED_FACE ( 'NONE', ( #847 ), #3961, .F. ) ;
#2967 = EDGE_CURVE ( 'NONE', #1310, #1627, #746, .T. ) ;
#2968 = ORIENTED_EDGE ( 'NONE', *, *, #3754, .T. ) ;
#2969 = EDGE_LOOP ( 'NONE', ( #891, #2937, #300, #2510, #2784, #4015 ) ) ;
#2970 = DIRECTION ( 'NONE',  ( -0.05169343572271271900, 0.0000000000000000000, -0.9986630005678501800 ) ) ;
#2971 = LINE ( 'NONE', #381, #4063 ) ;
#2972 = ORIENTED_EDGE ( 'NONE', *, *, #4296, .F. ) ;
#2973 = ORIENTED_EDGE ( 'NONE', *, *, #3962, .T. ) ;
#2974 = AXIS2_PLACEMENT_3D ( 'NONE', #1600, #3975, #2241 ) ;
#2975 = CARTESIAN_POINT ( 'NONE',  ( -4.757221984724753700, 0.8499999999970453400, -1.500000000000000900 ) ) ;
#2976 = FACE_OUTER_BOUND ( 'NONE', #437, .T. ) ;
#2977 = CARTESIAN_POINT ( 'NONE',  ( -1.506063621301250200, 0.7157007868717458800, -4.747922405437692300 ) ) ;
#2978 = PLANE ( 'NONE',  #2842 ) ;
#2979 = AXIS2_PLACEMENT_3D ( 'NONE', #1495, #1173, #3168 ) ;
#2980 = FACE_OUTER_BOUND ( 'NONE', #855, .T. ) ;
#2981 = VERTEX_POINT ( 'NONE', #3946 ) ;
#2982 = LINE ( 'NONE', #2940, #2004 ) ;
#2983 = PLANE ( 'NONE',  #3973 ) ;
#2984 =( BOUNDED_CURVE ( )  B_SPLINE_CURVE ( 3, ( #2421, #4288, #183, #2927 ),
 .UNSPECIFIED., .F., .T. ) 
 B_SPLINE_CURVE_WITH_KNOTS ( ( 4, 4 ),
 ( 4.764748857914082000, 6.283185307179586200 ),
 .UNSPECIFIED. ) 
 CURVE ( )  GEOMETRIC_REPRESENTATION_ITEM ( )  RATIONAL_B_SPLINE_CURVE ( ( 1.000000000000000000, 0.8169162473345410500, 0.8169162473345410500, 1.000000000000000000 ) ) 
 REPRESENTATION_ITEM ( '' )  );
#2985 = CARTESIAN_POINT ( 'NONE',  ( -4.550000000000001600, 0.3000000000000011500, -0.9000000000000010200 ) ) ;
#2986 = ORIENTED_EDGE ( 'NONE', *, *, #1414, .T. ) ;
#2987 = EDGE_CURVE ( 'NONE', #4146, #980, #3923, .T. ) ;
#2988 = CARTESIAN_POINT ( 'NONE',  ( -4.745243975951302300, 0.9442459456560290400, -1.554412922093280100 ) ) ;
#2989 = ADVANCED_FACE ( 'NONE', ( #117 ), #3808, .T. ) ;
#2990 = ORIENTED_EDGE ( 'NONE', *, *, #298, .T. ) ;
#2991 = DIRECTION ( 'NONE',  ( 5.334096698495038600E-016, 0.0000000000000000000, 1.000000000000000000 ) ) ;
#2992 = CARTESIAN_POINT ( 'NONE',  ( 5.124999999999997300, 0.6000000000000010900, -5.125000000000000900 ) ) ;
#2993 = EDGE_CURVE ( 'NONE', #3661, #1249, #423, .T. ) ;
#2994 = ORIENTED_EDGE ( 'NONE', *, *, #2884, .F. ) ;
#2995 = CARTESIAN_POINT ( 'NONE',  ( -2.700000000000002800, 4.336808689942017700E-016, 0.5000000000000000000 ) ) ;
#2996 = DIRECTION ( 'NONE',  ( 0.0000000000000000000, -1.000000000000000000, 0.0000000000000000000 ) ) ;
#2997 = CARTESIAN_POINT ( 'NONE',  ( 2.629289321881344200, 0.3292893218813458500, 0.5000000000000000000 ) ) ;
#2998 = FACE_OUTER_BOUND ( 'NONE', #1008, .T. ) ;
#2999 = CARTESIAN_POINT ( 'NONE',  ( -2.834279255350144100, 1.192622389734054900E-015, -5.093555332430177000 ) ) ;
#3000 = VERTEX_POINT ( 'NONE', #3286 ) ;
#3001 = CARTESIAN_POINT ( 'NONE',  ( -1.734723475976807100E-015, 1.338119784671199600, -4.336808689942017700E-016 ) ) ;
#3002 = AXIS2_PLACEMENT_3D ( 'NONE', #3821, #3104, #3787 ) ;
#3003 = DIRECTION ( 'NONE',  ( -0.05233595624294395300, -0.9986295347545739400, 0.0000000000000000000 ) ) ;
#3004 = ORIENTED_EDGE ( 'NONE', *, *, #1465, .T. ) ;
#3005 = CARTESIAN_POINT ( 'NONE',  ( -1.900000000000002400, 0.3000000000000012100, 4.336808689942017700E-016 ) ) ;
#3006 = VERTEX_POINT ( 'NONE', #1308 ) ;
#3007 = CARTESIAN_POINT ( 'NONE',  ( 2.873285976064052300, 10.39999997390705000, 3.845159007042795900 ) ) ;
#3008 = DIRECTION ( 'NONE',  ( -1.000000000000000000, 0.0000000000000000000, 2.449293598294696600E-016 ) ) ;
#3009 = DIRECTION ( 'NONE',  ( 0.0000000000000000000, -1.000000000000000000, 0.0000000000000000000 ) ) ;
#3010 = ADVANCED_FACE ( 'NONE', ( #317 ), #2290, .F. ) ;
#3011 = CARTESIAN_POINT ( 'NONE',  ( 4.449999999999995700, 0.3000000000000011500, -0.9000000000000010200 ) ) ;
#3012 = LINE ( 'NONE', #1647, #3835 ) ;
#3013 = CARTESIAN_POINT ( 'NONE',  ( 2.267683769473134000, 0.6000000000000010900, 0.5701095195372600800 ) ) ;
#3014 = EDGE_CURVE ( 'NONE', #3408, #3493, #1054, .T. ) ;
#3015 = DIRECTION ( 'NONE',  ( 1.000000000000000000, 0.0000000000000000000, -1.119571596451685300E-016 ) ) ;
#3016 = ORIENTED_EDGE ( 'NONE', *, *, #887, .F. ) ;
#3017 = CARTESIAN_POINT ( 'NONE',  ( 5.093555332430173400, 1.192622389734054900E-015, -1.000000000000000400 ) ) ;
#3018 = DIRECTION ( 'NONE',  ( -1.000000000000000000, 0.0000000000000000000, 0.0000000000000000000 ) ) ;
#3019 = EDGE_CURVE ( 'NONE', #2497, #1630, #2982, .T. ) ;
#3020 = DIRECTION ( 'NONE',  ( 0.05229759711950642700, -0.9978975990770536700, 0.03827980004882294100 ) ) ;
#3021 = EDGE_LOOP ( 'NONE', ( #278, #923, #187, #2725 ) ) ;
#3022 = ORIENTED_EDGE ( 'NONE', *, *, #3781, .F. ) ;
#3023 = VECTOR ( 'NONE', #1882, 1000.000000000000100 ) ;
#3024 = ORIENTED_EDGE ( 'NONE', *, *, #3656, .F. ) ;
#3025 = ORIENTED_EDGE ( 'NONE', *, *, #1289, .F. ) ;
#3026 = DIRECTION ( 'NONE',  ( -1.000000000000000000, 0.0000000000000000000, -1.119571596451685300E-016 ) ) ;
#3027 = EDGE_CURVE ( 'NONE', #88, #3531, #2054, .T. ) ;
#3028 = CARTESIAN_POINT ( 'NONE',  ( -4.550000000000001600, 0.3000000000000011500, -1.000000000000001300 ) ) ;
#3029 = CARTESIAN_POINT ( 'NONE',  ( 4.649999999999997700, 0.6000000000000010900, -5.149999999999986100 ) ) ;
#3030 = VECTOR ( 'NONE', #3026, 1000.000000000000000 ) ;
#3031 = PLANE ( 'NONE',  #4022 ) ;
#3032 = LINE ( 'NONE', #1345, #250 ) ;
#3033 = DIRECTION ( 'NONE',  ( 5.319486328579990300E-016, -2.787824654073759300E-017, 1.000000000000000000 ) ) ;
#3034 = DIRECTION ( 'NONE',  ( -0.0000000000000000000, -1.000000000000000000, 0.0000000000000000000 ) ) ;
#3035 = FACE_OUTER_BOUND ( 'NONE', #686, .T. ) ;
#3036 = AXIS2_PLACEMENT_3D ( 'NONE', #2568, #3577, #557 ) ;
#3037 = ORIENTED_EDGE ( 'NONE', *, *, #2447, .F. ) ;
#3038 = DIRECTION ( 'NONE',  ( -0.0000000000000000000, -0.0000000000000000000, -1.000000000000000000 ) ) ;
#3039 = DIRECTION ( 'NONE',  ( -1.000000000000000000, 0.0000000000000000000, 0.0000000000000000000 ) ) ;
#3040 = LINE ( 'NONE', #2112, #1267 ) ;
#3041 = VERTEX_POINT ( 'NONE', #951 ) ;
#3042 = CARTESIAN_POINT ( 'NONE',  ( -4.550000000000001600, 1.192622389734054900E-015, -1.000000000000001300 ) ) ;
#3043 = CIRCLE ( 'NONE', #4001, 0.6999999999999996200 ) ;
#3044 = ORIENTED_EDGE ( 'NONE', *, *, #790, .F. ) ;
#3045 = CARTESIAN_POINT ( 'NONE',  ( -1.734723475976807100E-015, 10.40000000000000200, -4.336808689942017700E-016 ) ) ;
#3046 = DIRECTION ( 'NONE',  ( 0.9986295347545739400, 0.05233595624294395300, 5.326786504354012800E-016 ) ) ;
#3047 = ORIENTED_EDGE ( 'NONE', *, *, #2330, .F. ) ;
#3048 = EDGE_CURVE ( 'NONE', #3661, #1250, #3978, .T. ) ;
#3049 = CARTESIAN_POINT ( 'NONE',  ( 5.136898055179236700, 0.8500000000000012000, -1.418205488149273600 ) ) ;
#3050 = CARTESIAN_POINT ( 'NONE',  ( -4.975000000000002300, 0.8000000000000013800, -4.336808689942017700E-016 ) ) ;
#3051 = VECTOR ( 'NONE', #4269, 1000.000000000000100 ) ;
#3052 = CARTESIAN_POINT ( 'NONE',  ( -4.900000000021949000, 2.276313972095256800, -4.336808689942017700E-016 ) ) ;
#3053 = DIRECTION ( 'NONE',  ( 0.0000000000000000000, -1.000000000000000000, 0.0000000000000000000 ) ) ;
#3054 = ORIENTED_EDGE ( 'NONE', *, *, #2396, .T. ) ;
#3055 = EDGE_CURVE ( 'NONE', #797, #3674, #158, .T. ) ;
#3056 = LINE ( 'NONE', #1220, #1230 ) ;
#3057 = VERTEX_POINT ( 'NONE', #2622 ) ;
#3058 = VERTEX_POINT ( 'NONE', #2051 ) ;
#3059 = CARTESIAN_POINT ( 'NONE',  ( 4.344830656427725500, 0.3000000000000011500, 0.6054438431171093000 ) ) ;
#3060 = ORIENTED_EDGE ( 'NONE', *, *, #1769, .F. ) ;
#3061 =( GEOMETRIC_REPRESENTATION_CONTEXT ( 3 ) GLOBAL_UNCERTAINTY_ASSIGNED_CONTEXT ( ( #1589 ) ) GLOBAL_UNIT_ASSIGNED_CONTEXT ( ( #1086, #2765, #3108 ) ) REPRESENTATION_CONTEXT ( 'NONE', 'WORKASPACE' ) );
#3062 = SURFACE_STYLE_USAGE ( .BOTH. , #2045 ) ;
#3063 = ADVANCED_FACE ( 'NONE', ( #3210 ), #3706, .T. ) ;
#3064 = DIRECTION ( 'NONE',  ( -0.0000000000000000000, -1.000000000000000000, 0.0000000000000000000 ) ) ;
#3065 = AXIS2_PLACEMENT_3D ( 'NONE', #2909, #552, #1912 ) ;
#3066 =( BOUNDED_CURVE ( )  B_SPLINE_CURVE ( 3, ( #3733, #1759, #758, #352 ),
 .UNSPECIFIED., .F., .T. ) 
 B_SPLINE_CURVE_WITH_KNOTS ( ( 4, 4 ),
 ( 1.623156204352813400, 3.141592653589782900 ),
 .UNSPECIFIED. ) 
 CURVE ( )  GEOMETRIC_REPRESENTATION_ITEM ( )  RATIONAL_B_SPLINE_CURVE ( ( 1.000000000000000000, 0.8169162473410884800, 0.8169162473410884800, 1.000000000000000000 ) ) 
 REPRESENTATION_ITEM ( '' )  );
#3067 = VECTOR ( 'NONE', #3984, 1000.000000000000000 ) ;
#3068 = DIRECTION ( 'NONE',  ( 1.000000000000000000, 0.0000000000000000000, 0.0000000000000000000 ) ) ;
#3069 = ORIENTED_EDGE ( 'NONE', *, *, #2024, .F. ) ;
#3070 = ORIENTED_EDGE ( 'NONE', *, *, #2289, .F. ) ;
#3071 = EDGE_CURVE ( 'NONE', #916, #1436, #3426, .T. ) ;
#3072 = DIRECTION ( 'NONE',  ( 1.000000000000000000, 0.0000000000000000000, 0.0000000000000000000 ) ) ;
#3073 = CARTESIAN_POINT ( 'NONE',  ( 1.540128677835282700, 1.365700786872884500, 5.109871322164699400 ) ) ;
#3074 = VERTEX_POINT ( 'NONE', #2718 ) ;
#3075 = ORIENTED_EDGE ( 'NONE', *, *, #4102, .F. ) ;
#3076 = B_SPLINE_CURVE_WITH_KNOTS ( 'NONE', 2,
 ( #1601, #932, #580, #265, #3958 ),
 .UNSPECIFIED., .F., .F.,
 ( 3, 2, 3 ),
 ( 0.0000000000000000000, 7.827609628266439800E-005, 0.0001565521925653288000 ),
 .UNSPECIFIED. ) ;
#3077 = EDGE_CURVE ( 'NONE', #1259, #4114, #2317, .T. ) ;
#3078 = CARTESIAN_POINT ( 'NONE',  ( -1.900000000000002400, 0.6000000000000010900, -0.07536880949310245700 ) ) ;
#3079 = LINE ( 'NONE', #4193, #3249 ) ;
#3080 = ORIENTED_EDGE ( 'NONE', *, *, #235, .T. ) ;
#3081 = ORIENTED_EDGE ( 'NONE', *, *, #3781, .T. ) ;
#3082 = CARTESIAN_POINT ( 'NONE',  ( -1.734723475976807100E-015, 0.6000000000000010900, -4.336808689942017700E-016 ) ) ;
#3083 = DIRECTION ( 'NONE',  ( -1.000000000000000000, 0.0000000000000000000, 0.0000000000000000000 ) ) ;
#3084 = VECTOR ( 'NONE', #1136, 999.9999999999998900 ) ;
#3085 = LINE ( 'NONE', #359, #991 ) ;
#3086 = CARTESIAN_POINT ( 'NONE',  ( 1.502026522229229900, 0.6386683476566525900, -5.127026522229230400 ) ) ;
#3087 = VERTEX_POINT ( 'NONE', #4124 ) ;
#3088 = AXIS2_PLACEMENT_3D ( 'NONE', #3233, #1239, #1570 ) ;
#3089 = B_SPLINE_CURVE_WITH_KNOTS ( 'NONE', 3,
 ( #1279, #3981, #3934, #1894 ),
 .UNSPECIFIED., .F., .F.,
 ( 4, 4 ),
 ( 6.730528200515552600E-015, 0.0004218185788808159100 ),
 .UNSPECIFIED. ) ;
#3090 = ADVANCED_FACE ( 'NONE', ( #2727 ), #2745, .T. ) ;
#3091 = TOROIDAL_SURFACE ( 'NONE', #1022, 4.875000000000000900, 0.4000000000000000800 ) ;
#3092 = CARTESIAN_POINT ( 'NONE',  ( 2.267683769473134000, 0.3000000000000012100, 0.5701095195372600800 ) ) ;
#3093 = DIRECTION ( 'NONE',  ( 0.0000000000000000000, -1.000000000000000000, 0.0000000000000000000 ) ) ;
#3094 = ORIENTED_EDGE ( 'NONE', *, *, #3145, .T. ) ;
#3095 = DIRECTION ( 'NONE',  ( -1.224646799147348000E-016, -9.066544630441914700E-031, -1.000000000000000000 ) ) ;
#3096 = DIRECTION ( 'NONE',  ( 0.02167317085207509000, 0.9983949659099640200, -0.05232366301070892600 ) ) ;
#3097 = CYLINDRICAL_SURFACE ( 'NONE', #2125, 0.3999999999999997400 ) ;
#3098 = VERTEX_POINT ( 'NONE', #4062 ) ;
#3099 = CARTESIAN_POINT ( 'NONE',  ( 4.756700607492145800, 0.9447664043824231000, 1.518068441625082500 ) ) ;
#3100 = CARTESIAN_POINT ( 'NONE',  ( -2.267683769473137500, 0.6000000000000010900, 0.5701095195372609700 ) ) ;
#3101 = LINE ( 'NONE', #4371, #1900 ) ;
#3102 = ORIENTED_EDGE ( 'NONE', *, *, #1379, .F. ) ;
#3103 = ADVANCED_FACE ( 'NONE', ( #61 ), #1606, .F. ) ;
#3104 = DIRECTION ( 'NONE',  ( 0.0000000000000000000, 1.000000000000000000, 0.0000000000000000000 ) ) ;
#3105 = AXIS2_PLACEMENT_3D ( 'NONE', #2261, #546, #905 ) ;
#3106 = VERTEX_POINT ( 'NONE', #1390 ) ;
#3107 = DIRECTION ( 'NONE',  ( 0.0000000000000000000, 0.0000000000000000000, 1.000000000000000000 ) ) ;
#3108 =( NAMED_UNIT ( * ) SI_UNIT ( $, .STERADIAN. ) SOLID_ANGLE_UNIT ( ) );
#3109 = LINE ( 'NONE', #1831, #171 ) ;
#3110 = EDGE_CURVE ( 'NONE', #1630, #4146, #2984, .T. ) ;
#3111 = ORIENTED_EDGE ( 'NONE', *, *, #2762, .T. ) ;
#3112 = CARTESIAN_POINT ( 'NONE',  ( -1.504966496803971100, 0.6947664043757060300, 5.129966496803969100 ) ) ;
#3113 = DIRECTION ( 'NONE',  ( -0.0000000000000000000, -0.0000000000000000000, -1.000000000000000000 ) ) ;
#3114 = ADVANCED_FACE ( 'NONE', ( #842 ), #4253, .F. ) ;
#3115 = CARTESIAN_POINT ( 'NONE',  ( 4.625685232622710300, 0.6000000000000010900, -5.125000000000000900 ) ) ;
#3116 = DIRECTION ( 'NONE',  ( 0.0000000000000000000, 0.0000000000000000000, -1.000000000000000000 ) ) ;
#3117 = ORIENTED_EDGE ( 'NONE', *, *, #3311, .F. ) ;
#3118 = AXIS2_PLACEMENT_3D ( 'NONE', #1594, #2855, #852 ) ;
#3119 = CARTESIAN_POINT ( 'NONE',  ( 3.070109519537261600, 0.3000000000000012100, 0.2323162305268642900 ) ) ;
#3120 = FACE_OUTER_BOUND ( 'NONE', #2160, .T. ) ;
#3121 = DIRECTION ( 'NONE',  ( -0.0000000000000000000, -1.000000000000000000, -0.0000000000000000000 ) ) ;
#3122 =( BOUNDED_CURVE ( )  B_SPLINE_CURVE ( 3, ( #2269, #3251, #914, #3268 ),
 .UNSPECIFIED., .F., .T. ) 
 B_SPLINE_CURVE_WITH_KNOTS ( ( 4, 4 ),
 ( 1.020601763719924900E-014, 1.518436449235076800 ),
 .UNSPECIFIED. ) 
 CURVE ( )  GEOMETRIC_REPRESENTATION_ITEM ( )  RATIONAL_B_SPLINE_CURVE ( ( 1.000000000000000000, 0.8169162473415250100, 0.8169162473415250100, 1.000000000000000000 ) ) 
 REPRESENTATION_ITEM ( '' )  );
#3123 = DIRECTION ( 'NONE',  ( -5.334096698495038600E-016, -0.0000000000000000000, -1.000000000000000000 ) ) ;
#3124 = SURFACE_SIDE_STYLE ('',( #4337 ) ) ;
#3125 = ORIENTED_EDGE ( 'NONE', *, *, #2548, .F. ) ;
#3126 = EDGE_LOOP ( 'NONE', ( #3893, #1326 ) ) ;
#3127 = DIRECTION ( 'NONE',  ( 0.05169343572271271900, 0.0000000000000000000, -0.9986630005678501800 ) ) ;
#3128 = AXIS2_PLACEMENT_3D ( 'NONE', #2422, #1078, #2114 ) ;
#3129 = CARTESIAN_POINT ( 'NONE',  ( -5.093555332430178800, 1.084202172485504400E-015, 2.834279255350141900 ) ) ;
#3130 = VERTEX_POINT ( 'NONE', #3247 ) ;
#3131 = DIRECTION ( 'NONE',  ( 0.0000000000000000000, 1.000000000000000000, 0.0000000000000000000 ) ) ;
#3132 = DIRECTION ( 'NONE',  ( 0.05226442768871403900, -0.9972646886342372300, 0.05226442768871403900 ) ) ;
#3133 = ADVANCED_FACE ( 'NONE', ( #3919 ), #3157, .T. ) ;
#3134 = CIRCLE ( 'NONE', #2974, 0.1000000000000002600 ) ;
#3135 = EDGE_CURVE ( 'NONE', #2509, #902, #3631, .T. ) ;
#3136 = DIRECTION ( 'NONE',  ( 1.000000000000000000, 0.0000000000000000000, 0.0000000000000000000 ) ) ;
#3137 = ORIENTED_EDGE ( 'NONE', *, *, #2903, .T. ) ;
#3138 = CARTESIAN_POINT ( 'NONE',  ( 2.599999999999998300, 0.4000000000000006300, 0.5000000000000000000 ) ) ;
#3139 = LINE ( 'NONE', #3328, #2873 ) ;
#3140 = CARTESIAN_POINT ( 'NONE',  ( 1.405103543328512000, 0.7000000000000011800, 4.336808689942017700E-016 ) ) ;
#3141 = LINE ( 'NONE', #1776, #149 ) ;
#3142 = VERTEX_POINT ( 'NONE', #230 ) ;
#3143 = CIRCLE ( 'NONE', #4366, 0.1000000000000002600 ) ;
#3144 = CARTESIAN_POINT ( 'NONE',  ( 4.675000000010389700, 2.146410161512233300, -4.336808689942017700E-016 ) ) ;
#3145 = EDGE_CURVE ( 'NONE', #73, #738, #3043, .T. ) ;
#3146 = CARTESIAN_POINT ( 'NONE',  ( 4.778838528133975100, 0.8500000000000209600, 1.429687647254206200 ) ) ;
#3147 = DIRECTION ( 'NONE',  ( 1.000000000000000000, -0.0000000000000000000, -0.0000000000000000000 ) ) ;
#3148 = DIRECTION ( 'NONE',  ( 0.0000000000000000000, 1.000000000000000000, 0.0000000000000000000 ) ) ;
#3149 = FACE_OUTER_BOUND ( 'NONE', #310, .T. ) ;
#3150 = VECTOR ( 'NONE', #2749, 1000.000000000000000 ) ;
#3151 = FILL_AREA_STYLE ('',( #3499 ) ) ;
#3152 = VERTEX_POINT ( 'NONE', #3599 ) ;
#3153 = CARTESIAN_POINT ( 'NONE',  ( 4.449999999999995700, 0.3000000000000011500, -1.000000000000000400 ) ) ;
#3154 = AXIS2_PLACEMENT_3D ( 'NONE', #1565, #3593, #1906 ) ;
#3155 = ORIENTED_EDGE ( 'NONE', *, *, #1475, .T. ) ;
#3156 = DIRECTION ( 'NONE',  ( 0.0000000000000000000, -1.000000000000000000, 0.0000000000000000000 ) ) ;
#3157 = CYLINDRICAL_SURFACE ( 'NONE', #2624, 0.2999999999999999300 ) ;
#3158 = ORIENTED_EDGE ( 'NONE', *, *, #750, .T. ) ;
#3159 = CARTESIAN_POINT ( 'NONE',  ( 5.149999999999995000, 0.6000000000000010900, 4.649999999999987900 ) ) ;
#3160 = AXIS2_PLACEMENT_3D ( 'NONE', #3463, #2506, #3831 ) ;
#3161 = SURFACE_SIDE_STYLE ('',( #870 ) ) ;
#3162 = ADVANCED_FACE ( 'NONE', ( #3521 ), #585, .T. ) ;
#3163 = ORIENTED_EDGE ( 'NONE', *, *, #3229, .T. ) ;
#3164 = DIRECTION ( 'NONE',  ( 0.0000000000000000000, 0.0000000000000000000, 1.000000000000000000 ) ) ;
#3165 = ORIENTED_EDGE ( 'NONE', *, *, #2024, .T. ) ;
#3166 = EDGE_CURVE ( 'NONE', #2073, #3983, #2221, .T. ) ;
#3167 = CARTESIAN_POINT ( 'NONE',  ( 3.099999999999998800, 0.3000000000000004900, -0.07536880949310333100 ) ) ;
#3168 = DIRECTION ( 'NONE',  ( -1.119571596451688800E-016, 0.0000000000000000000, -1.000000000000000000 ) ) ;
#3169 = LINE ( 'NONE', #658, #2844 ) ;
#3170 = DIRECTION ( 'NONE',  ( -5.319486328579990300E-016, -2.787824654073759300E-017, -1.000000000000000000 ) ) ;
#3171 = EDGE_CURVE ( 'NONE', #2666, #354, #3780, .T. ) ;
#3172 = VERTEX_POINT ( 'NONE', #661 ) ;
#3173 = ORIENTED_EDGE ( 'NONE', *, *, #1915, .F. ) ;
#3174 = CARTESIAN_POINT ( 'NONE',  ( 1.544251665083660000, 1.444372071257015200, 4.775791356864269600 ) ) ;
#3175 = CARTESIAN_POINT ( 'NONE',  ( -4.450000000000001100, 0.3000000000000012100, -1.000000000000000400 ) ) ;
#3176 = CARTESIAN_POINT ( 'NONE',  ( 5.124999999999997300, 0.6000000000000010900, -4.625685232622715600 ) ) ;
#3177 = DIRECTION ( 'NONE',  ( -1.000000000000000000, 0.0000000000000000000, 0.0000000000000000000 ) ) ;
#3178 = ORIENTED_EDGE ( 'NONE', *, *, #1491, .F. ) ;
#3179 = DIRECTION ( 'NONE',  ( 0.9986630005678501800, 0.0000000000000000000, -0.05169343572271267000 ) ) ;
#3180 = DIRECTION ( 'NONE',  ( 1.000000000000000000, 0.0000000000000000000, 0.0000000000000000000 ) ) ;
#3181 = DIRECTION ( 'NONE',  ( 1.000000000000000000, -0.0000000000000000000, -0.0000000000000000000 ) ) ;
#3182 = AXIS2_PLACEMENT_3D ( 'NONE', #4302, #239, #2924 ) ;
#3183 = VERTEX_POINT ( 'NONE', #3028 ) ;
#3184 = ORIENTED_EDGE ( 'NONE', *, *, #2790, .T. ) ;
#3185 = CARTESIAN_POINT ( 'NONE',  ( 4.449999999999995700, 1.192622389734054900E-015, -4.336808689942017700E-016 ) ) ;
#3186 = SURFACE_STYLE_USAGE ( .BOTH. , #2139 ) ;
#3187 = CARTESIAN_POINT ( 'NONE',  ( -1.734723475976807100E-015, 1.365700786872884500, -1.540128677835286500 ) ) ;
#3188 = CARTESIAN_POINT ( 'NONE',  ( -1.734723475976807100E-015, 0.8499999999940893700, -4.336808689942017700E-016 ) ) ;
#3189 = DIRECTION ( 'NONE',  ( 1.000000000000000000, 0.0000000000000000000, 0.0000000000000000000 ) ) ;
#3190 = FACE_OUTER_BOUND ( 'NONE', #4301, .T. ) ;
#3191 = ORIENTED_EDGE ( 'NONE', *, *, #3567, .F. ) ;
#3192 = VERTEX_POINT ( 'NONE', #1405 ) ;
#3193 = EDGE_CURVE ( 'NONE', #1204, #3674, #2939, .T. ) ;
#3194 = APPLICATION_CONTEXT ( 'automotive_design' ) ;
#3195 = VECTOR ( 'NONE', #2300, 1000.000000000000000 ) ;
#3196 = DIRECTION ( 'NONE',  ( -1.000000000000000000, 0.0000000000000000000, -1.776356839400250500E-015 ) ) ;
#3197 = CARTESIAN_POINT ( 'NONE',  ( -1.405103543328515500, 0.7000000000000011800, 4.336808689942017700E-016 ) ) ;
#3198 = ORIENTED_EDGE ( 'NONE', *, *, #1284, .T. ) ;
#3199 = ORIENTED_EDGE ( 'NONE', *, *, #6, .F. ) ;
#3200 = EDGE_CURVE ( 'NONE', #2916, #3508, #1646, .T. ) ;
#3201 = LINE ( 'NONE', #1398, #728 ) ;
#3202 = CARTESIAN_POINT ( 'NONE',  ( 4.799999999999995400, 10.19999999999999600, -4.336808689942017700E-016 ) ) ;
#3203 = TOROIDAL_SURFACE ( 'NONE', #3470, 4.774999999999998600, 0.2000000000000011200 ) ;
#3204 = VERTEX_POINT ( 'NONE', #1055 ) ;
#3205 = LINE ( 'NONE', #3883, #2724 ) ;
#3206 = EDGE_LOOP ( 'NONE', ( #2034, #2293, #69, #1857 ) ) ;
#3207 = PRESENTATION_LAYER_ASSIGNMENT (  '', '', ( #2581 ) ) ;
#3208 = CARTESIAN_POINT ( 'NONE',  ( 5.124999999999997300, 0.6000000000000010900, -5.125000000000000900 ) ) ;
#3209 = CARTESIAN_POINT ( 'NONE',  ( -1.734723475976807100E-015, 1.000000000000001300, 5.129036888286770500 ) ) ;
#3210 = FACE_OUTER_BOUND ( 'NONE', #1203, .T. ) ;
#3211 = ORIENTED_EDGE ( 'NONE', *, *, #544, .T. ) ;
#3212 = CARTESIAN_POINT ( 'NONE',  ( 3.464992808706203400, 10.39999963659973200, 3.324314631025627100 ) ) ;
#3213 = PLANE ( 'NONE',  #533 ) ;
#3214 = DIRECTION ( 'NONE',  ( -0.05226442768871405300, -0.9972646886342372300, -0.05226442768871403200 ) ) ;
#3215 = AXIS2_PLACEMENT_3D ( 'NONE', #2522, #839, #1550 ) ;
#3216 = DIRECTION ( 'NONE',  ( 1.000000000000000000, 0.0000000000000000000, 0.0000000000000000000 ) ) ;
#3217 = ORIENTED_EDGE ( 'NONE', *, *, #2272, .F. ) ;
#3218 = CARTESIAN_POINT ( 'NONE',  ( 1.899999999999999000, 0.3000000000000012100, -4.336808689942017700E-016 ) ) ;
#3219 = CARTESIAN_POINT ( 'NONE',  ( 1.448172416618931800, 0.6090776437709073400, -4.760068300605143900 ) ) ;
#3220 = ORIENTED_EDGE ( 'NONE', *, *, #3807, .T. ) ;
#3221 = CARTESIAN_POINT ( 'NONE',  ( 4.525913275191721000, 10.39999975137282800, -1.600791550559025600 ) ) ;
#3222 = DIRECTION ( 'NONE',  ( 0.0000000000000000000, -1.000000000000000000, 0.0000000000000000000 ) ) ;
#3223 = CARTESIAN_POINT ( 'NONE',  ( 3.099999999999998800, 0.6000000000000010900, -4.336808689942017700E-016 ) ) ;
#3224 = LINE ( 'NONE', #3238, #4191 ) ;
#3225 = CARTESIAN_POINT ( 'NONE',  ( -4.010176841552814500, 1.000000000000001300, 4.010176841552796700 ) ) ;
#3226 = EDGE_LOOP ( 'NONE', ( #3647, #261, #3505, #2423, #2459 ) ) ;
#3227 = CARTESIAN_POINT ( 'NONE',  ( 4.800000000049997200, 10.40000000000000200, -7.599262755522695500E-008 ) ) ;
#3228 = FACE_BOUND ( 'NONE', #3126, .T. ) ;
#3229 = EDGE_CURVE ( 'NONE', #3987, #3769, #2881, .T. ) ;
#3230 = CARTESIAN_POINT ( 'NONE',  ( 2.700000000000001100, 0.4000000000000006300, -0.5000000000000008900 ) ) ;
#3231 = CARTESIAN_POINT ( 'NONE',  ( 2.599999999999998300, 0.6000000000000010900, -0.5000000000000008900 ) ) ;
#3232 = ORIENTED_EDGE ( 'NONE', *, *, #3283, .F. ) ;
#3233 = CARTESIAN_POINT ( 'NONE',  ( -1.734723475976807100E-015, 0.8000000000000027100, -4.336808689942017700E-016 ) ) ;
#3234 = EDGE_CURVE ( 'NONE', #2196, #3413, #4233, .T. ) ;
#3235 = CARTESIAN_POINT ( 'NONE',  ( -4.450000000000001100, 0.3000000000000011500, 0.5999999999999994200 ) ) ;
#3236 = DIRECTION ( 'NONE',  ( 1.000000000000000000, 0.0000000000000000000, 0.0000000000000000000 ) ) ;
#3237 = FACE_OUTER_BOUND ( 'NONE', #3420, .T. ) ;
#3238 = CARTESIAN_POINT ( 'NONE',  ( 2.700000000000001100, 0.6000000000000010900, 0.5000000000000000000 ) ) ;
#3239 = AXIS2_PLACEMENT_3D ( 'NONE', #524, #795, #3136 ) ;
#3240 = ORIENTED_EDGE ( 'NONE', *, *, #3485, .F. ) ;
#3241 = CARTESIAN_POINT ( 'NONE',  ( 4.800000000049997200, 10.40000000000000200, -7.599262755522695500E-008 ) ) ;
#3242 = CARTESIAN_POINT ( 'NONE',  ( 1.839717538262130500, 1.650000000000001200, -1.301042606982605300E-015 ) ) ;
#3243 = CARTESIAN_POINT ( 'NONE',  ( 1.929890480462739000, 0.3000000000000012100, -0.2323162305268651800 ) ) ;
#3244 = ORIENTED_EDGE ( 'NONE', *, *, #1743, .F. ) ;
#3245 = ORIENTED_EDGE ( 'NONE', *, *, #1671, .T. ) ;
#3246 =( GEOMETRIC_REPRESENTATION_CONTEXT ( 3 ) GLOBAL_UNCERTAINTY_ASSIGNED_CONTEXT ( ( #1307 ) ) GLOBAL_UNIT_ASSIGNED_CONTEXT ( ( #768, #2171, #3491 ) ) REPRESENTATION_CONTEXT ( 'NONE', 'WORKASPACE' ) );
#3247 = CARTESIAN_POINT ( 'NONE',  ( 1.839717538261891100, 1.650000000000001700, -5.094971831752793900 ) ) ;
#3248 = CARTESIAN_POINT ( 'NONE',  ( 4.613870267236869400, 10.40000000000000200, -1.323709030813044800 ) ) ;
#3249 = VECTOR ( 'NONE', #2806, 1000.000000000000200 ) ;
#3250 = VERTEX_POINT ( 'NONE', #1342 ) ;
#3251 = CARTESIAN_POINT ( 'NONE',  ( -1.637127353739630000, 1.000000000000001300, -5.129036888286771400 ) ) ;
#3252 = PLANE ( 'NONE',  #2010 ) ;
#3253 = CIRCLE ( 'NONE', #3880, 0.5000000000034118300 ) ;
#3254 = EDGE_CURVE ( 'NONE', #3292, #1265, #1164, .T. ) ;
#3255 = ORIENTED_EDGE ( 'NONE', *, *, #779, .T. ) ;
#3256 = PLANE ( 'NONE',  #1274 ) ;
#3257 = LINE ( 'NONE', #1288, #416 ) ;
#3258 =( LENGTH_UNIT ( ) NAMED_UNIT ( * ) SI_UNIT ( .MILLI., .METRE. ) );
#3259 = LINE ( 'NONE', #504, #3372 ) ;
#3260 = PLANE ( 'NONE',  #2036 ) ;
#3261 = VERTEX_POINT ( 'NONE', #11 ) ;
#3262 = EDGE_CURVE ( 'NONE', #3906, #3920, #2533, .T. ) ;
#3263 = CARTESIAN_POINT ( 'NONE',  ( 2.499999999999995100, 0.6000000000000010900, -0.6143539149150397700 ) ) ;
#3264 = FACE_OUTER_BOUND ( 'NONE', #1800, .T. ) ;
#3265 = ORIENTED_EDGE ( 'NONE', *, *, #319, .T. ) ;
#3266 = DIRECTION ( 'NONE',  ( 0.0000000000000000000, -1.000000000000000000, -0.0000000000000000000 ) ) ;
#3267 =( GEOMETRIC_REPRESENTATION_CONTEXT ( 3 ) GLOBAL_UNCERTAINTY_ASSIGNED_CONTEXT ( ( #3884 ) ) GLOBAL_UNIT_ASSIGNED_CONTEXT ( ( #2785, #3498, #3477 ) ) REPRESENTATION_CONTEXT ( 'NONE', 'WORKASPACE' ) );
#3268 = CARTESIAN_POINT ( 'NONE',  ( -1.506063621301311000, 0.7157007868728844100, -5.143936378698678700 ) ) ;
#3269 = CARTESIAN_POINT ( 'NONE',  ( 1.501175949520505300, 0.6701047950903297200, 4.746964299612703700 ) ) ;
#3270 = ORIENTED_EDGE ( 'NONE', *, *, #2631, .F. ) ;
#3271 = ORIENTED_EDGE ( 'NONE', *, *, #2660, .F. ) ;
#3272 = CARTESIAN_POINT ( 'NONE',  ( -1.734723475976807100E-015, 1.453589838474600900, 4.675000000015144200 ) ) ;
#3273 = AXIS2_PLACEMENT_3D ( 'NONE', #1628, #3992, #4328 ) ;
#3274 = VECTOR ( 'NONE', #3096, 1000.000000000000100 ) ;
#3275 = PRODUCT_DEFINITION_SHAPE ( 'NONE', 'NONE',  #1318 ) ;
#3276 = ORIENTED_EDGE ( 'NONE', *, *, #2987, .F. ) ;
#3277 = CYLINDRICAL_SURFACE ( 'NONE', #2431, 0.2999999999999999300 ) ;
#3278 = ORIENTED_EDGE ( 'NONE', *, *, #971, .T. ) ;
#3279 = DIRECTION ( 'NONE',  ( 1.000000000000000000, 0.0000000000000000000, 0.0000000000000000000 ) ) ;
#3280 = CARTESIAN_POINT ( 'NONE',  ( 1.491611246748632200, 0.6498360961549405300, 4.748864612873316700 ) ) ;
#3281 = ORIENTED_EDGE ( 'NONE', *, *, #1438, .F. ) ;
#3282 = ORIENTED_EDGE ( 'NONE', *, *, #2733, .F. ) ;
#3283 = EDGE_CURVE ( 'NONE', #2142, #1630, #1106, .T. ) ;
#3284 = DIRECTION ( 'NONE',  ( 0.0000000000000000000, 0.0000000000000000000, -1.000000000000000000 ) ) ;
#3285 = ORIENTED_EDGE ( 'NONE', *, *, #3461, .F. ) ;
#3286 = CARTESIAN_POINT ( 'NONE',  ( -5.093555332430177000, 1.192622389734054900E-015, -1.000000000000000400 ) ) ;
#3287 = EDGE_CURVE ( 'NONE', #354, #1680, #1895, .T. ) ;
#3288 = CIRCLE ( 'NONE', #868, 5.030028168252579600 ) ;
#3289 = CARTESIAN_POINT ( 'NONE',  ( -4.550000000000001600, 1.192622389734054900E-015, 0.9999999999999995600 ) ) ;
#3290 = CARTESIAN_POINT ( 'NONE',  ( 4.627049146062378600, 0.6521929968939309500, 4.627049146062376800 ) ) ;
#3291 = CARTESIAN_POINT ( 'NONE',  ( -1.929890480462742600, 0.6000000000000010900, 0.2323162305268642900 ) ) ;
#3292 = VERTEX_POINT ( 'NONE', #3788 ) ;
#3293 = ORIENTED_EDGE ( 'NONE', *, *, #3558, .T. ) ;
#3294 = PLANE ( 'NONE',  #4064 ) ;
#3295 = AXIS2_PLACEMENT_3D ( 'NONE', #3913, #1819, #3869 ) ;
#3296 = LINE ( 'NONE', #2328, #3846 ) ;
#3297 = CARTESIAN_POINT ( 'NONE',  ( -1.805652481727683300, 1.000000000006640500, 4.658247151971727900 ) ) ;
#3298 = DIRECTION ( 'NONE',  ( 0.0000000000000000000, 0.0000000000000000000, -1.000000000000000000 ) ) ;
#3299 = EDGE_LOOP ( 'NONE', ( #3137, #2059, #275, #3691 ) ) ;
#3300 = ORIENTED_EDGE ( 'NONE', *, *, #216, .F. ) ;
#3301 = CARTESIAN_POINT ( 'NONE',  ( -1.502026522229230800, 0.6386683476566520400, 5.127026522229227700 ) ) ;
#3302 = LINE ( 'NONE', #68, #936 ) ;
#3303 = ORIENTED_EDGE ( 'NONE', *, *, #1802, .F. ) ;
#3304 = VERTEX_POINT ( 'NONE', #2455 ) ;
#3305 = CARTESIAN_POINT ( 'NONE',  ( 4.686088827969999000, 10.39999998114123500, -1.040032289315984300 ) ) ;
#3306 = LINE ( 'NONE', #2632, #303 ) ;
#3307 = LINE ( 'NONE', #2090, #1375 ) ;
#3308 = CARTESIAN_POINT ( 'NONE',  ( -1.734723475976807100E-015, 0.6000000000000018700, -1.301042606982605300E-015 ) ) ;
#3309 = ORIENTED_EDGE ( 'NONE', *, *, #3503, .F. ) ;
#3310 = CARTESIAN_POINT ( 'NONE',  ( -2.063754311186435200, 0.6000000000000010900, 0.4362456888135665700 ) ) ;
#3311 = EDGE_CURVE ( 'NONE', #3074, #3575, #207, .T. ) ;
#3312 = CARTESIAN_POINT ( 'NONE',  ( 1.580728158253117000, 1.519383019537925400, -4.768338184461208100 ) ) ;
#3313 = ADVANCED_FACE ( 'NONE', ( #1217 ), #740, .T. ) ;
#3314 = ORIENTED_EDGE ( 'NONE', *, *, #3383, .T. ) ;
#3315 = CARTESIAN_POINT ( 'NONE',  ( 2.593860812313845400, 10.39999988865178100, 4.039054456834382900 ) ) ;
#3316 = CARTESIAN_POINT ( 'NONE',  ( -1.501175949520752000, 0.6701047950910968800, -4.746964299614673700 ) ) ;
#3317 = CARTESIAN_POINT ( 'NONE',  ( -1.734723475976807100E-015, 1.800000000000001600, -4.336808689942017700E-016 ) ) ;
#3318 = CIRCLE ( 'NONE', #541, 0.1000000000000002600 ) ;
#3319 = ORIENTED_EDGE ( 'NONE', *, *, #2934, .F. ) ;
#3320 = EDGE_CURVE ( 'NONE', #3784, #4219, #3318, .T. ) ;
#3321 = ORIENTED_EDGE ( 'NONE', *, *, #209, .F. ) ;
#3322 = CARTESIAN_POINT ( 'NONE',  ( 4.752515528875986400, 10.39999988865178100, -0.6750340485659351900 ) ) ;
#3323 = ADVANCED_FACE ( 'NONE', ( #1271 ), #3097, .T. ) ;
#3324 = DIRECTION ( 'NONE',  ( -0.9986630005678501800, 0.0000000000000000000, 0.05169343572271271900 ) ) ;
#3325 = CARTESIAN_POINT ( 'NONE',  ( -2.600000000000001400, 0.4000000000000006300, -0.5000000000000008900 ) ) ;
#3326 = LINE ( 'NONE', #765, #3529 ) ;
#3327 = ORIENTED_EDGE ( 'NONE', *, *, #2934, .T. ) ;
#3328 = CARTESIAN_POINT ( 'NONE',  ( -5.150000000000000400, 0.6000000000000012000, -2.899999999999988800 ) ) ;
#3329 = CARTESIAN_POINT ( 'NONE',  ( 2.866423129104624900, 10.39999997170026300, 3.850280188460208000 ) ) ;
#3330 = LINE ( 'NONE', #415, #1614 ) ;
#3331 = DIRECTION ( 'NONE',  ( 0.0000000000000000000, 0.0000000000000000000, -1.000000000000000000 ) ) ;
#3332 = CARTESIAN_POINT ( 'NONE',  ( -1.405103543328723600, 0.6000000000000010900, 5.124999999999999100 ) ) ;
#3333 = EDGE_LOOP ( 'NONE', ( #3125, #3255, #1697, #3321 ) ) ;
#3334 = VECTOR ( 'NONE', #1519, 1000.000000000000000 ) ;
#3335 = DIRECTION ( 'NONE',  ( 5.319486328579990300E-016, -2.787824654073759300E-017, 1.000000000000000000 ) ) ;
#3336 = ORIENTED_EDGE ( 'NONE', *, *, #3135, .F. ) ;
#3337 = ADVANCED_FACE ( 'NONE', ( #2834 ), #3260, .T. ) ;
#3338 = ORIENTED_EDGE ( 'NONE', *, *, #326, .T. ) ;
#3339 = CARTESIAN_POINT ( 'NONE',  ( 2.499999999999995100, 0.3000000000000012100, -0.6143539149150397700 ) ) ;
#3340 = CARTESIAN_POINT ( 'NONE',  ( -2.536185405005900100, 0.3000000000000011500, -0.6990641003974955600 ) ) ;
#3341 = EDGE_CURVE ( 'NONE', #3750, #1536, #3749, .T. ) ;
#3342 = CARTESIAN_POINT ( 'NONE',  ( 2.299999999999999800, 0.6000000000000010900, 0.5000000000000000000 ) ) ;
#3343 = CARTESIAN_POINT ( 'NONE',  ( 4.449999999999995700, 0.3000000000000011500, -0.6000000000000003100 ) ) ;
#3344 = CARTESIAN_POINT ( 'NONE',  ( -2.732316230526866900, 0.3000000000000004900, 0.5701095195372609700 ) ) ;
#3345 = CARTESIAN_POINT ( 'NONE',  ( 2.597430308000931600, 10.39999988890411200, 4.036757679438462500 ) ) ;
#3346 = PRESENTATION_STYLE_ASSIGNMENT (( #3062 ) ) ;
#3347 = EDGE_CURVE ( 'NONE', #3755, #229, #4020, .T. ) ;
#3348 = DIRECTION ( 'NONE',  ( 1.000000000000000000, -0.0000000000000000000, -0.0000000000000000000 ) ) ;
#3349 = CARTESIAN_POINT ( 'NONE',  ( -1.734723475976807100E-015, 1.338119784671199600, -4.336808689942017700E-016 ) ) ;
#3350 = CARTESIAN_POINT ( 'NONE',  ( 2.599999999999998300, 0.6000000000000010900, 0.5000000000000000000 ) ) ;
#3351 = AXIS2_PLACEMENT_3D ( 'NONE', #880, #2546, #572 ) ;
#3352 = CARTESIAN_POINT ( 'NONE',  ( 2.659102538727267500, 0.3000000000000006000, 0.5000000000000000000 ) ) ;
#3353 = CARTESIAN_POINT ( 'NONE',  ( 3.070109519537261600, 0.6000000000000010900, 0.2323162305268642900 ) ) ;
#3354 = EDGE_LOOP ( 'NONE', ( #3458, #1719, #2986, #1507, #2817, #3395, #1493, #981 ) ) ;
#3355 = ORIENTED_EDGE ( 'NONE', *, *, #2070, .T. ) ;
#3356 = DIRECTION ( 'NONE',  ( 0.0000000000000000000, 0.0000000000000000000, 1.000000000000000000 ) ) ;
#3357 = LINE ( 'NONE', #562, #775 ) ;
#3358 = CARTESIAN_POINT ( 'NONE',  ( -2.500000000000002200, 0.3000000000000004900, 0.6143539149150406600 ) ) ;
#3359 = ORIENTED_EDGE ( 'NONE', *, *, #2903, .F. ) ;
#3360 = ORIENTED_EDGE ( 'NONE', *, *, #2967, .T. ) ;
#3361 = ADVANCED_FACE ( 'NONE', ( #112 ), #2978, .T. ) ;
#3362 = CARTESIAN_POINT ( 'NONE',  ( 4.772704324541492400, 0.8548698364084284000, -1.450904278719685300 ) ) ;
#3363 = AXIS2_PLACEMENT_3D ( 'NONE', #1270, #3613, #1620 ) ;
#3364 = CARTESIAN_POINT ( 'NONE',  ( -1.734723475976807100E-015, 1.000000000000001300, -4.336808689942017700E-016 ) ) ;
#3365 = CARTESIAN_POINT ( 'NONE',  ( -1.497155570004952100, 0.6593972872738103100, -4.747648366525231400 ) ) ;
#3366 = CIRCLE ( 'NONE', #4290, 0.1000000000000002600 ) ;
#3367 = CARTESIAN_POINT ( 'NONE',  ( -2.600000000000001400, 0.3580639549812399400, -0.5000000000000008900 ) ) ;
#3368 = LINE ( 'NONE', #1404, #3849 ) ;
#3369 = VERTEX_POINT ( 'NONE', #2954 ) ;
#3370 = AXIS2_PLACEMENT_3D ( 'NONE', #2699, #3034, #377 ) ;
#3371 = VECTOR ( 'NONE', #4060, 1000.000000000000000 ) ;
#3372 = VECTOR ( 'NONE', #3181, 1000.000000000000000 ) ;
#3373 = CARTESIAN_POINT ( 'NONE',  ( 2.063754311186431600, 0.6000000000000010900, 0.4362456888135656800 ) ) ;
#3374 = CARTESIAN_POINT ( 'NONE',  ( -2.300000000000003400, 0.3292893218813458500, 0.5000000000000000000 ) ) ;
#3375 = CARTESIAN_POINT ( 'NONE',  ( 4.549999999999998900, 1.192622389734054900E-015, 0.9000000000000002400 ) ) ;
#3376 = ORIENTED_EDGE ( 'NONE', *, *, #2042, .F. ) ;
#3377 = EDGE_CURVE ( 'NONE', #4009, #1034, #269, .T. ) ;
#3378 = CARTESIAN_POINT ( 'NONE',  ( -1.734723475976807100E-015, 2.276313972098628300, -4.900000000023821300 ) ) ;
#3379 = VECTOR ( 'NONE', #1957, 1000.000000000000000 ) ;
#3380 = DIRECTION ( 'NONE',  ( 0.0000000000000000000, -1.000000000000000000, 0.0000000000000000000 ) ) ;
#3381 = ORIENTED_EDGE ( 'NONE', *, *, #2685, .T. ) ;
#3382 = DIRECTION ( 'NONE',  ( 0.0000000000000000000, 0.0000000000000000000, 1.000000000000000000 ) ) ;
#3383 = EDGE_CURVE ( 'NONE', #3041, #1138, #1953, .T. ) ;
#3384 = ORIENTED_EDGE ( 'NONE', *, *, #1407, .F. ) ;
#3385 = DIRECTION ( 'NONE',  ( 0.0000000000000000000, 1.000000000000000000, 0.0000000000000000000 ) ) ;
#3386 = LINE ( 'NONE', #3572, #3051 ) ;
#3387 = CARTESIAN_POINT ( 'NONE',  ( -1.734723475976807100E-015, 10.19999999999999600, -4.336808689942017700E-016 ) ) ;
#3388 = CARTESIAN_POINT ( 'NONE',  ( 1.500000000000001300, 0.6000000000000010900, 4.336808689942017700E-016 ) ) ;
#3389 = FACE_OUTER_BOUND ( 'NONE', #1349, .T. ) ;
#3390 = DIRECTION ( 'NONE',  ( 1.000000000000000000, 0.0000000000000000000, 0.0000000000000000000 ) ) ;
#3391 = ORIENTED_EDGE ( 'NONE', *, *, #4326, .T. ) ;
#3392 = CARTESIAN_POINT ( 'NONE',  ( -1.734723475976807100E-015, 1.192622389734054900E-015, -1.000000000000000400 ) ) ;
#3393 = ADVANCED_FACE ( 'NONE', ( #2164 ), #744, .F. ) ;
#3394 = CARTESIAN_POINT ( 'NONE',  ( 2.499999999999998700, 0.3000000000000011500, -4.336808689942017700E-016 ) ) ;
#3395 = ORIENTED_EDGE ( 'NONE', *, *, #1443, .T. ) ;
#3396 = ORIENTED_EDGE ( 'NONE', *, *, #790, .T. ) ;
#3397 = EDGE_CURVE ( 'NONE', #88, #2566, #526, .T. ) ;
#3398 = DIRECTION ( 'NONE',  ( 1.000000000000000000, 0.0000000000000000000, 0.0000000000000000000 ) ) ;
#3399 = VECTOR ( 'NONE', #2580, 1000.000000000000000 ) ;
#3400 = DIRECTION ( 'NONE',  ( 0.0000000000000000000, 1.000000000000000000, 4.425314989718189500E-017 ) ) ;
#3401 = ADVANCED_FACE ( 'NONE', ( #419 ), #1077, .T. ) ;
#3402 = EDGE_CURVE ( 'NONE', #1945, #1182, #2213, .T. ) ;
#3403 = DIRECTION ( 'NONE',  ( 0.0000000000000000000, 1.000000000000000000, 0.0000000000000000000 ) ) ;
#3404 = ORIENTED_EDGE ( 'NONE', *, *, #1023, .T. ) ;
#3405 = ORIENTED_EDGE ( 'NONE', *, *, #3262, .T. ) ;
#3406 = VECTOR ( 'NONE', #2195, 1000.000000000000200 ) ;
#3407 = DIRECTION ( 'NONE',  ( 0.9986630005678501800, 0.0000000000000000000, 0.05169343572271271900 ) ) ;
#3408 = VERTEX_POINT ( 'NONE', #4120 ) ;
#3409 = AXIS2_PLACEMENT_3D ( 'NONE', #182, #2531, #2838 ) ;
#3410 = ADVANCED_FACE ( 'NONE', ( #3264, #4130 ), #1032, .T. ) ;
#3411 = FACE_OUTER_BOUND ( 'NONE', #1488, .T. ) ;
#3412 = CARTESIAN_POINT ( 'NONE',  ( 2.499999999999998700, 0.3000000000000012100, 0.6143539149150397700 ) ) ;
#3413 = VERTEX_POINT ( 'NONE', #2742 ) ;
#3414 = EDGE_LOOP ( 'NONE', ( #913, #3579, #153, #515 ) ) ;
#3415 = DIRECTION ( 'NONE',  ( 0.0000000000000000000, -1.000000000000000000, 0.0000000000000000000 ) ) ;
#3416 = DIRECTION ( 'NONE',  ( -0.0000000000000000000, -0.0000000000000000000, 1.000000000000000000 ) ) ;
#3417 = LINE ( 'NONE', #1046, #2560 ) ;
#3418 = CIRCLE ( 'NONE', #1218, 4.874999999969986700 ) ;
#3419 = AXIS2_PLACEMENT_3D ( 'NONE', #2878, #2264, #3216 ) ;
#3420 = EDGE_LOOP ( 'NONE', ( #1934, #4091, #1582, #3217 ) ) ;
#3421 = CARTESIAN_POINT ( 'NONE',  ( -5.150000000000000400, 0.6000000000000010900, -4.336808689942017700E-016 ) ) ;
#3422 = PLANE ( 'NONE',  #2405 ) ;
#3423 = ORIENTED_EDGE ( 'NONE', *, *, #544, .F. ) ;
#3424 = EDGE_CURVE ( 'NONE', #301, #2869, #2625, .T. ) ;
#3425 = CARTESIAN_POINT ( 'NONE',  ( -4.875000000000002700, 1.800000000000001600, 4.336808689942017700E-016 ) ) ;
#3426 = CIRCLE ( 'NONE', #3705, 4.900000000033620600 ) ;
#3427 = ORIENTED_EDGE ( 'NONE', *, *, #4291, .F. ) ;
#3428 = DIRECTION ( 'NONE',  ( 0.0000000000000000000, 0.0000000000000000000, 1.000000000000000000 ) ) ;
#3429 = CARTESIAN_POINT ( 'NONE',  ( -2.871920673311954900, 0.6000000000000009800, 5.124999999999997300 ) ) ;
#3430 = VERTEX_POINT ( 'NONE', #1708 ) ;
#3431 = EDGE_CURVE ( 'NONE', #3369, #1474, #3516, .T. ) ;
#3432 = CARTESIAN_POINT ( 'NONE',  ( 4.649999999999997700, 0.6000000000000010900, -5.149999999999986100 ) ) ;
#3433 = DIRECTION ( 'NONE',  ( 0.0000000000000000000, -1.000000000000000000, -0.0000000000000000000 ) ) ;
#3434 = FACE_OUTER_BOUND ( 'NONE', #92, .T. ) ;
#3435 = CARTESIAN_POINT ( 'NONE',  ( 4.649999999999997700, 1.650000000020646700, 4.649999999999987900 ) ) ;
#3436 = ADVANCED_FACE ( 'NONE', ( #1435 ), #3422, .F. ) ;
#3437 = CARTESIAN_POINT ( 'NONE',  ( -4.450000000000001100, 0.3000000000000011500, -0.9000000000000010200 ) ) ;
#3438 = ORIENTED_EDGE ( 'NONE', *, *, #3747, .T. ) ;
#3439 = CARTESIAN_POINT ( 'NONE',  ( -1.734723475976807100E-015, 0.6000000000000010900, 5.149999999999986100 ) ) ;
#3440 = AXIS2_PLACEMENT_3D ( 'NONE', #3950, #204, #3587 ) ;
#3441 = FACE_OUTER_BOUND ( 'NONE', #3999, .T. ) ;
#3442 = B_SPLINE_CURVE_WITH_KNOTS ( 'NONE', 3,
 ( #18, #2659, #1367, #1348, #3712, #4044, #1704, #4365, #960, #2345, #2009, #3362, #1651, #2331, #292, #1300 ),
 .UNSPECIFIED., .F., .F.,
 ( 4, 3, 3, 3, 3, 4 ),
 ( 4.231913514085480600E-015, 3.217941406600846800E-005, 6.433008996041199300E-005, 9.694540247717367400E-005, 0.0001309273077748210700, 0.0001538710644075860400 ),
 .UNSPECIFIED. ) ;
#3443 = DIRECTION ( 'NONE',  ( -0.0000000000000000000, -0.0000000000000000000, -1.000000000000000000 ) ) ;
#3444 = CYLINDRICAL_SURFACE ( 'NONE', #2726, 0.2999999999999999300 ) ;
#3445 = ORIENTED_EDGE ( 'NONE', *, *, #2048, .F. ) ;
#3446 = CARTESIAN_POINT ( 'NONE',  ( 1.929890480462735700, 0.3000000000000012100, 0.2323162305268642900 ) ) ;
#3447 = AXIS2_PLACEMENT_3D ( 'NONE', #95, #1788, #1502 ) ;
#3448 = DIRECTION ( 'NONE',  ( 0.0000000000000000000, 1.000000000000000000, 0.0000000000000000000 ) ) ;
#3449 = DIRECTION ( 'NONE',  ( 1.000000000000000000, 0.0000000000000000000, 5.334096698495042600E-016 ) ) ;
#3450 = AXIS2_PLACEMENT_3D ( 'NONE', #2188, #563, #4262 ) ;
#3451 = DIRECTION ( 'NONE',  ( 0.0000000000000000000, 8.850629979412778500E-017, -1.000000000000000000 ) ) ;
#3452 = DIRECTION ( 'NONE',  ( -0.0000000000000000000, 1.000000000000000000, 0.0000000000000000000 ) ) ;
#3453 = ADVANCED_FACE ( 'NONE', ( #1948 ), #792, .T. ) ;
#3454 = ORIENTED_EDGE ( 'NONE', *, *, #1563, .T. ) ;
#3455 = EDGE_CURVE ( 'NONE', #3901, #2854, #3066, .T. ) ;
#3456 = CARTESIAN_POINT ( 'NONE',  ( 3.070109519537261600, 0.3000000000000004900, 0.2323162305268642900 ) ) ;
#3457 = CARTESIAN_POINT ( 'NONE',  ( 2.536185405005900100, 1.192622389734054900E-015, 0.6990641003974946700 ) ) ;
#3458 = ORIENTED_EDGE ( 'NONE', *, *, #462, .T. ) ;
#3459 = B_SPLINE_CURVE_WITH_KNOTS ( 'NONE', 2,
 ( #2662, #2014, #3669, #3367, #21 ),
 .UNSPECIFIED., .F., .F.,
 ( 3, 2, 3 ),
 ( 0.0000000000000000000, 7.827609628266439800E-005, 0.0001565521925653288000 ),
 .UNSPECIFIED. ) ;
#3460 = CARTESIAN_POINT ( 'NONE',  ( -4.550000000000001600, 1.192622389734054900E-015, 0.9000000000000002400 ) ) ;
#3461 = EDGE_CURVE ( 'NONE', #2637, #916, #685, .T. ) ;
#3462 = DIRECTION ( 'NONE',  ( 1.000000000000000000, 0.0000000000000000000, 0.0000000000000000000 ) ) ;
#3463 = CARTESIAN_POINT ( 'NONE',  ( -1.734723475976807100E-015, 1.453589838486224000, -4.336808689942017700E-016 ) ) ;
#3464 = CIRCLE ( 'NONE', #3154, 0.1000000000000002600 ) ;
#3465 = ORIENTED_EDGE ( 'NONE', *, *, #1987, .T. ) ;
#3466 = VECTOR ( 'NONE', #80, 1000.000000000000000 ) ;
#3467 = LINE ( 'NONE', #1872, #2562 ) ;
#3468 = CARTESIAN_POINT ( 'NONE',  ( -2.500000000000002200, 0.3000000000000011500, -4.336808689942017700E-016 ) ) ;
#3469 = VERTEX_POINT ( 'NONE', #4080 ) ;
#3470 = AXIS2_PLACEMENT_3D ( 'NONE', #2133, #1099, #2102 ) ;
#3471 = LINE ( 'NONE', #2890, #3624 ) ;
#3472 = CARTESIAN_POINT ( 'NONE',  ( 2.063754311186431600, 0.3000000000000012100, 0.4362456888135656800 ) ) ;
#3473 = FACE_OUTER_BOUND ( 'NONE', #1971, .T. ) ;
#3474 = ORIENTED_EDGE ( 'NONE', *, *, #160, .T. ) ;
#3475 = AXIS2_PLACEMENT_3D ( 'NONE', #3539, #285, #2324 ) ;
#3476 = COLOUR_RGB ( '',0.5019607843137254800, 0.0000000000000000000, 0.5019607843137254800 ) ;
#3477 =( NAMED_UNIT ( * ) SI_UNIT ( $, .STERADIAN. ) SOLID_ANGLE_UNIT ( ) );
#3478 = ORIENTED_EDGE ( 'NONE', *, *, #374, .F. ) ;
#3479 = CARTESIAN_POINT ( 'NONE',  ( 4.782243637177482600, 0.8499999999970452300, 1.418205488149565200 ) ) ;
#3480 = ADVANCED_FACE ( 'NONE', ( #1738 ), #3744, .T. ) ;
#3481 = DIRECTION ( 'NONE',  ( 0.0000000000000000000, -1.000000000000000000, 0.0000000000000000000 ) ) ;
#3482 = CARTESIAN_POINT ( 'NONE',  ( -3.100000000000001900, 0.6000000000000010900, 0.07536880949310333100 ) ) ;
#3483 = LINE ( 'NONE', #2353, #637 ) ;
#3484 = ORIENTED_EDGE ( 'NONE', *, *, #1146, .T. ) ;
#3485 = EDGE_CURVE ( 'NONE', #1249, #4294, #1380, .T. ) ;
#3486 = DIRECTION ( 'NONE',  ( 1.000000000000000000, 0.0000000000000000000, 0.0000000000000000000 ) ) ;
#3487 = ORIENTED_EDGE ( 'NONE', *, *, #584, .T. ) ;
#3488 = LINE ( 'NONE', #866, #1392 ) ;
#3489 = EDGE_CURVE ( 'NONE', #1273, #1583, #837, .T. ) ;
#3490 = CARTESIAN_POINT ( 'NONE',  ( -1.546309859713188100, 0.8691112516674018900, -4.743786638463398700 ) ) ;
#3491 =( NAMED_UNIT ( * ) SI_UNIT ( $, .STERADIAN. ) SOLID_ANGLE_UNIT ( ) );
#3492 = CARTESIAN_POINT ( 'NONE',  ( 1.504966496803966000, 0.6947664043756796000, 5.129966496803965500 ) ) ;
#3493 = VERTEX_POINT ( 'NONE', #4109 ) ;
#3494 = DIRECTION ( 'NONE',  ( 0.0000000000000000000, 0.0000000000000000000, 1.000000000000000000 ) ) ;
#3495 = ADVANCED_FACE ( 'NONE', ( #2829 ), #1490, .T. ) ;
#3496 = AXIS2_PLACEMENT_3D ( 'NONE', #2672, #2648, #4076 ) ;
#3497 = CARTESIAN_POINT ( 'NONE',  ( 2.599999999999998300, 0.4000000000000006300, 0.5000000000000000000 ) ) ;
#3498 =( NAMED_UNIT ( * ) PLANE_ANGLE_UNIT ( ) SI_UNIT ( $, .RADIAN. ) );
#3499 = FILL_AREA_STYLE_COLOUR ( '', #2203 ) ;
#3500 = VERTEX_POINT ( 'NONE', #2787 ) ;
#3501 = EDGE_LOOP ( 'NONE', ( #2103, #527, #861, #1445, #395, #2716 ) ) ;
#3502 = VECTOR ( 'NONE', #1382, 1000.000000000000000 ) ;
#3503 = EDGE_CURVE ( 'NONE', #4089, #2520, #3040, .T. ) ;
#3504 = PLANE ( 'NONE',  #3239 ) ;
#3505 = ORIENTED_EDGE ( 'NONE', *, *, #1910, .T. ) ;
#3506 = DIRECTION ( 'NONE',  ( -1.000000000000000000, 0.0000000000000000000, 0.0000000000000000000 ) ) ;
#3507 = VECTOR ( 'NONE', #2259, 1000.000000000000000 ) ;
#3508 = VERTEX_POINT ( 'NONE', #3844 ) ;
#3509 = ORIENTED_EDGE ( 'NONE', *, *, #2685, .F. ) ;
#3510 = FILL_AREA_STYLE_COLOUR ( '', #3666 ) ;
#3511 = EDGE_CURVE ( 'NONE', #2645, #2192, #2265, .T. ) ;
#3512 = CARTESIAN_POINT ( 'NONE',  ( 5.094971831751282200, 1.650000000014515000, -1.839717538261659100 ) ) ;
#3513 = FACE_OUTER_BOUND ( 'NONE', #24, .T. ) ;
#3514 = FACE_OUTER_BOUND ( 'NONE', #4181, .T. ) ;
#3515 = ORIENTED_EDGE ( 'NONE', *, *, #1346, .F. ) ;
#3516 = LINE ( 'NONE', #3437, #1432 ) ;
#3517 = CARTESIAN_POINT ( 'NONE',  ( 5.109871322164713600, 1.365700786872884500, 1.540128677835285600 ) ) ;
#3518 = ORIENTED_EDGE ( 'NONE', *, *, #1931, .T. ) ;
#3519 = DIRECTION ( 'NONE',  ( -2.449293598294757700E-016, 0.0000000000000000000, -1.000000000000000000 ) ) ;
#3520 = CARTESIAN_POINT ( 'NONE',  ( 1.494201570600717200, 0.6533510562155527800, -4.748244983113895800 ) ) ;
#3521 = FACE_OUTER_BOUND ( 'NONE', #2472, .T. ) ;
#3522 = ORIENTED_EDGE ( 'NONE', *, *, #133, .T. ) ;
#3523 = DIRECTION ( 'NONE',  ( -0.0000000000000000000, -0.0000000000000000000, -1.000000000000000000 ) ) ;
#3524 = MECHANICAL_DESIGN_GEOMETRIC_PRESENTATION_REPRESENTATION (  '', ( #3860 ), #3246 ) ;
#3525 = DIRECTION ( 'NONE',  ( 1.000000000000000000, -0.0000000000000000000, -0.0000000000000000000 ) ) ;
#3526 = CARTESIAN_POINT ( 'NONE',  ( 1.499999999999997800, 0.6000000000000010900, 5.149999999999986100 ) ) ;
#3527 = CARTESIAN_POINT ( 'NONE',  ( 1.416580925345532100, 0.5999999999999901000, 4.769073980451309100 ) ) ;
#3528 = ORIENTED_EDGE ( 'NONE', *, *, #2481, .T. ) ;
#3529 = VECTOR ( 'NONE', #2166, 1000.000000000000000 ) ;
#3530 = CARTESIAN_POINT ( 'NONE',  ( 4.800000000000000700, 10.40000000000000200, 0.4564083581961468300 ) ) ;
#3531 = VERTEX_POINT ( 'NONE', #1444 ) ;
#3532 = EDGE_CURVE ( 'NONE', #3723, #2679, #1539, .T. ) ;
#3533 = DIRECTION ( 'NONE',  ( 0.0000000000000000000, 1.000000000000000000, 0.0000000000000000000 ) ) ;
#3534 = FACE_OUTER_BOUND ( 'NONE', #3634, .T. ) ;
#3535 = DIRECTION ( 'NONE',  ( 1.000000000000000000, 0.0000000000000000000, 0.0000000000000000000 ) ) ;
#3536 = ORIENTED_EDGE ( 'NONE', *, *, #1123, .F. ) ;
#3537 = CARTESIAN_POINT ( 'NONE',  ( 1.504405256483511500, 0.6840573011063485500, -4.746708512365649400 ) ) ;
#3538 = EDGE_CURVE ( 'NONE', #2789, #3987, #1114, .T. ) ;
#3539 = CARTESIAN_POINT ( 'NONE',  ( 5.124999999999997300, 0.6000000000000010900, -5.125000000000000900 ) ) ;
#3540 = VECTOR ( 'NONE', #944, 1000.000000000000000 ) ;
#3541 = CARTESIAN_POINT ( 'NONE',  ( 1.405103543328512000, 0.6000000000000010900, -5.125000000000000900 ) ) ;
#3542 = VERTEX_POINT ( 'NONE', #483 ) ;
#3543 = DIRECTION ( 'NONE',  ( 0.0000000000000000000, 0.9986295347545739400, 0.05233595624294395300 ) ) ;
#3544 = CARTESIAN_POINT ( 'NONE',  ( 1.461278585991183900, 0.6000000000000012000, 5.124999999999997300 ) ) ;
#3545 = CARTESIAN_POINT ( 'NONE',  ( -1.734723475976807100E-015, 10.40000000000000200, -4.336808689942017700E-016 ) ) ;
#3546 = AXIS2_PLACEMENT_3D ( 'NONE', #4068, #4053, #3756 ) ;
#3547 = PLANE ( 'NONE',  #3295 ) ;
#3548 = DIRECTION ( 'NONE',  ( -1.000000000000000000, 0.0000000000000000000, 0.0000000000000000000 ) ) ;
#3549 = FACE_OUTER_BOUND ( 'NONE', #3414, .T. ) ;
#3550 = CARTESIAN_POINT ( 'NONE',  ( -1.734723475976807100E-015, 1.350000000000001400, 1.839717538261658200 ) ) ;
#3551 = AXIS2_PLACEMENT_3D ( 'NONE', #1898, #1591, #1864 ) ;
#3552 = VERTEX_POINT ( 'NONE', #138 ) ;
#3553 = CARTESIAN_POINT ( 'NONE',  ( 3.977323670238111000, 10.39999999999999900, -2.687778124003819000 ) ) ;
#3554 = PLANE ( 'NONE',  #3440 ) ;
#3555 = CARTESIAN_POINT ( 'NONE',  ( -1.734723475976807100E-015, 0.6000000000000010900, -5.149999999999986100 ) ) ;
#3556 = ORIENTED_EDGE ( 'NONE', *, *, #773, .T. ) ;
#3557 = VERTEX_POINT ( 'NONE', #815 ) ;
#3558 = EDGE_CURVE ( 'NONE', #1321, #3542, #4227, .T. ) ;
#3559 = AXIS2_PLACEMENT_3D ( 'NONE', #1510, #1202, #3548 ) ;
#3560 = CARTESIAN_POINT ( 'NONE',  ( 4.541814146880878600, 10.40000000000000400, 1.569713796381539700 ) ) ;
#3561 = VECTOR ( 'NONE', #1247, 1000.000000000000000 ) ;
#3562 = CARTESIAN_POINT ( 'NONE',  ( -4.550000000000001600, 0.3000000000000011500, 0.9999999999999995600 ) ) ;
#3563 =( NAMED_UNIT ( * ) SI_UNIT ( $, .STERADIAN. ) SOLID_ANGLE_UNIT ( ) );
#3564 = EDGE_LOOP ( 'NONE', ( #4029, #4066, #2372, #1922 ) ) ;
#3565 = ORIENTED_EDGE ( 'NONE', *, *, #4303, .F. ) ;
#3566 = DIRECTION ( 'NONE',  ( -1.000000000000000000, 0.0000000000000000000, 0.0000000000000000000 ) ) ;
#3567 = EDGE_CURVE ( 'NONE', #279, #955, #2313, .T. ) ;
#3568 = FACE_OUTER_BOUND ( 'NONE', #1654, .T. ) ;
#3569 = CARTESIAN_POINT ( 'NONE',  ( 1.929890480462739000, 0.6000000000000010900, -0.2323162305268651800 ) ) ;
#3570 = CIRCLE ( 'NONE', #4111, 0.6999999999999996200 ) ;
#3571 = CLOSED_SHELL ( 'NONE', ( #107, #2781, #3824, #3774, #3323, #4369, #807, #2647, #1736, #2966 ) ) ;
#3572 = CARTESIAN_POINT ( 'NONE',  ( -1.504966496803971100, 0.6947664043757064700, 5.129966496803969100 ) ) ;
#3573 = VECTOR ( 'NONE', #2619, 1000.000000000000000 ) ;
#3574 = FACE_OUTER_BOUND ( 'NONE', #4287, .T. ) ;
#3575 = VERTEX_POINT ( 'NONE', #96 ) ;
#3576 = CARTESIAN_POINT ( 'NONE',  ( 1.504966496803966000, 0.6947664043756796000, 5.129966496803965500 ) ) ;
#3577 = DIRECTION ( 'NONE',  ( 0.0000000000000000000, -1.000000000000000000, -0.0000000000000000000 ) ) ;
#3578 = LINE ( 'NONE', #2200, #1486 ) ;
#3579 = ORIENTED_EDGE ( 'NONE', *, *, #2104, .F. ) ;
#3580 = CARTESIAN_POINT ( 'NONE',  ( -5.129036888286782900, 1.000000000000001300, -1.759807621135331500 ) ) ;
#3581 = EDGE_LOOP ( 'NONE', ( #4132, #968, #441, #4168, #51, #2675, #1253, #573 ) ) ;
#3582 = CARTESIAN_POINT ( 'NONE',  ( 4.625685232622710300, 0.6000000000000010900, -5.125000000000000900 ) ) ;
#3583 = CARTESIAN_POINT ( 'NONE',  ( -1.900000000000002400, 0.3000000000000012100, 4.336808689942017700E-016 ) ) ;
#3584 = VERTEX_POINT ( 'NONE', #2772 ) ;
#3585 = DIRECTION ( 'NONE',  ( -0.9986630005678501800, -0.0000000000000000000, -0.05169343572271271900 ) ) ;
#3586 = AXIS2_PLACEMENT_3D ( 'NONE', #1763, #745, #3083 ) ;
#3587 = DIRECTION ( 'NONE',  ( -1.000000000000000000, -1.936075308009831400E-016, 0.0000000000000000000 ) ) ;
#3588 = CARTESIAN_POINT ( 'NONE',  ( -2.500000000000002200, 0.6000000000000010900, 0.6143539149150406600 ) ) ;
#3589 = CARTESIAN_POINT ( 'NONE',  ( 1.516687177555700000, 0.9184103158727065000, 4.755699159651841000 ) ) ;
#3590 = ORIENTED_EDGE ( 'NONE', *, *, #2746, .F. ) ;
#3591 = LINE ( 'NONE', #4104, #2127 ) ;
#3592 = EDGE_CURVE ( 'NONE', #1436, #4212, #2375, .T. ) ;
#3593 = DIRECTION ( 'NONE',  ( -0.0000000000000000000, -1.000000000000000000, -0.0000000000000000000 ) ) ;
#3594 = ORIENTED_EDGE ( 'NONE', *, *, #1001, .F. ) ;
#3595 = CARTESIAN_POINT ( 'NONE',  ( 3.099999999999998800, 0.3000000000000012100, -0.07536880949310333100 ) ) ;
#3596 = VERTEX_POINT ( 'NONE', #4148 ) ;
#3597 = ORIENTED_EDGE ( 'NONE', *, *, #1693, .T. ) ;
#3598 = EDGE_CURVE ( 'NONE', #27, #1273, #2050, .T. ) ;
#3599 = CARTESIAN_POINT ( 'NONE',  ( 4.549999999999998900, 0.3000000000000011500, 1.000000000000000400 ) ) ;
#3600 = DIRECTION ( 'NONE',  ( 1.000000000000000000, 0.0000000000000000000, 0.0000000000000000000 ) ) ;
#3601 = ORIENTED_EDGE ( 'NONE', *, *, #1013, .F. ) ;
#3602 = CARTESIAN_POINT ( 'NONE',  ( -1.405103543328513700, 0.6000000000000010900, -5.125000000000000900 ) ) ;
#3603 = DIRECTION ( 'NONE',  ( -1.000000000000000000, 0.0000000000000000000, 0.0000000000000000000 ) ) ;
#3604 = DIRECTION ( 'NONE',  ( 0.0000000000000000000, 2.212657494868374700E-017, 1.000000000000000000 ) ) ;
#3605 = AXIS2_PLACEMENT_3D ( 'NONE', #1816, #814, #1090 ) ;
#3606 = ORIENTED_EDGE ( 'NONE', *, *, #102, .T. ) ;
#3607 = CARTESIAN_POINT ( 'NONE',  ( 5.124999999999997300, 0.6000000000000010900, -5.125000000000000900 ) ) ;
#3608 = FILL_AREA_STYLE_COLOUR ( '', #1212 ) ;
#3609 = EDGE_LOOP ( 'NONE', ( #3285, #3069, #4052, #3198 ) ) ;
#3610 = ORIENTED_EDGE ( 'NONE', *, *, #2417, .T. ) ;
#3611 = CARTESIAN_POINT ( 'NONE',  ( 4.449999999999995700, 0.3000000000000011500, -0.7053101431738948400 ) ) ;
#3612 = AXIS2_PLACEMENT_3D ( 'NONE', #2756, #2701, #2483 ) ;
#3613 = DIRECTION ( 'NONE',  ( 0.0000000000000000000, 0.0000000000000000000, -1.000000000000000000 ) ) ;
#3614 = FACE_OUTER_BOUND ( 'NONE', #3021, .T. ) ;
#3615 = EDGE_LOOP ( 'NONE', ( #543, #1657, #1334, #1642, #1165, #1578 ) ) ;
#3616 = ORIENTED_EDGE ( 'NONE', *, *, #1553, .T. ) ;
#3617 = CARTESIAN_POINT ( 'NONE',  ( -4.550000000000001600, 0.3000000000000011500, 0.9000000000000002400 ) ) ;
#3618 = CARTESIAN_POINT ( 'NONE',  ( 1.504966496803966000, 0.6947664043756822700, 4.747119353123736100 ) ) ;
#3619 = CYLINDRICAL_SURFACE ( 'NONE', #1750, 0.1000000000000002600 ) ;
#3620 = EDGE_CURVE ( 'NONE', #769, #2810, #516, .T. ) ;
#3621 = CARTESIAN_POINT ( 'NONE',  ( -3.070109519537263400, 0.3000000000000004900, 0.2323162305268651800 ) ) ;
#3622 = EDGE_LOOP ( 'NONE', ( #2634, #4372, #1636, #877, #122 ) ) ;
#3623 = VECTOR ( 'NONE', #4292, 1000.000000000000000 ) ;
#3624 = VECTOR ( 'NONE', #1891, 1000.000000000000000 ) ;
#3625 = CARTESIAN_POINT ( 'NONE',  ( -4.344830656427729000, 1.192622389734054900E-015, 0.6054438431171084200 ) ) ;
#3626 = VECTOR ( 'NONE', #2852, 1000.000000000000100 ) ;
#3627 = EDGE_LOOP ( 'NONE', ( #1428, #1531, #1134, #2035, #3117 ) ) ;
#3628 = EDGE_CURVE ( 'NONE', #4373, #1635, #2420, .T. ) ;
#3629 = VECTOR ( 'NONE', #2814, 1000.000000000000000 ) ;
#3630 = CARTESIAN_POINT ( 'NONE',  ( 4.800000000049997200, 10.40000000000000200, -7.599262755522695500E-008 ) ) ;
#3631 = LINE ( 'NONE', #241, #1544 ) ;
#3632 = AXIS2_PLACEMENT_3D ( 'NONE', #3290, #2291, #633 ) ;
#3633 = CARTESIAN_POINT ( 'NONE',  ( -2.700000000000002800, 0.3000000000000006000, -0.5000000000000008900 ) ) ;
#3634 = EDGE_LOOP ( 'NONE', ( #3282, #1974, #3184, #2218 ) ) ;
#3635 = CARTESIAN_POINT ( 'NONE',  ( 5.125000000000000900, 0.6000000000000010900, 5.124999999999999100 ) ) ;
#3636 = DIRECTION ( 'NONE',  ( -8.605523572607312200E-033, -1.000000000000000000, -2.319149032054552800E-017 ) ) ;
#3637 = LINE ( 'NONE', #1913, #3379 ) ;
#3638 = ORIENTED_EDGE ( 'NONE', *, *, #1057, .F. ) ;
#3639 = CARTESIAN_POINT ( 'NONE',  ( -1.734723475976807100E-015, 1.164914703891416500, -4.336808689942017700E-016 ) ) ;
#3640 = AXIS2_PLACEMENT_3D ( 'NONE', #3867, #4259, #4221 ) ;
#3641 = CARTESIAN_POINT ( 'NONE',  ( 2.700000000000001100, 0.3000000000000006000, -0.5000000000000008900 ) ) ;
#3642 = VERTEX_POINT ( 'NONE', #164 ) ;
#3643 = ADVANCED_FACE ( 'NONE', ( #733 ), #1598, .T. ) ;
#3644 = B_SPLINE_SURFACE_WITH_KNOTS ( 'NONE', 3, 1, ( 
 ( #2862, #3218 ),
 ( #236, #540 ),
 ( #3569, #3243 ),
 ( #908, #582 ),
 ( #1206, #3964 ),
 ( #3263, #3339 ),
 ( #1248, #4300 ),
 ( #4034, #1327 ),
 ( #893, #2922 ),
 ( #3676, #3595 ),
 ( #4251, #2590 ) ),
 .UNSPECIFIED., .F., .F., .F.,
 ( 4, 1, 1, 1, 1, 1, 1, 1, 4 ),
 ( 2, 2 ),
 ( 0.0000000000000000000, 0.06002711688146383100, 0.1249999999999999700, 0.1899728831185360800, 0.2499999999999999700, 0.3100271168814637300, 0.3749999999999999400, 0.4399728831185362700, 0.5000000000000000000 ),
 ( 0.0000000000000000000, 1.000000000000000000 ),
 .UNSPECIFIED. ) ;
#3645 = VECTOR ( 'NONE', #3660, 1000.000000000000000 ) ;
#3646 = DIRECTION ( 'NONE',  ( 0.0000000000000000000, 0.0000000000000000000, -1.000000000000000000 ) ) ;
#3647 = ORIENTED_EDGE ( 'NONE', *, *, #2337, .T. ) ;
#3648 = EDGE_CURVE ( 'NONE', #1834, #1905, #3578, .T. ) ;
#3649 = CARTESIAN_POINT ( 'NONE',  ( -1.500000000000001300, 0.6000000000000010900, 5.149999999999986100 ) ) ;
#3650 = ADVANCED_BREP_SHAPE_REPRESENTATION ( '16SVF1000MX', ( #67, #23, #3800, #1896, #803 ), #129 ) ;
#3651 = DIRECTION ( 'NONE',  ( 5.319486328579990300E-016, 2.787824654073759300E-017, 1.000000000000000000 ) ) ;
#3652 = CYLINDRICAL_SURFACE ( 'NONE', #2538, 0.1000000000000002600 ) ;
#3653 = ORIENTED_EDGE ( 'NONE', *, *, #2599, .F. ) ;
#3654 = CARTESIAN_POINT ( 'NONE',  ( 5.093555332430173400, 1.192622389734054900E-015, 0.9999999999999995600 ) ) ;
#3655 = EDGE_LOOP ( 'NONE', ( #1886, #2898, #2460, #1089 ) ) ;
#3656 = EDGE_CURVE ( 'NONE', #3799, #955, #3205, .T. ) ;
#3657 = CARTESIAN_POINT ( 'NONE',  ( -1.503286138718648900, 0.6810216448959081100, -4.746896159774909300 ) ) ;
#3658 = ADVANCED_FACE ( 'NONE', ( #946 ), #4238, .T. ) ;
#3659 = CARTESIAN_POINT ( 'NONE',  ( -5.129036888286782900, 1.000000000000001300, -1.759807621135331500 ) ) ;
#3660 = DIRECTION ( 'NONE',  ( -0.0000000000000000000, -0.0000000000000000000, -1.000000000000000000 ) ) ;
#3661 = VERTEX_POINT ( 'NONE', #2820 ) ;
#3662 =( GEOMETRIC_REPRESENTATION_CONTEXT ( 3 ) GLOBAL_UNCERTAINTY_ASSIGNED_CONTEXT ( ( #735 ) ) GLOBAL_UNIT_ASSIGNED_CONTEXT ( ( #2812, #1122, #2798 ) ) REPRESENTATION_CONTEXT ( 'NONE', 'WORKASPACE' ) );
#3663 = VECTOR ( 'NONE', #305, 1000.000000000000000 ) ;
#3664 = CARTESIAN_POINT ( 'NONE',  ( 4.741347820744704400, 10.39999989792831200, -0.7500944236162102600 ) ) ;
#3665 = CARTESIAN_POINT ( 'NONE',  ( -1.734723475976807100E-015, 0.9500000000000010700, -1.418205488149273600 ) ) ;
#3666 = COLOUR_RGB ( '',0.2509803921568627400, 0.2509803921568627400, 0.2509803921568627400 ) ;
#3667 = CARTESIAN_POINT ( 'NONE',  ( 2.607084319723409000, 10.39999988975026200, 4.030528550390103600 ) ) ;
#3668 = CARTESIAN_POINT ( 'NONE',  ( -1.428235346515091000, 0.6020273512906551000, -4.765705994536413700 ) ) ;
#3669 = CARTESIAN_POINT ( 'NONE',  ( -2.629289321881347800, 0.3292893218813458500, -0.5000000000000008900 ) ) ;
#3670 = ORIENTED_EDGE ( 'NONE', *, *, #3598, .F. ) ;
#3671 = ORIENTED_EDGE ( 'NONE', *, *, #2070, .F. ) ;
#3672 = DIRECTION ( 'NONE',  ( 1.000000000000000000, 0.0000000000000000000, -1.119571596451685300E-016 ) ) ;
#3673 = CIRCLE ( 'NONE', #2487, 0.3999999999999997400 ) ;
#3674 = VERTEX_POINT ( 'NONE', #3231 ) ;
#3675 = ORIENTED_EDGE ( 'NONE', *, *, #3110, .T. ) ;
#3676 = CARTESIAN_POINT ( 'NONE',  ( 3.099999999999998800, 0.6000000000000010900, -0.07536880949310333100 ) ) ;
#3677 = CARTESIAN_POINT ( 'NONE',  ( 1.899999999999999000, 0.3000000000000012100, -4.336808689942017700E-016 ) ) ;
#3678 = CONICAL_SURFACE ( 'NONE', #105, 4.995963111706913700, 0.05235987755578760900 ) ;
#3679 = CIRCLE ( 'NONE', #166, 4.975000000000000500 ) ;
#3680 = CARTESIAN_POINT ( 'NONE',  ( -6.111083861171096000E-011, 288097.2316665676800, 498999.9999999999400 ) ) ;
#3681 = EDGE_LOOP ( 'NONE', ( #635, #2926, #1918, #4103, #3047 ) ) ;
#3682 = CARTESIAN_POINT ( 'NONE',  ( 5.093555332430173400, 1.192622389734054900E-015, -4.336808689942017700E-016 ) ) ;
#3683 = EDGE_CURVE ( 'NONE', #626, #1583, #4081, .T. ) ;
#3684 = VECTOR ( 'NONE', #1276, 999.9999999999998900 ) ;
#3685 = CARTESIAN_POINT ( 'NONE',  ( 4.449999999999995700, 0.3000000000000011500, -1.000000000000000400 ) ) ;
#3686 = FACE_OUTER_BOUND ( 'NONE', #3226, .T. ) ;
#3687 = ORIENTED_EDGE ( 'NONE', *, *, #3532, .F. ) ;
#3688 = CARTESIAN_POINT ( 'NONE',  ( 2.267683769473134000, 0.6000000000000010900, -0.5701095195372609700 ) ) ;
#3689 = VECTOR ( 'NONE', #3039, 1000.000000000000000 ) ;
#3690 = DIRECTION ( 'NONE',  ( -2.449293598294696100E-016, 1.813308926088382900E-030, -1.000000000000000000 ) ) ;
#3691 = ORIENTED_EDGE ( 'NONE', *, *, #2818, .T. ) ;
#3692 = EDGE_CURVE ( 'NONE', #3058, #2665, #255, .T. ) ;
#3693 = ADVANCED_FACE ( 'NONE', ( #1796 ), #3854, .F. ) ;
#3694 = CIRCLE ( 'NONE', #4198, 4.900000000033617900 ) ;
#3695 = ORIENTED_EDGE ( 'NONE', *, *, #2825, .F. ) ;
#3696 = CARTESIAN_POINT ( 'NONE',  ( -1.734723475976807100E-015, 0.9500000000000010700, 1.418205488149272700 ) ) ;
#3697 = DIRECTION ( 'NONE',  ( -1.000000000000000000, 0.0000000000000000000, 0.0000000000000000000 ) ) ;
#3698 = ORIENTED_EDGE ( 'NONE', *, *, #643, .F. ) ;
#3699 = CARTESIAN_POINT ( 'NONE',  ( 4.975000000000000500, 0.6000000000000010900, -4.336808689942017700E-016 ) ) ;
#3700 = DIRECTION ( 'NONE',  ( -0.05233595624294395300, 0.9986295347545739400, 0.0000000000000000000 ) ) ;
#3701 = CARTESIAN_POINT ( 'NONE',  ( -1.449994737598479900, 0.6098958773215125100, -4.759561817199677400 ) ) ;
#3702 = ADVANCED_FACE ( 'NONE', ( #628 ), #3914, .F. ) ;
#3703 = DIRECTION ( 'NONE',  ( 0.0000000000000000000, 0.0000000000000000000, -1.000000000000000000 ) ) ;
#3704 = ORIENTED_EDGE ( 'NONE', *, *, #1096, .T. ) ;
#3705 = AXIS2_PLACEMENT_3D ( 'NONE', #3770, #1746, #3451 ) ;
#3706 = PLANE ( 'NONE',  #1371 ) ;
#3707 = VECTOR ( 'NONE', #4307, 1000.000000000000000 ) ;
#3708 = ORIENTED_EDGE ( 'NONE', *, *, #3347, .F. ) ;
#3709 = PLANE ( 'NONE',  #4283 ) ;
#3710 = EDGE_CURVE ( 'NONE', #1755, #1311, #2767, .T. ) ;
#3711 = CARTESIAN_POINT ( 'NONE',  ( -1.734723475976807100E-015, 1.338119784664002300, 4.874999999980040900 ) ) ;
#3712 = CARTESIAN_POINT ( 'NONE',  ( 4.757845684841870900, 0.9033706284956996000, -1.507313069854978600 ) ) ;
#3713 = VERTEX_POINT ( 'NONE', #1820 ) ;
#3714 = CARTESIAN_POINT ( 'NONE',  ( 2.657441935816046800, 10.39999989792831400, 3.997627191145701100 ) ) ;
#3715 = CIRCLE ( 'NONE', #2314, 4.675000000020190800 ) ;
#3716 = EDGE_CURVE ( 'NONE', #2637, #2916, #2929, .T. ) ;
#3717 = DIRECTION ( 'NONE',  ( -0.0000000000000000000, -1.000000000000000000, -0.0000000000000000000 ) ) ;
#3718 = ORIENTED_EDGE ( 'NONE', *, *, #1233, .T. ) ;
#3719 = PRESENTATION_STYLE_ASSIGNMENT (( #3186 ) ) ;
#3720 = CARTESIAN_POINT ( 'NONE',  ( -2.600000000000001400, 0.6000000000000010900, -0.5000000000000008900 ) ) ;
#3721 = AXIS2_PLACEMENT_3D ( 'NONE', #2028, #3046, #1041 ) ;
#3722 = CARTESIAN_POINT ( 'NONE',  ( -1.734723475976807100E-015, 288097.2316665676800, -499000.0000000000600 ) ) ;
#3723 = VERTEX_POINT ( 'NONE', #829 ) ;
#3724 = VERTEX_POINT ( 'NONE', #3517 ) ;
#3725 = CARTESIAN_POINT ( 'NONE',  ( 4.449999999999995700, 0.3000000000000011500, 0.5999999999999994200 ) ) ;
#3726 = DIRECTION ( 'NONE',  ( -1.000000000000000000, 0.0000000000000000000, 2.449293598294706400E-016 ) ) ;
#3727 = FACE_OUTER_BOUND ( 'NONE', #76, .T. ) ;
#3728 = CARTESIAN_POINT ( 'NONE',  ( 1.548948601559502400, 1.533994957030049700, 5.101051398440479700 ) ) ;
#3729 = ORIENTED_EDGE ( 'NONE', *, *, #408, .F. ) ;
#3730 = EDGE_LOOP ( 'NONE', ( #1928, #2355 ) ) ;
#3731 = AXIS2_PLACEMENT_3D ( 'NONE', #1075, #3433, #1426 ) ;
#3732 = CARTESIAN_POINT ( 'NONE',  ( -3.100000000000001900, 0.3000000000000012100, -0.07536880949310333100 ) ) ;
#3733 = CARTESIAN_POINT ( 'NONE',  ( -1.506063621301279700, 0.7157007868723145300, 5.143936378698709800 ) ) ;
#3734 = CIRCLE ( 'NONE', #3546, 4.988101944822354900 ) ;
#3735 = ORIENTED_EDGE ( 'NONE', *, *, #1261, .F. ) ;
#3736 = CIRCLE ( 'NONE', #3215, 5.030028168252579600 ) ;
#3737 = UNCERTAINTY_MEASURE_WITH_UNIT (LENGTH_MEASURE( 1.000000000000000100E-005 ), #2185, 'distance_accuracy_value', 'NONE');
#3738 = CIRCLE ( 'NONE', #1865, 4.675000000020190800 ) ;
#3739 = ADVANCED_FACE ( 'NONE', ( #3513 ), #252, .T. ) ;
#3740 = VECTOR ( 'NONE', #2683, 1000.000000000000000 ) ;
#3741 = CARTESIAN_POINT ( 'NONE',  ( -2.267683769473137500, 0.6000000000000010900, -0.5701095195372609700 ) ) ;
#3742 = ORIENTED_EDGE ( 'NONE', *, *, #4215, .F. ) ;
#3743 = DIRECTION ( 'NONE',  ( -1.000000000000000000, 0.0000000000000000000, 0.0000000000000000000 ) ) ;
#3744 = CYLINDRICAL_SURFACE ( 'NONE', #3612, 0.1000000000000002600 ) ;
#3745 = CARTESIAN_POINT ( 'NONE',  ( 4.449999999999995700, 0.3000000000000011500, 0.7053101431738939600 ) ) ;
#3746 = ORIENTED_EDGE ( 'NONE', *, *, #3710, .F. ) ;
#3747 = EDGE_CURVE ( 'NONE', #1249, #1774, #308, .T. ) ;
#3748 = CARTESIAN_POINT ( 'NONE',  ( 4.349999999999999600, 0.3000000000000011500, 0.7053101431738939600 ) ) ;
#3749 = LINE ( 'NONE', #920, #1002 ) ;
#3750 = VERTEX_POINT ( 'NONE', #170 ) ;
#3751 = CARTESIAN_POINT ( 'NONE',  ( -2.732316230526865100, 0.6000000000000010900, -0.5701095195372600800 ) ) ;
#3752 = ADVANCED_FACE ( 'NONE', ( #2980 ), #2157, .T. ) ;
#3753 = DIRECTION ( 'NONE',  ( 1.000000000000000000, 0.0000000000000000000, 0.0000000000000000000 ) ) ;
#3754 = EDGE_CURVE ( 'NONE', #3799, #4058, #3076, .T. ) ;
#3755 = VERTEX_POINT ( 'NONE', #2920 ) ;
#3756 = DIRECTION ( 'NONE',  ( -1.000000000000000000, 0.0000000000000000000, 1.776356839400250500E-015 ) ) ;
#3757 = ORIENTED_EDGE ( 'NONE', *, *, #2737, .T. ) ;
#3758 = CARTESIAN_POINT ( 'NONE',  ( 3.099999999999998800, 0.3000000000000012100, -4.336808689942017700E-016 ) ) ;
#3759 = AXIS2_PLACEMENT_3D ( 'NONE', #1074, #1722, #53 ) ;
#3760 = CARTESIAN_POINT ( 'NONE',  ( -2.899999999999992800, 0.6000000000000010900, -5.149999999999986100 ) ) ;
#3761 = VECTOR ( 'NONE', #2129, 1000.000000000000000 ) ;
#3762 = CARTESIAN_POINT ( 'NONE',  ( -2.891316794818837200, 1.000000000000001300, -5.129036888286770500 ) ) ;
#3763 = EDGE_LOOP ( 'NONE', ( #1935, #2349, #754, #2370, #2564, #2233, #3384, #937 ) ) ;
#3764 = B_SPLINE_SURFACE_WITH_KNOTS ( 'NONE', 3, 1, ( 
 ( #1296, #276 ),
 ( #1633, #246 ),
 ( #3291, #956 ),
 ( #3310, #1257 ),
 ( #4318, #1946 ),
 ( #3588, #2595 ),
 ( #2238, #3951 ),
 ( #2283, #1596 ),
 ( #587, #2629 ),
 ( #2900, #900 ),
 ( #1648, #574 ) ),
 .UNSPECIFIED., .F., .F., .F.,
 ( 4, 1, 1, 1, 1, 1, 1, 1, 4 ),
 ( 2, 2 ),
 ( 0.4999999999999997800, 0.5600271168814635600, 0.6249999999999996700, 0.6899728831185360000, 0.7499999999999996700, 0.8100271168814635600, 0.8749999999999998900, 0.9399728831185362200, 0.9999999999999998900 ),
 ( 0.0000000000000000000, 1.000000000000000000 ),
 .UNSPECIFIED. ) ;
#3765 = CARTESIAN_POINT ( 'NONE',  ( -1.929890480462740800, 0.6000000000000010900, -0.2323162305268642900 ) ) ;
#3766 = DIRECTION ( 'NONE',  ( 0.0000000000000000000, 0.0000000000000000000, 1.000000000000000000 ) ) ;
#3767 = AXIS2_PLACEMENT_3D ( 'NONE', #607, #2000, #2318 ) ;
#3768 = ORIENTED_EDGE ( 'NONE', *, *, #3775, .F. ) ;
#3769 = VERTEX_POINT ( 'NONE', #1615 ) ;
#3770 = CARTESIAN_POINT ( 'NONE',  ( -1.734723475976807100E-015, 2.276313972100850100, -1.301042606982605300E-015 ) ) ;
#3771 = CARTESIAN_POINT ( 'NONE',  ( -2.500000000000002200, 0.6000000000000010900, 0.6143539149150406600 ) ) ;
#3772 = EDGE_LOOP ( 'NONE', ( #457, #1107, #1870, #613, #1665, #1292, #2489, #3793, #612, #1017, #2504, #2395, #3597 ) ) ;
#3773 = DIRECTION ( 'NONE',  ( -0.05226442768870909200, -0.9972646886342373400, 0.05226442768871821700 ) ) ;
#3774 = ADVANCED_FACE ( 'NONE', ( #1791 ), #3930, .T. ) ;
#3775 = EDGE_CURVE ( 'NONE', #4149, #638, #995, .T. ) ;
#3776 = CARTESIAN_POINT ( 'NONE',  ( 1.899999999999999000, 0.3000000000000012100, 0.07536880949310245700 ) ) ;
#3777 = VERTEX_POINT ( 'NONE', #224 ) ;
#3778 = CARTESIAN_POINT ( 'NONE',  ( -2.536185405005900100, 0.3000000000000011500, 0.6990641003974946700 ) ) ;
#3779 = VECTOR ( 'NONE', #1487, 1000.000000000000000 ) ;
#3780 = B_SPLINE_CURVE_WITH_KNOTS ( 'NONE', 2,
 ( #2638, #630, #2997, #3352, #710 ),
 .UNSPECIFIED., .F., .F.,
 ( 3, 2, 3 ),
 ( 0.0000000000000000000, 7.830626321862999000E-005, 0.0001566125264372599800 ),
 .UNSPECIFIED. ) ;
#3781 = EDGE_CURVE ( 'NONE', #4242, #249, #3471, .T. ) ;
#3782 = DIRECTION ( 'NONE',  ( -1.000000000000000000, 0.0000000000000000000, 0.0000000000000000000 ) ) ;
#3783 = EDGE_LOOP ( 'NONE', ( #4197, #986, #3881, #46 ) ) ;
#3784 = VERTEX_POINT ( 'NONE', #3625 ) ;
#3785 = CARTESIAN_POINT ( 'NONE',  ( -1.900000000000002400, 0.6000000000000010900, 4.336808689942017700E-016 ) ) ;
#3786 = ORIENTED_EDGE ( 'NONE', *, *, #639, .F. ) ;
#3787 = DIRECTION ( 'NONE',  ( -1.000000000000000000, 0.0000000000000000000, 0.0000000000000000000 ) ) ;
#3788 = CARTESIAN_POINT ( 'NONE',  ( -2.300000000000003400, 0.4000000000000006300, -0.5000000000000008900 ) ) ;
#3789 = B_SPLINE_CURVE_WITH_KNOTS ( 'NONE', 3,
 ( #976, #1010, #3668, #327, #3701, #962, #669, #281, #264, #1694, #3365, #3316, #3657, #4011, #1, #1669 ),
 .UNSPECIFIED., .F., .F.,
 ( 4, 3, 3, 3, 3, 4 ),
 ( 2.982164839532324400E-016, 3.589347477254039100E-005, 7.184677954540057800E-005, 0.0001068297939571227500, 0.0001401906954723108400, 0.0001538648630571995800 ),
 .UNSPECIFIED. ) ;
#3790 = VECTOR ( 'NONE', #1388, 1000.000000000000000 ) ;
#3791 = DIRECTION ( 'NONE',  ( 0.0000000000000000000, 1.000000000000000000, 0.0000000000000000000 ) ) ;
#3792 = VERTEX_POINT ( 'NONE', #919 ) ;
#3793 = ORIENTED_EDGE ( 'NONE', *, *, #2246, .T. ) ;
#3794 = CARTESIAN_POINT ( 'NONE',  ( -4.450000000000001100, 0.3000000000000011500, -0.7053101431738948400 ) ) ;
#3795 = DIRECTION ( 'NONE',  ( 1.000000000000000000, 0.0000000000000000000, 1.119571596451685300E-016 ) ) ;
#3796 = LINE ( 'NONE', #1947, #831 ) ;
#3797 = VECTOR ( 'NONE', #1733, 1000.000000000000000 ) ;
#3798 = AXIS2_PLACEMENT_3D ( 'NONE', #1133, #1470, #1505 ) ;
#3799 = VERTEX_POINT ( 'NONE', #211 ) ;
#3800 = MANIFOLD_SOLID_BREP ( 'Body-Move/Copy1[3]', #2023 ) ;
#3801 = CARTESIAN_POINT ( 'NONE',  ( -4.675759248530198400, 1.000000000006640500, 1.759807621135440800 ) ) ;
#3802 = ADVANCED_FACE ( 'NONE', ( #786 ), #4323, .T. ) ;
#3803 = DIRECTION ( 'NONE',  ( 0.0000000000000000000, 0.0000000000000000000, 1.000000000000000000 ) ) ;
#3804 = LINE ( 'NONE', #2242, #3684 ) ;
#3805 = DIRECTION ( 'NONE',  ( -0.05226442768871471200, 0.9972646886342371200, 0.05226442768871615600 ) ) ;
#3806 = ORIENTED_EDGE ( 'NONE', *, *, #3347, .T. ) ;
#3807 = EDGE_CURVE ( 'NONE', #4050, #3130, #1153, .T. ) ;
#3808 = CONICAL_SURFACE ( 'NONE', #1453, 4.874999999969986700, 1.047197551231896500 ) ;
#3809 = AXIS2_PLACEMENT_3D ( 'NONE', #55, #1703, #17 ) ;
#3810 = DIRECTION ( 'NONE',  ( 0.0000000000000000000, 0.0000000000000000000, 1.000000000000000000 ) ) ;
#3811 = ORIENTED_EDGE ( 'NONE', *, *, #3377, .F. ) ;
#3812 = VECTOR ( 'NONE', #4019, 1000.000000000000000 ) ;
#3813 = ORIENTED_EDGE ( 'NONE', *, *, #1931, .F. ) ;
#3814 = EDGE_CURVE ( 'NONE', #2840, #2981, #2209, .T. ) ;
#3815 = B_SPLINE_CURVE_WITH_KNOTS ( 'NONE', 3,
 ( #3785, #4161, #1413, #4125, #3100, #3771, #2730, #71, #2131, #3482, #1065 ),
 .UNSPECIFIED., .F., .F.,
 ( 4, 1, 1, 1, 1, 1, 1, 1, 4 ),
 ( 0.0000000000000000000, 0.0002251817512027470600, 0.0004689167223527821800, 0.0007126516935028182300, 0.0009378334447055648000, 0.001163015195908312500, 0.001406750167058348300, 0.001650485138208384100, 0.001875666889411130900 ),
 .UNSPECIFIED. ) ;
#3816 = CARTESIAN_POINT ( 'NONE',  ( -1.732348813080671500, 1.000000000000056400, -4.686661477552220800 ) ) ;
#3817 = PLANE ( 'NONE',  #2891 ) ;
#3818 = VERTEX_POINT ( 'NONE', #2232 ) ;
#3819 = MECHANICAL_DESIGN_GEOMETRIC_PRESENTATION_REPRESENTATION (  '', ( #270 ), #3267 ) ;
#3820 = LINE ( 'NONE', #190, #2068 ) ;
#3821 = CARTESIAN_POINT ( 'NONE',  ( -1.734723475976807100E-015, 0.6000000000000010900, -4.336808689942017700E-016 ) ) ;
#3822 = CARTESIAN_POINT ( 'NONE',  ( 2.700000000000001100, 0.3000000000000004900, -0.5000000000000008900 ) ) ;
#3823 = LINE ( 'NONE', #2582, #3540 ) ;
#3824 = ADVANCED_FACE ( 'NONE', ( #2671 ), #1907, .F. ) ;
#3825 = CARTESIAN_POINT ( 'NONE',  ( 1.899999999999999000, 0.3000000000000012100, -4.336808689942017700E-016 ) ) ;
#3826 = ORIENTED_EDGE ( 'NONE', *, *, #257, .T. ) ;
#3827 = AXIS2_PLACEMENT_3D ( 'NONE', #2484, #3481, #475 ) ;
#3828 = ORIENTED_EDGE ( 'NONE', *, *, #380, .T. ) ;
#3829 = CARTESIAN_POINT ( 'NONE',  ( 1.580435469571566100, 1.519212876931172600, 4.768432265133156100 ) ) ;
#3830 = DIRECTION ( 'NONE',  ( 5.334096698495038600E-016, 0.0000000000000000000, -1.000000000000000000 ) ) ;
#3831 = DIRECTION ( 'NONE',  ( 0.0000000000000000000, 4.638298064109106200E-017, 1.000000000000000000 ) ) ;
#3832 = DIRECTION ( 'NONE',  ( -0.0000000000000000000, -0.0000000000000000000, -1.000000000000000000 ) ) ;
#3833 = AXIS2_PLACEMENT_3D ( 'NONE', #840, #4231, #1167 ) ;
#3834 = CARTESIAN_POINT ( 'NONE',  ( 4.449999999999995700, 0.3000000000000011500, 0.5999999999999994200 ) ) ;
#3835 = VECTOR ( 'NONE', #2641, 1000.000000000000000 ) ;
#3836 = DIRECTION ( 'NONE',  ( 0.0000000000000000000, -1.000000000000000000, 0.0000000000000000000 ) ) ;
#3837 = ORIENTED_EDGE ( 'NONE', *, *, #2505, .T. ) ;
#3838 = EDGE_CURVE ( 'NONE', #1825, #2882, #3804, .T. ) ;
#3839 = CARTESIAN_POINT ( 'NONE',  ( 4.625685232622717400, 0.6000000000000010900, 5.124999999999999100 ) ) ;
#3840 = ORIENTED_EDGE ( 'NONE', *, *, #3775, .T. ) ;
#3841 = ORIENTED_EDGE ( 'NONE', *, *, #3055, .F. ) ;
#3842 = EDGE_CURVE ( 'NONE', #2807, #581, #3738, .T. ) ;
#3843 = ADVANCED_FACE ( 'NONE', ( #1320 ), #2719, .T. ) ;
#3844 = CARTESIAN_POINT ( 'NONE',  ( 5.000000000000000900, 10.19999999999999900, -4.336808689942017700E-016 ) ) ;
#3845 = CARTESIAN_POINT ( 'NONE',  ( 1.999999999999998200, 10.40000000000000200, -4.336808689942017700E-016 ) ) ;
#3846 = VECTOR ( 'NONE', #3033, 1000.000000000000000 ) ;
#3847 = VERTEX_POINT ( 'NONE', #2368 ) ;
#3848 = ORIENTED_EDGE ( 'NONE', *, *, #4107, .F. ) ;
#3849 = VECTOR ( 'NONE', #1376, 1000.000000000000000 ) ;
#3850 = DIRECTION ( 'NONE',  ( 1.000000000000000000, 0.0000000000000000000, 0.0000000000000000000 ) ) ;
#3851 = ORIENTED_EDGE ( 'NONE', *, *, #469, .F. ) ;
#3852 = LINE ( 'NONE', #163, #1723 ) ;
#3853 = AXIS2_PLACEMENT_3D ( 'NONE', #3555, #1229, #3910 ) ;
#3854 = CYLINDRICAL_SURFACE ( 'NONE', #966, 0.1000000000000000500 ) ;
#3855 = CARTESIAN_POINT ( 'NONE',  ( 4.774999999999994100, 1.164914703891416500, -1.301042606982605300E-015 ) ) ;
#3856 = VECTOR ( 'NONE', #2411, 1000.000000000000000 ) ;
#3857 = CARTESIAN_POINT ( 'NONE',  ( 1.405103543328512000, 0.6000000000000010900, -4.772453146185633900 ) ) ;
#3858 = ORIENTED_EDGE ( 'NONE', *, *, #3989, .T. ) ;
#3859 = CARTESIAN_POINT ( 'NONE',  ( -1.734723475976807100E-015, 0.6000000000000018700, -4.336808689942017700E-016 ) ) ;
#3860 = STYLED_ITEM ( 'NONE', ( #894 ), #3495 ) ;
#3861 = VECTOR ( 'NONE', #2832, 1000.000000000000000 ) ;
#3862 = ORIENTED_EDGE ( 'NONE', *, *, #1322, .T. ) ;
#3863 = CARTESIAN_POINT ( 'NONE',  ( 4.769251348991511800, 0.8599049317021697500, 1.463116399096656900 ) ) ;
#3864 = CARTESIAN_POINT ( 'NONE',  ( -1.504966496803971100, 0.6947664043757078000, -4.747119353124615400 ) ) ;
#3865 =( NAMED_UNIT ( * ) PLANE_ANGLE_UNIT ( ) SI_UNIT ( $, .RADIAN. ) );
#3866 = ORIENTED_EDGE ( 'NONE', *, *, #3955, .T. ) ;
#3867 = CARTESIAN_POINT ( 'NONE',  ( 4.449999999999995700, 0.3000000000000011500, 0.5999999999999994200 ) ) ;
#3868 = EDGE_CURVE ( 'NONE', #955, #2645, #3459, .T. ) ;
#3869 = DIRECTION ( 'NONE',  ( -1.000000000000000000, 0.0000000000000000000, 0.0000000000000000000 ) ) ;
#3870 = CIRCLE ( 'NONE', #2458, 4.775000000000000400 ) ;
#3871 = EDGE_CURVE ( 'NONE', #3130, #4343, #4280, .T. ) ;
#3872 = EDGE_LOOP ( 'NONE', ( #2764, #2250, #4040, #390 ) ) ;
#3873 = DIRECTION ( 'NONE',  ( -0.0000000000000000000, -0.0000000000000000000, -1.000000000000000000 ) ) ;
#3874 = DIRECTION ( 'NONE',  ( -1.000000000000000000, 0.0000000000000000000, 0.0000000000000000000 ) ) ;
#3875 = DIRECTION ( 'NONE',  ( 1.000000000000000000, -0.0000000000000000000, -0.0000000000000000000 ) ) ;
#3876 = CIRCLE ( 'NONE', #4341, 4.675000000000003400 ) ;
#3877 = DIRECTION ( 'NONE',  ( -1.000000000000000000, 0.0000000000000000000, 4.440892098500625400E-015 ) ) ;
#3878 = CARTESIAN_POINT ( 'NONE',  ( -1.506063621301311000, 0.7157007868728835200, 5.143936378698678700 ) ) ;
#3879 = ORIENTED_EDGE ( 'NONE', *, *, #2473, .F. ) ;
#3880 = AXIS2_PLACEMENT_3D ( 'NONE', #2397, #2352, #1341 ) ;
#3881 = ORIENTED_EDGE ( 'NONE', *, *, #1245, .T. ) ;
#3882 = CARTESIAN_POINT ( 'NONE',  ( 3.070109519537261600, 0.3000000000000004900, -0.2323162305268651800 ) ) ;
#3883 = CARTESIAN_POINT ( 'NONE',  ( -2.700000000000002800, 0.3000000000000006000, -4.336808689942017700E-016 ) ) ;
#3884 = UNCERTAINTY_MEASURE_WITH_UNIT (LENGTH_MEASURE( 1.000000000000000100E-005 ), #2785, 'distance_accuracy_value', 'NONE');
#3885 = CARTESIAN_POINT ( 'NONE',  ( -4.675000000010393300, 2.146410161512233300, 4.336808689942017700E-016 ) ) ;
#3886 = AXIS2_PLACEMENT_3D ( 'NONE', #1018, #3380, #1706 ) ;
#3887 = CARTESIAN_POINT ( 'NONE',  ( 1.999999999999998200, 10.40000000000000200, -4.363484845854286800 ) ) ;
#3888 = CARTESIAN_POINT ( 'NONE',  ( 1.504966496803969500, 0.6947664043756519600, 4.336808689942017700E-016 ) ) ;
#3889 = CARTESIAN_POINT ( 'NONE',  ( 4.918342728851609300, 0.6000000000000010900, -5.125000000000001800 ) ) ;
#3890 = COLOUR_RGB ( '',0.7921568627450980000, 0.8196078431372548800, 0.9333333333333333500 ) ;
#3891 = DIRECTION ( 'NONE',  ( 0.0000000000000000000, -1.000000000000000000, 0.0000000000000000000 ) ) ;
#3892 = EDGE_CURVE ( 'NONE', #2640, #834, #2826, .T. ) ;
#3893 = ORIENTED_EDGE ( 'NONE', *, *, #4084, .F. ) ;
#3894 = ORIENTED_EDGE ( 'NONE', *, *, #2879, .F. ) ;
#3895 = DIRECTION ( 'NONE',  ( -0.0000000000000000000, -0.0000000000000000000, -1.000000000000000000 ) ) ;
#3896 = DIRECTION ( 'NONE',  ( -5.334096698495038600E-016, 0.0000000000000000000, -1.000000000000000000 ) ) ;
#3897 = CARTESIAN_POINT ( 'NONE',  ( -1.734723475976807100E-015, 0.8500000000000012000, -1.418205488149273600 ) ) ;
#3898 = EDGE_CURVE ( 'NONE', #3642, #2416, #4075, .T. ) ;
#3899 = DIRECTION ( 'NONE',  ( 1.000000000000000000, 0.0000000000000000000, 0.0000000000000000000 ) ) ;
#3900 = ORIENTED_EDGE ( 'NONE', *, *, #47, .T. ) ;
#3901 = VERTEX_POINT ( 'NONE', #683 ) ;
#3902 = DIRECTION ( 'NONE',  ( -0.0000000000000000000, -1.000000000000000000, -0.0000000000000000000 ) ) ;
#3903 = DIRECTION ( 'NONE',  ( 0.0000000000000000000, 0.05233595624294395300, 0.9986295347545739400 ) ) ;
#3904 = DIRECTION ( 'NONE',  ( -1.000000000000000000, -0.0000000000000000000, -0.0000000000000000000 ) ) ;
#3905 = FACE_OUTER_BOUND ( 'NONE', #3354, .T. ) ;
#3906 = VERTEX_POINT ( 'NONE', #3659 ) ;
#3907 = ORIENTED_EDGE ( 'NONE', *, *, #4008, .F. ) ;
#3908 = CARTESIAN_POINT ( 'NONE',  ( -1.734723475976807100E-015, 0.6000000000000010900, -4.336808689942017700E-016 ) ) ;
#3909 = EDGE_CURVE ( 'NONE', #3983, #1956, #1836, .T. ) ;
#3910 = DIRECTION ( 'NONE',  ( -0.0000000000000000000, -0.9986295347545739400, -0.05233595624294395300 ) ) ;
#3911 = CYLINDRICAL_SURFACE ( 'NONE', #4257, 0.1000000000000002600 ) ;
#3912 = LINE ( 'NONE', #2860, #2101 ) ;
#3913 = CARTESIAN_POINT ( 'NONE',  ( -4.450000000000001100, 0.3000000000000011500, -1.000000000000000400 ) ) ;
#3914 = CYLINDRICAL_SURFACE ( 'NONE', #2321, 0.6999999999999996200 ) ;
#3915 = CARTESIAN_POINT ( 'NONE',  ( 5.149999999999995000, 0.6000000000000010900, 4.649999999999987900 ) ) ;
#3916 = AXIS2_PLACEMENT_3D ( 'NONE', #2013, #1639, #1323 ) ;
#3917 = ORIENTED_EDGE ( 'NONE', *, *, #1631, .F. ) ;
#3918 = DIRECTION ( 'NONE',  ( -0.0000000000000000000, -1.000000000000000000, -0.0000000000000000000 ) ) ;
#3919 = FACE_OUTER_BOUND ( 'NONE', #850, .T. ) ;
#3920 = VERTEX_POINT ( 'NONE', #1678 ) ;
#3921 = DIRECTION ( 'NONE',  ( 1.000000000000000000, 0.0000000000000000000, 0.0000000000000000000 ) ) ;
#3922 = AXIS2_PLACEMENT_3D ( 'NONE', #1446, #2067, #2437 ) ;
#3923 = LINE ( 'NONE', #3897, #2115 ) ;
#3924 = CARTESIAN_POINT ( 'NONE',  ( 2.299999999999999800, 0.4000000000000006300, -0.5000000000000008900 ) ) ;
#3925 = CARTESIAN_POINT ( 'NONE',  ( 5.124999999999997300, 0.6000000000000009800, 0.9999999999999995600 ) ) ;
#3926 = ORIENTED_EDGE ( 'NONE', *, *, #232, .F. ) ;
#3927 = ORIENTED_EDGE ( 'NONE', *, *, #380, .F. ) ;
#3928 = EDGE_CURVE ( 'NONE', #229, #2002, #3969, .T. ) ;
#3929 = DIRECTION ( 'NONE',  ( -0.0000000000000000000, -0.0000000000000000000, -1.000000000000000000 ) ) ;
#3930 = PLANE ( 'NONE',  #202 ) ;
#3931 = DIRECTION ( 'NONE',  ( 1.000000000000000000, 0.0000000000000000000, 0.0000000000000000000 ) ) ;
#3932 = CARTESIAN_POINT ( 'NONE',  ( -2.500000000000002200, 0.6000000000000010900, -0.6143539149150397700 ) ) ;
#3933 = ORIENTED_EDGE ( 'NONE', *, *, #1645, .T. ) ;
#3934 = CARTESIAN_POINT ( 'NONE',  ( 4.767435530439867000, 1.225388709175879300, 1.532775233436596100 ) ) ;
#3935 = EDGE_CURVE ( 'NONE', #1692, #2388, #2260, .T. ) ;
#3936 = TOROIDAL_SURFACE ( 'NONE', #2588, 4.875000000000000900, 0.4000000000000000800 ) ;
#3937 = CARTESIAN_POINT ( 'NONE',  ( 3.481007196013942800, 10.40000000000000200, -3.312803351944839700 ) ) ;
#3938 = ORIENTED_EDGE ( 'NONE', *, *, #1590, .T. ) ;
#3939 = DIRECTION ( 'NONE',  ( 0.0000000000000000000, -1.000000000000000000, -0.0000000000000000000 ) ) ;
#3940 = CARTESIAN_POINT ( 'NONE',  ( -4.450000000000001100, 0.3000000000000011500, 0.7053101431738939600 ) ) ;
#3941 = DIRECTION ( 'NONE',  ( 0.9986295347545739400, 0.05233595624294395300, -5.326786504354012800E-016 ) ) ;
#3942 =( BOUNDED_CURVE ( )  B_SPLINE_CURVE ( 3, ( #4013, #1981, #296, #1324 ),
 .UNSPECIFIED., .F., .F. ) 
 B_SPLINE_CURVE_WITH_KNOTS ( ( 4, 4 ),
 ( 3.141592653591846600, 4.660029102824859500 ),
 .UNSPECIFIED. ) 
 CURVE ( )  GEOMETRIC_REPRESENTATION_ITEM ( )  RATIONAL_B_SPLINE_CURVE ( ( 1.000000000000000000, 0.8169162473419963000, 0.8169162473419963000, 1.000000000000000000 ) ) 
 REPRESENTATION_ITEM ( '' )  );
#3943 = AXIS2_PLACEMENT_3D ( 'NONE', #1201, #488, #3850 ) ;
#3944 = CARTESIAN_POINT ( 'NONE',  ( 2.267683769473134000, 0.3000000000000004900, -0.5701095195372609700 ) ) ;
#3945 = ORIENTED_EDGE ( 'NONE', *, *, #1967, .F. ) ;
#3946 = CARTESIAN_POINT ( 'NONE',  ( 1.540128677832680600, 1.365700786823222500, 4.772789468536377200 ) ) ;
#3947 = VECTOR ( 'NONE', #1608, 1000.000000000000000 ) ;
#3948 = CARTESIAN_POINT ( 'NONE',  ( 2.659102538727267100, 0.3000000000000005400, -0.5000000000000007800 ) ) ;
#3949 = ORIENTED_EDGE ( 'NONE', *, *, #2390, .T. ) ;
#3950 = CARTESIAN_POINT ( 'NONE',  ( -2.700000000000002800, 4.336808689942017700E-016, -0.5000000000000008900 ) ) ;
#3951 = CARTESIAN_POINT ( 'NONE',  ( -2.732316230526866900, 0.3000000000000012100, 0.5701095195372609700 ) ) ;
#3952 = DIRECTION ( 'NONE',  ( 1.000000000000000000, 0.0000000000000000000, 5.334096698495036600E-016 ) ) ;
#3953 = ORIENTED_EDGE ( 'NONE', *, *, #3320, .T. ) ;
#3954 = ORIENTED_EDGE ( 'NONE', *, *, #3898, .T. ) ;
#3955 = EDGE_CURVE ( 'NONE', #1542, #373, #56, .T. ) ;
#3956 = VECTOR ( 'NONE', #3651, 1000.000000000000000 ) ;
#3957 = DIRECTION ( 'NONE',  ( 0.0000000000000000000, 0.0000000000000000000, -1.000000000000000000 ) ) ;
#3958 = CARTESIAN_POINT ( 'NONE',  ( -2.600000000000001400, 0.4000000000000006300, 0.5000000000000000000 ) ) ;
#3959 = ORIENTED_EDGE ( 'NONE', *, *, #2499, .F. ) ;
#3960 = ORIENTED_EDGE ( 'NONE', *, *, #2849, .F. ) ;
#3961 = PLANE ( 'NONE',  #684 ) ;
#3962 = EDGE_CURVE ( 'NONE', #2770, #3847, #3257, .T. ) ;
#3963 = CYLINDRICAL_SURFACE ( 'NONE', #430, 0.6999999999999996200 ) ;
#3964 = CARTESIAN_POINT ( 'NONE',  ( 2.267683769473134000, 0.3000000000000012100, -0.5701095195372609700 ) ) ;
#3965 = FACE_OUTER_BOUND ( 'NONE', #1177, .T. ) ;
#3966 = CARTESIAN_POINT ( 'NONE',  ( -2.600000000000001400, 0.6000000000000010900, -0.5000000000000008900 ) ) ;
#3967 = VECTOR ( 'NONE', #176, 1000.000000000000000 ) ;
#3968 = CARTESIAN_POINT ( 'NONE',  ( 5.093555332430173400, 1.192622389734054900E-015, 4.594240565052885500 ) ) ;
#3969 = LINE ( 'NONE', #282, #2474 ) ;
#3970 = LINE ( 'NONE', #2427, #1593 ) ;
#3971 = CARTESIAN_POINT ( 'NONE',  ( 4.349999999999999600, 1.192622389734054900E-015, 0.7053101431738939600 ) ) ;
#3972 = ORIENTED_EDGE ( 'NONE', *, *, #1924, .T. ) ;
#3973 = AXIS2_PLACEMENT_3D ( 'NONE', #1632, #2931, #1621 ) ;
#3974 = VERTEX_POINT ( 'NONE', #1670 ) ;
#3975 = DIRECTION ( 'NONE',  ( -0.0000000000000000000, 1.000000000000000000, -0.0000000000000000000 ) ) ;
#3976 = SURFACE_SIDE_STYLE ('',( #889 ) ) ;
#3977 = AXIS2_PLACEMENT_3D ( 'NONE', #1485, #425, #2151 ) ;
#3978 = LINE ( 'NONE', #2678, #2627 ) ;
#3979 = CARTESIAN_POINT ( 'NONE',  ( 2.599999999999998300, 0.4000000000000006300, 0.5000000000000000000 ) ) ;
#3980 = ORIENTED_EDGE ( 'NONE', *, *, #1528, .T. ) ;
#3981 = CARTESIAN_POINT ( 'NONE',  ( 4.762072612430978700, 1.085077383161988700, 1.525421828431949600 ) ) ;
#3982 = ADVANCED_FACE ( 'NONE', ( #3149 ), #3091, .F. ) ;
#3983 = VERTEX_POINT ( 'NONE', #2301 ) ;
#3984 = DIRECTION ( 'NONE',  ( -1.000000000000000000, 0.0000000000000000000, 0.0000000000000000000 ) ) ;
#3985 = LINE ( 'NONE', #3235, #1909 ) ;
#3986 = CARTESIAN_POINT ( 'NONE',  ( 1.540128677832680600, 1.365700786823222500, 4.772789468536377200 ) ) ;
#3987 = VERTEX_POINT ( 'NONE', #4031 ) ;
#3988 = CARTESIAN_POINT ( 'NONE',  ( -3.100000000000001900, 0.3000000000000012100, 4.336808689942017700E-016 ) ) ;
#3989 = EDGE_CURVE ( 'NONE', #2566, #834, #1890, .T. ) ;
#3990 = CARTESIAN_POINT ( 'NONE',  ( -1.734723475976807100E-015, 1.000000000000001300, -5.129036888286770500 ) ) ;
#3991 = ORIENTED_EDGE ( 'NONE', *, *, #33, .T. ) ;
#3992 = DIRECTION ( 'NONE',  ( 0.0000000000000000000, -1.000000000000000000, -0.0000000000000000000 ) ) ;
#3993 = ORIENTED_EDGE ( 'NONE', *, *, #2530, .T. ) ;
#3994 = AXIS2_PLACEMENT_3D ( 'NONE', #1815, #162, #3874 ) ;
#3995 = CARTESIAN_POINT ( 'NONE',  ( 4.747746180954128400, 10.39999989140743600, -0.7079195794892405600 ) ) ;
#3996 = CARTESIAN_POINT ( 'NONE',  ( 1.499999999999997800, 0.6000000000000010900, 5.124999999999999100 ) ) ;
#3997 = CARTESIAN_POINT ( 'NONE',  ( 3.128317421637217600, 10.39999999994024000, 3.640561420540491700 ) ) ;
#3998 = CARTESIAN_POINT ( 'NONE',  ( -1.405103543328806800, 0.6000000000000010900, 4.772453146188054200 ) ) ;
#3999 = EDGE_LOOP ( 'NONE', ( #1112, #1366, #4220, #2082 ) ) ;
#4000 = ORIENTED_EDGE ( 'NONE', *, *, #4016, .T. ) ;
#4001 = AXIS2_PLACEMENT_3D ( 'NONE', #1546, #271, #1972 ) ;
#4002 = CARTESIAN_POINT ( 'NONE',  ( 4.625668175818597100, 10.40000000041152400, -1.283047140303757100 ) ) ;
#4003 = ORIENTED_EDGE ( 'NONE', *, *, #921, .T. ) ;
#4004 = ORIENTED_EDGE ( 'NONE', *, *, #779, .F. ) ;
#4005 = CARTESIAN_POINT ( 'NONE',  ( -1.734723475976807100E-015, 10.19999999999999900, -4.336808689942017700E-016 ) ) ;
#4006 = DIRECTION ( 'NONE',  ( 0.0000000000000000000, 1.000000000000000000, 0.0000000000000000000 ) ) ;
#4007 = LINE ( 'NONE', #888, #3561 ) ;
#4008 = EDGE_CURVE ( 'NONE', #2690, #1542, #3942, .T. ) ;
#4009 = VERTEX_POINT ( 'NONE', #3332 ) ;
#4010 = CARTESIAN_POINT ( 'NONE',  ( -5.109277666215090700, 0.3000000000000011500, 0.9999999999999995600 ) ) ;
#4011 = CARTESIAN_POINT ( 'NONE',  ( -1.504162219618905500, 0.6855539605832865500, -4.746867870362650300 ) ) ;
#4012 = LINE ( 'NONE', #3699, #1997 ) ;
#4013 = CARTESIAN_POINT ( 'NONE',  ( 5.136898055179236700, 0.8500000000000012000, 1.418205488149478300 ) ) ;
#4014 = VECTOR ( 'NONE', #747, 1000.000000000000100 ) ;
#4015 = ORIENTED_EDGE ( 'NONE', *, *, #2804, .T. ) ;
#4016 = EDGE_CURVE ( 'NONE', #4242, #1814, #2367, .T. ) ;
#4017 = DIRECTION ( 'NONE',  ( 1.000000000000000000, 1.936075308009831400E-016, -0.0000000000000000000 ) ) ;
#4018 = ADVANCED_FACE ( 'NONE', ( #566 ), #3911, .F. ) ;
#4019 = DIRECTION ( 'NONE',  ( -0.0000000000000000000, 0.5000000000563503700, -0.8660254037519047300 ) ) ;
#4020 = LINE ( 'NONE', #2652, #4087 ) ;
#4021 = DIRECTION ( 'NONE',  ( -1.000000000000000000, 0.0000000000000000000, 0.0000000000000000000 ) ) ;
#4022 = AXIS2_PLACEMENT_3D ( 'NONE', #1673, #2398, #2389 ) ;
#4023 = DIRECTION ( 'NONE',  ( -1.000000000000000000, 0.0000000000000000000, 0.0000000000000000000 ) ) ;
#4024 = ORIENTED_EDGE ( 'NONE', *, *, #490, .F. ) ;
#4025 = DIRECTION ( 'NONE',  ( 0.0000000000000000000, 1.000000000000000000, 0.0000000000000000000 ) ) ;
#4026 = VECTOR ( 'NONE', #2945, 999.9999999999998900 ) ;
#4027 = CARTESIAN_POINT ( 'NONE',  ( 2.203152493619999800, 10.40000000000000000, 4.270531751391275500 ) ) ;
#4028 = CARTESIAN_POINT ( 'NONE',  ( -5.136898055179240300, 0.8500000000000012000, -1.500000000000000000 ) ) ;
#4029 = ORIENTED_EDGE ( 'NONE', *, *, #1255, .T. ) ;
#4030 = CARTESIAN_POINT ( 'NONE',  ( 1.929890480462739000, 0.6000000000000010900, -0.2323162305268651800 ) ) ;
#4031 = CARTESIAN_POINT ( 'NONE',  ( 4.594240565052885500, 1.192622389734054900E-015, -5.093555332430177000 ) ) ;
#4032 = AXIS2_PLACEMENT_3D ( 'NONE', #1643, #2336, #2653 ) ;
#4033 = ORIENTED_EDGE ( 'NONE', *, *, #1117, .F. ) ;
#4034 = CARTESIAN_POINT ( 'NONE',  ( 2.936245688813565700, 0.6000000000000010900, -0.4362456888135656800 ) ) ;
#4035 = CIRCLE ( 'NONE', #2380, 4.995963111715850500 ) ;
#4036 = CARTESIAN_POINT ( 'NONE',  ( 2.936245688813565700, 0.6000000000000010900, 0.4362456888135656800 ) ) ;
#4037 = ORIENTED_EDGE ( 'NONE', *, *, #3928, .T. ) ;
#4038 = EDGE_CURVE ( 'NONE', #4043, #4050, #2796, .T. ) ;
#4039 = CIRCLE ( 'NONE', #3182, 4.675000000020190800 ) ;
#4040 = ORIENTED_EDGE ( 'NONE', *, *, #1715, .F. ) ;
#4041 = CARTESIAN_POINT ( 'NONE',  ( -2.936245688813569300, 0.3000000000000004900, 0.4362456888135665700 ) ) ;
#4042 = ADVANCED_FACE ( 'NONE', ( #2976 ), #989, .F. ) ;
#4043 = VERTEX_POINT ( 'NONE', #4336 ) ;
#4044 = CARTESIAN_POINT ( 'NONE',  ( 4.759104445807341000, 0.8939704219170741000, -1.501708720514556300 ) ) ;
#4045 = CARTESIAN_POINT ( 'NONE',  ( 2.399793501107321300, 10.39999988193234500, 4.163292723415803000 ) ) ;
#4046 = EDGE_CURVE ( 'NONE', #1338, #1835, #4155, .T. ) ;
#4047 = CARTESIAN_POINT ( 'NONE',  ( 2.700000000000001100, 0.0000000000000000000, 0.5000000000000000000 ) ) ;
#4048 = DIRECTION ( 'NONE',  ( -1.000000000000000000, 0.0000000000000000000, 0.0000000000000000000 ) ) ;
#4049 = DIRECTION ( 'NONE',  ( 0.05233595624294395300, 0.9986295347545739400, 0.0000000000000000000 ) ) ;
#4050 = VERTEX_POINT ( 'NONE', #2008 ) ;
#4051 = CARTESIAN_POINT ( 'NONE',  ( 1.500000000000001300, 0.6000000000000009800, -1.301042606982605300E-015 ) ) ;
#4052 = ORIENTED_EDGE ( 'NONE', *, *, #571, .T. ) ;
#4053 = DIRECTION ( 'NONE',  ( -0.0000000000000000000, -1.000000000000000000, -0.0000000000000000000 ) ) ;
#4054 = EDGE_CURVE ( 'NONE', #1321, #279, #3306, .T. ) ;
#4055 = FACE_OUTER_BOUND ( 'NONE', #1467, .T. ) ;
#4056 = ADVANCED_FACE ( 'NONE', ( #1731 ), #3678, .F. ) ;
#4057 = CARTESIAN_POINT ( 'NONE',  ( -1.405103543328513700, 0.6000000000000010900, -4.336808689942017700E-016 ) ) ;
#4058 = VERTEX_POINT ( 'NONE', #972 ) ;
#4059 = CARTESIAN_POINT ( 'NONE',  ( 2.063754311186431600, 0.6000000000000010900, -0.4362456888135665700 ) ) ;
#4060 = DIRECTION ( 'NONE',  ( -0.0000000000000000000, -0.0000000000000000000, -1.000000000000000000 ) ) ;
#4061 = EDGE_LOOP ( 'NONE', ( #2732, #3786, #2121, #927, #577, #3729, #3536, #3102, #4260, #1415, #2294, #4349, #3060, #1978, #802, #934, #43, #369, #778, #3271, #1588, #44, #1159, #142, #3509, #1532, #1072, #3670, #19, #487, #3653, #2950, #2863 ) ) ;
#4062 = CARTESIAN_POINT ( 'NONE',  ( -3.100000000000001900, 0.6000000000000010900, 4.336808689942017700E-016 ) ) ;
#4063 = VECTOR ( 'NONE', #1744, 1000.000000000000000 ) ;
#4064 = AXIS2_PLACEMENT_3D ( 'NONE', #2658, #4025, #1285 ) ;
#4065 = ORIENTED_EDGE ( 'NONE', *, *, #3955, .F. ) ;
#4066 = ORIENTED_EDGE ( 'NONE', *, *, #1346, .T. ) ;
#4067 = ADVANCED_FACE ( 'NONE', ( #4126 ), #3294, .T. ) ;
#4068 = CARTESIAN_POINT ( 'NONE',  ( -1.734723475976807100E-015, 0.8499999999940893700, -4.336808689942017700E-016 ) ) ;
#4069 = CYLINDRICAL_SURFACE ( 'NONE', #1790, 0.1000000000000002600 ) ;
#4070 = FACE_OUTER_BOUND ( 'NONE', #3622, .T. ) ;
#4071 = DIRECTION ( 'NONE',  ( 1.060575238685064400E-016, -0.5000000000563503700, -0.8660254037519047300 ) ) ;
#4072 = VECTOR ( 'NONE', #970, 999.9999999999998900 ) ;
#4073 = EDGE_CURVE ( 'NONE', #3006, #3920, #3139, .T. ) ;
#4074 = DIRECTION ( 'NONE',  ( -1.000000000000000000, 0.0000000000000000000, 0.0000000000000000000 ) ) ;
#4075 = LINE ( 'NONE', #990, #939 ) ;
#4076 = DIRECTION ( 'NONE',  ( -1.000000000000000000, 0.0000000000000000000, 0.0000000000000000000 ) ) ;
#4077 = VECTOR ( 'NONE', #1497, 1000.000000000000000 ) ;
#4078 = VERTEX_POINT ( 'NONE', #4350 ) ;
#4079 = CARTESIAN_POINT ( 'NONE',  ( -1.900000000000002400, 0.3000000000000012100, 4.336808689942017700E-016 ) ) ;
#4080 = CARTESIAN_POINT ( 'NONE',  ( -1.734723475976807100E-015, 2.146410161500918300, 4.675000000016924100 ) ) ;
#4081 = LINE ( 'NONE', #2550, #1157 ) ;
#4082 = UNCERTAINTY_MEASURE_WITH_UNIT (LENGTH_MEASURE( 1.000000000000000100E-005 ), #1806, 'distance_accuracy_value', 'NONE');
#4083 = ORIENTED_EDGE ( 'NONE', *, *, #3909, .T. ) ;
#4084 = EDGE_CURVE ( 'NONE', #3818, #1782, #4187, .T. ) ;
#4085 = CARTESIAN_POINT ( 'NONE',  ( -4.450000000000001100, 0.3000000000000011500, 0.5999999999999994200 ) ) ;
#4086 = DIRECTION ( 'NONE',  ( 1.000000000000000000, 0.0000000000000000000, 0.0000000000000000000 ) ) ;
#4087 = VECTOR ( 'NONE', #657, 1000.000000000000000 ) ;
#4088 = CARTESIAN_POINT ( 'NONE',  ( -5.136898055179240300, 0.8500000000000012000, 1.499999999999999100 ) ) ;
#4089 = VERTEX_POINT ( 'NONE', #984 ) ;
#4090 = DIRECTION ( 'NONE',  ( -0.0000000000000000000, -0.0000000000000000000, -1.000000000000000000 ) ) ;
#4091 = ORIENTED_EDGE ( 'NONE', *, *, #2110, .F. ) ;
#4092 = CIRCLE ( 'NONE', #173, 0.1000000000000002600 ) ;
#4093 = DIRECTION ( 'NONE',  ( 1.000000000000000000, -0.0000000000000000000, -0.0000000000000000000 ) ) ;
#4094 = ORIENTED_EDGE ( 'NONE', *, *, #2599, .T. ) ;
#4095 = AXIS2_PLACEMENT_3D ( 'NONE', #2574, #906, #2603 ) ;
#4096 = DIRECTION ( 'NONE',  ( -1.000000000000000000, 0.0000000000000000000, -5.334096698495038600E-016 ) ) ;
#4097 = CIRCLE ( 'NONE', #1483, 0.4000000000000001900 ) ;
#4098 = ORIENTED_EDGE ( 'NONE', *, *, #863, .F. ) ;
#4099 = DIRECTION ( 'NONE',  ( 0.0000000000000000000, 0.0000000000000000000, 1.000000000000000000 ) ) ;
#4100 = CARTESIAN_POINT ( 'NONE',  ( -2.300000000000003400, 0.6000000000000010900, -0.5000000000000008900 ) ) ;
#4101 = ORIENTED_EDGE ( 'NONE', *, *, #827, .F. ) ;
#4102 = EDGE_CURVE ( 'NONE', #1616, #2541, #3417, .T. ) ;
#4103 = ORIENTED_EDGE ( 'NONE', *, *, #2191, .F. ) ;
#4104 = CARTESIAN_POINT ( 'NONE',  ( 5.125000000000000900, 0.6000000000000010900, 5.124999999999999100 ) ) ;
#4105 = CARTESIAN_POINT ( 'NONE',  ( -4.450000000000001100, 1.192622389734054900E-015, 0.7053101431738939600 ) ) ;
#4106 = CARTESIAN_POINT ( 'NONE',  ( 5.109871322164713600, 1.365700786872884500, 1.540128677835285600 ) ) ;
#4107 = EDGE_CURVE ( 'NONE', #547, #4043, #379, .T. ) ;
#4108 = CARTESIAN_POINT ( 'NONE',  ( -2.732316230526865100, 0.3000000000000012100, -0.5701095195372600800 ) ) ;
#4109 = CARTESIAN_POINT ( 'NONE',  ( 4.474999999999997000, 1.800000000000001600, -1.203070863050817100E-015 ) ) ;
#4110 = DIRECTION ( 'NONE',  ( -3.375555078287906000E-016, -1.769053455006618400E-017, 1.000000000000000000 ) ) ;
#4111 = AXIS2_PLACEMENT_3D ( 'NONE', #3468, #1113, #774 ) ;
#4112 = CARTESIAN_POINT ( 'NONE',  ( 4.999999999999997300, 0.6000000000000010900, -4.336808689942017700E-016 ) ) ;
#4113 = ORIENTED_EDGE ( 'NONE', *, *, #257, .F. ) ;
#4114 = VERTEX_POINT ( 'NONE', #636 ) ;
#4115 = CARTESIAN_POINT ( 'NONE',  ( 4.344830656427725500, 1.192622389734054900E-015, 0.6054438431171093000 ) ) ;
#4116 = LINE ( 'NONE', #4057, #1043 ) ;
#4117 = ORIENTED_EDGE ( 'NONE', *, *, #813, .T. ) ;
#4118 = VERTEX_POINT ( 'NONE', #3654 ) ;
#4119 = ADVANCED_FACE ( 'NONE', ( #883 ), #1784, .F. ) ;
#4120 = CARTESIAN_POINT ( 'NONE',  ( -4.475000000000002300, 1.800000000000001600, 3.846949970283075600E-016 ) ) ;
#4121 = VECTOR ( 'NONE', #2586, 1000.000000000000000 ) ;
#4122 = ORIENTED_EDGE ( 'NONE', *, *, #160, .F. ) ;
#4123 = ORIENTED_EDGE ( 'NONE', *, *, #518, .F. ) ;
#4124 = CARTESIAN_POINT ( 'NONE',  ( 5.499999999999998200, 0.0000000000000000000, -0.5000000000000008900 ) ) ;
#4125 = CARTESIAN_POINT ( 'NONE',  ( -2.063754311186435200, 0.6000000000000010900, 0.4362456888135665700 ) ) ;
#4126 = FACE_OUTER_BOUND ( 'NONE', #3206, .T. ) ;
#4127 = CYLINDRICAL_SURFACE ( 'NONE', #245, 0.1000000000000002600 ) ;
#4128 = EDGE_CURVE ( 'NONE', #2848, #3575, #3796, .T. ) ;
#4129 = ORIENTED_EDGE ( 'NONE', *, *, #690, .F. ) ;
#4130 = FACE_BOUND ( 'NONE', #451, .T. ) ;
#4131 = CARTESIAN_POINT ( 'NONE',  ( 2.499999999999998700, 0.6000000000000010900, 0.6143539149150397700 ) ) ;
#4132 = ORIENTED_EDGE ( 'NONE', *, *, #4360, .T. ) ;
#4133 = EDGE_CURVE ( 'NONE', #1875, #1290, #1369, .T. ) ;
#4134 = CARTESIAN_POINT ( 'NONE',  ( -4.675000000010100200, 1.453589838478474900, 4.336808689942017700E-016 ) ) ;
#4135 = VECTOR ( 'NONE', #106, 1000.000000000000000 ) ;
#4136 = DIRECTION ( 'NONE',  ( 0.0000000000000000000, 1.000000000000000000, 1.112002228184140900E-017 ) ) ;
#4137 = PRESENTATION_LAYER_ASSIGNMENT (  '', '', ( #270 ) ) ;
#4138 = ORIENTED_EDGE ( 'NONE', *, *, #3014, .T. ) ;
#4139 = B_SPLINE_CURVE_WITH_KNOTS ( 'NONE', 3,
 ( #1172, #3167, #3882, #545, #1221, #1919, #3944, #2938, #4261, #2231, #4279 ),
 .UNSPECIFIED., .F., .F.,
 ( 4, 1, 1, 1, 1, 1, 1, 1, 4 ),
 ( 0.0000000000000000000, 0.0002251817512027472800, 0.0004689167223527837000, 0.0007126516935028197500, 0.0009378334447055669700, 0.001163015195908314800, 0.001406750167058350500, 0.001650485138208386300, 0.001875666889411133900 ),
 .UNSPECIFIED. ) ;
#4140 = ADVANCED_FACE ( 'NONE', ( #1884 ), #2100, .T. ) ;
#4141 = ORIENTED_EDGE ( 'NONE', *, *, #667, .F. ) ;
#4142 = CARTESIAN_POINT ( 'NONE',  ( 3.099999999999998800, 0.6000000000000010900, 0.07536880949310333100 ) ) ;
#4143 = DIRECTION ( 'NONE',  ( -0.7071067811865462400, 0.0000000000000000000, -0.7071067811865489100 ) ) ;
#4144 = FACE_OUTER_BOUND ( 'NONE', #104, .T. ) ;
#4145 = DIRECTION ( 'NONE',  ( -1.000000000000000000, 0.0000000000000000000, 1.224646799147348300E-016 ) ) ;
#4146 = VERTEX_POINT ( 'NONE', #3049 ) ;
#4147 = LINE ( 'NONE', #2284, #3707 ) ;
#4148 = CARTESIAN_POINT ( 'NONE',  ( -1.405103543328805000, 0.6000000000000010900, -4.772453146188055900 ) ) ;
#4149 = VERTEX_POINT ( 'NONE', #3762 ) ;
#4150 = CARTESIAN_POINT ( 'NONE',  ( 5.109871322164713600, 1.365700786872884500, -1.540128677835286500 ) ) ;
#4151 = EDGE_CURVE ( 'NONE', #2640, #88, #4012, .T. ) ;
#4152 = CARTESIAN_POINT ( 'NONE',  ( 1.899999999999999000, 0.6000000000000010900, -4.336808689942017700E-016 ) ) ;
#4153 = VERTEX_POINT ( 'NONE', #2401 ) ;
#4154 = PRESENTATION_STYLE_ASSIGNMENT (( #4156 ) ) ;
#4155 = B_SPLINE_CURVE_WITH_KNOTS ( 'NONE', 3,
 ( #2960, #2988, #1667, #2343 ),
 .UNSPECIFIED., .F., .F.,
 ( 4, 4 ),
 ( 7.538070981523862400E-016, 0.0003236035386597939600 ),
 .UNSPECIFIED. ) ;
#4156 = SURFACE_STYLE_USAGE ( .BOTH. , #3161 ) ;
#4157 = EDGE_CURVE ( 'NONE', #476, #378, #3366, .T. ) ;
#4158 = CARTESIAN_POINT ( 'NONE',  ( 2.599999999999998300, 0.4000000000000006300, -0.5000000000000008900 ) ) ;
#4159 = ADVANCED_FACE ( 'NONE', ( #4331 ), #3963, .F. ) ;
#4160 = LINE ( 'NONE', #2169, #1355 ) ;
#4161 = CARTESIAN_POINT ( 'NONE',  ( -1.900000000000002400, 0.6000000000000010900, 0.07536880949310333100 ) ) ;
#4162 = ORIENTED_EDGE ( 'NONE', *, *, #3377, .T. ) ;
#4163 = ORIENTED_EDGE ( 'NONE', *, *, #601, .F. ) ;
#4164 = CARTESIAN_POINT ( 'NONE',  ( 1.540128677835282700, 1.365700786872884100, -5.109871322164701200 ) ) ;
#4165 = B_SPLINE_CURVE_WITH_KNOTS ( 'NONE', 3,
 ( #2494, #4214, #471, #3829, #3174, #1213 ),
 .UNSPECIFIED., .F., .F.,
 ( 4, 2, 4 ),
 ( 1.000734956201880200E-015, 0.0002328534482770753100, 0.0004657068965531498400 ),
 .UNSPECIFIED. ) ;
#4166 = FACE_OUTER_BOUND ( 'NONE', #1278, .T. ) ;
#4167 = CARTESIAN_POINT ( 'NONE',  ( 2.732316230526863300, 0.3000000000000012100, 0.5701095195372600800 ) ) ;
#4168 = ORIENTED_EDGE ( 'NONE', *, *, #2692, .T. ) ;
#4169 = EDGE_LOOP ( 'NONE', ( #2047, #3191, #895, #3828 ) ) ;
#4170 = VECTOR ( 'NONE', #3805, 1000.000000000000100 ) ;
#4171 = PLANE ( 'NONE',  #3977 ) ;
#4172 = LINE ( 'NONE', #38, #2255 ) ;
#4173 = ORIENTED_EDGE ( 'NONE', *, *, #1117, .T. ) ;
#4174 = CARTESIAN_POINT ( 'NONE',  ( -4.450000000000001100, 0.3000000000000011500, -0.9000000000000010200 ) ) ;
#4175 = CARTESIAN_POINT ( 'NONE',  ( 5.093555332430173400, 1.301042606982605300E-015, -4.594240565052889000 ) ) ;
#4176 = VECTOR ( 'NONE', #3020, 999.9999999999998900 ) ;
#4177 = CONICAL_SURFACE ( 'NONE', #3409, 4.874999999969986700, 1.047197551231896500 ) ;
#4178 = VERTEX_POINT ( 'NONE', #3017 ) ;
#4179 = EDGE_CURVE ( 'NONE', #1879, #73, #460, .T. ) ;
#4180 = CARTESIAN_POINT ( 'NONE',  ( -2.700000000000002800, 0.3000000000000004900, -0.5000000000000008900 ) ) ;
#4181 = EDGE_LOOP ( 'NONE', ( #999, #2554, #1567, #3695 ) ) ;
#4182 = ADVANCED_FACE ( 'NONE', ( #2414 ), #1097, .T. ) ;
#4183 = CARTESIAN_POINT ( 'NONE',  ( -3.100000000000001900, 0.3000000000000012100, 4.336808689942017700E-016 ) ) ;
#4184 = LINE ( 'NONE', #2999, #1328 ) ;
#4185 = ORIENTED_EDGE ( 'NONE', *, *, #1387, .T. ) ;
#4186 = EDGE_CURVE ( 'NONE', #1182, #2840, #4258, .T. ) ;
#4187 = B_SPLINE_CURVE_WITH_KNOTS ( 'NONE', 3,
 ( #3005, #2312, #602, #1992, #307, #3358, #3344, #4041, #3621, #1623, #3988 ),
 .UNSPECIFIED., .F., .F.,
 ( 4, 1, 1, 1, 1, 1, 1, 1, 4 ),
 ( 0.0000000000000000000, 0.0002251817512027470600, 0.0004689167223527821800, 0.0007126516935028182300, 0.0009378334447055648000, 0.001163015195908312500, 0.001406750167058348300, 0.001650485138208384100, 0.001875666889411130900 ),
 .UNSPECIFIED. ) ;
#4188 = CARTESIAN_POINT ( 'NONE',  ( 5.125000000000000900, 0.6000000000000009800, 4.625685232622713800 ) ) ;
#4189 = CARTESIAN_POINT ( 'NONE',  ( -3.070109519537261600, 0.6000000000000010900, -0.2323162305268642900 ) ) ;
#4190 = ORIENTED_EDGE ( 'NONE', *, *, #2240, .T. ) ;
#4191 = VECTOR ( 'NONE', #4352, 1000.000000000000000 ) ;
#4192 = EDGE_LOOP ( 'NONE', ( #1452, #1171, #2693, #66, #4246, #2515 ) ) ;
#4193 = CARTESIAN_POINT ( 'NONE',  ( -5.125000000000000900, 0.6000000000000012000, -2.871920673311951800 ) ) ;
#4194 = DIRECTION ( 'NONE',  ( 0.05233595624294395300, -0.9986295347545739400, -0.0000000000000000000 ) ) ;
#4195 = LINE ( 'NONE', #994, #3645 ) ;
#4196 = CARTESIAN_POINT ( 'NONE',  ( -5.125000000000004400, 0.6000000000000009800, 2.865723922919968000 ) ) ;
#4197 = ORIENTED_EDGE ( 'NONE', *, *, #2357, .T. ) ;
#4198 = AXIS2_PLACEMENT_3D ( 'NONE', #360, #2040, #2387 ) ;
#4199 = CARTESIAN_POINT ( 'NONE',  ( 2.599999999999998300, 0.4000000000000006300, -0.5000000000000008900 ) ) ;
#4200 = CARTESIAN_POINT ( 'NONE',  ( 4.759752093316167000, 0.8898546379350719100, 1.498932191248438600 ) ) ;
#4201 = ADVANCED_FACE ( 'NONE', ( #3568 ), #4069, .F. ) ;
#4202 = SURFACE_STYLE_USAGE ( .BOTH. , #3124 ) ;
#4203 = CARTESIAN_POINT ( 'NONE',  ( -5.500000000000000000, 0.3000000000000001000, -0.5000000000000008900 ) ) ;
#4204 =( NAMED_UNIT ( * ) PLANE_ANGLE_UNIT ( ) SI_UNIT ( $, .RADIAN. ) );
#4205 = CARTESIAN_POINT ( 'NONE',  ( 4.734465737885603400, 10.40000000000000200, 0.9127665452998572300 ) ) ;
#4206 = CARTESIAN_POINT ( 'NONE',  ( 4.449999999999995700, 0.3000000000000011500, -1.000000000000000400 ) ) ;
#4207 = CARTESIAN_POINT ( 'NONE',  ( -1.734723475976807100E-015, 2.449519052838327900, -4.336808689942017700E-016 ) ) ;
#4208 = CARTESIAN_POINT ( 'NONE',  ( -5.136898055179240300, 0.8500000000000012000, -1.500000000000000000 ) ) ;
#4209 = FACE_OUTER_BOUND ( 'NONE', #2202, .T. ) ;
#4210 = EDGE_CURVE ( 'NONE', #3430, #472, #3201, .T. ) ;
#4211 = DIRECTION ( 'NONE',  ( 1.000000000000000000, 0.0000000000000000000, 0.0000000000000000000 ) ) ;
#4212 = VERTEX_POINT ( 'NONE', #3378 ) ;
#4213 = CARTESIAN_POINT ( 'NONE',  ( 3.878977987337434400, 10.40000000000000200, -2.827858659031861500 ) ) ;
#4214 = CARTESIAN_POINT ( 'NONE',  ( 1.766485705535823800, 1.650000000000222200, 4.710297518627012200 ) ) ;
#4215 = EDGE_CURVE ( 'NONE', #2591, #2566, #197, .T. ) ;
#4216 = DIRECTION ( 'NONE',  ( 0.05226442768871388000, 0.9972646886342372300, -0.05226442768871472600 ) ) ;
#4217 = CARTESIAN_POINT ( 'NONE',  ( -5.103172775044567900, 0.1835117371115445600, 2.843896697964533300 ) ) ;
#4218 = CIRCLE ( 'NONE', #652, 0.1000000000000002600 ) ;
#4219 = VERTEX_POINT ( 'NONE', #4105 ) ;
#4220 = ORIENTED_EDGE ( 'NONE', *, *, #4186, .F. ) ;
#4221 = DIRECTION ( 'NONE',  ( 0.0000000000000000000, 0.0000000000000000000, 1.000000000000000000 ) ) ;
#4222 = CIRCLE ( 'NONE', #2917, 4.899999999999999500 ) ;
#4223 = VERTEX_POINT ( 'NONE', #1016 ) ;
#4224 = DIRECTION ( 'NONE',  ( 0.0000000000000000000, 0.0000000000000000000, 1.000000000000000000 ) ) ;
#4225 = VECTOR ( 'NONE', #1688, 1000.000000000000000 ) ;
#4226 = CARTESIAN_POINT ( 'NONE',  ( -3.100000000000001900, 0.6000000000000010900, 4.336808689942017700E-016 ) ) ;
#4227 = LINE ( 'NONE', #1151, #2935 ) ;
#4228 = DIRECTION ( 'NONE',  ( -5.334096698495038600E-016, 0.0000000000000000000, 1.000000000000000000 ) ) ;
#4229 = ORIENTED_EDGE ( 'NONE', *, *, #2594, .F. ) ;
#4230 = CARTESIAN_POINT ( 'NONE',  ( 1.405103543328512000, 0.6000000000000010900, 5.124999999999999100 ) ) ;
#4231 = DIRECTION ( 'NONE',  ( 0.0000000000000000000, -1.000000000000000000, 0.0000000000000000000 ) ) ;
#4232 = CARTESIAN_POINT ( 'NONE',  ( -1.734723475976807100E-015, 2.449519052838327900, -4.336808689942017700E-016 ) ) ;
#4233 = CIRCLE ( 'NONE', #1605, 0.1000000000000002600 ) ;
#4234 = ORIENTED_EDGE ( 'NONE', *, *, #1139, .T. ) ;
#4235 = CARTESIAN_POINT ( 'NONE',  ( 3.773792524531850200, 10.40000006112022700, 2.975502150243150500 ) ) ;
#4236 = EDGE_CURVE ( 'NONE', #424, #1204, #1205, .T. ) ;
#4237 = CARTESIAN_POINT ( 'NONE',  ( -1.734723475976807100E-015, 1.000000000013279800, -4.336808689942017700E-016 ) ) ;
#4238 = PLANE ( 'NONE',  #3559 ) ;
#4239 = VERTEX_POINT ( 'NONE', #91 ) ;
#4240 = CARTESIAN_POINT ( 'NONE',  ( -5.093555332430177000, 1.192622389734054900E-015, -2.840476005742127000 ) ) ;
#4241 = EDGE_CURVE ( 'NONE', #4343, #2848, #2667, .T. ) ;
#4242 = VERTEX_POINT ( 'NONE', #2753 ) ;
#4243 = CARTESIAN_POINT ( 'NONE',  ( -2.891316794818844300, 1.000000000000001300, 5.129036888286770500 ) ) ;
#4244 = DIRECTION ( 'NONE',  ( -1.000000000000000000, 5.851354924760421300E-018, 1.116505031277649700E-016 ) ) ;
#4245 = CYLINDRICAL_SURFACE ( 'NONE', #2061, 0.1000000000000000500 ) ;
#4246 = ORIENTED_EDGE ( 'NONE', *, *, #2276, .T. ) ;
#4247 = AXIS2_PLACEMENT_3D ( 'NONE', #1837, #1130, #4211 ) ;
#4248 = VECTOR ( 'NONE', #4143, 1000.000000000000000 ) ;
#4249 = DIRECTION ( 'NONE',  ( 0.0000000000000000000, -0.0000000000000000000, -1.000000000000000000 ) ) ;
#4250 = VERTEX_POINT ( 'NONE', #1442 ) ;
#4251 = CARTESIAN_POINT ( 'NONE',  ( 3.099999999999998800, 0.6000000000000010900, -4.336808689942017700E-016 ) ) ;
#4252 = ORIENTED_EDGE ( 'NONE', *, *, #2737, .F. ) ;
#4253 = PLANE ( 'NONE',  #3065 ) ;
#4254 = DIRECTION ( 'NONE',  ( 0.0000000000000000000, -1.000000000000000000, -0.0000000000000000000 ) ) ;
#4255 = VECTOR ( 'NONE', #3525, 1000.000000000000000 ) ;
#4256 = DIRECTION ( 'NONE',  ( 1.000000000000000000, 0.0000000000000000000, 0.0000000000000000000 ) ) ;
#4257 = AXIS2_PLACEMENT_3D ( 'NONE', #618, #1962, #959 ) ;
#4258 =( BOUNDED_CURVE ( )  B_SPLINE_CURVE ( 3, ( #1384, #1724, #3728, #3073 ),
 .UNSPECIFIED., .F., .T. ) 
 B_SPLINE_CURVE_WITH_KNOTS ( ( 4, 4 ),
 ( 3.141592653589803300, 4.660029102824869300 ),
 .UNSPECIFIED. ) 
 CURVE ( )  GEOMETRIC_REPRESENTATION_ITEM ( )  RATIONAL_B_SPLINE_CURVE ( ( 1.000000000000000000, 0.8169162473415252400, 0.8169162473415252400, 1.000000000000000000 ) ) 
 REPRESENTATION_ITEM ( '' )  );
#4259 = DIRECTION ( 'NONE',  ( -1.000000000000000000, 0.0000000000000000000, 0.0000000000000000000 ) ) ;
#4260 = ORIENTED_EDGE ( 'NONE', *, *, #2692, .F. ) ;
#4261 = CARTESIAN_POINT ( 'NONE',  ( 1.929890480462739000, 0.3000000000000004900, -0.2323162305268651800 ) ) ;
#4262 = DIRECTION ( 'NONE',  ( 1.000000000000000000, 0.0000000000000000000, 0.0000000000000000000 ) ) ;
#4263 = DIRECTION ( 'NONE',  ( 0.0000000000000000000, 1.000000000000000000, 0.0000000000000000000 ) ) ;
#4264 = CARTESIAN_POINT ( 'NONE',  ( -1.504966496803971100, 0.6947664043757071400, -5.129966496803970900 ) ) ;
#4265 = EDGE_CURVE ( 'NONE', #3408, #4294, #623, .T. ) ;
#4266 = CARTESIAN_POINT ( 'NONE',  ( 2.700000000000001100, 0.3000000000000005400, -0.5000000000000008900 ) ) ;
#4267 = EDGE_LOOP ( 'NONE', ( #3165, #670, #818, #2990, #2273 ) ) ;
#4268 = ORIENTED_EDGE ( 'NONE', *, *, #1718, .F. ) ;
#4269 = DIRECTION ( 'NONE',  ( 0.05226442768872756300, -0.9972646886342363400, -0.05226442768871843900 ) ) ;
#4270 = FACE_OUTER_BOUND ( 'NONE', #510, .T. ) ;
#4271 = ORIENTED_EDGE ( 'NONE', *, *, #374, .T. ) ;
#4272 = ORIENTED_EDGE ( 'NONE', *, *, #3166, .T. ) ;
#4273 = DIRECTION ( 'NONE',  ( 0.0000000000000000000, 1.000000000000000000, 0.0000000000000000000 ) ) ;
#4274 = AXIS2_PLACEMENT_3D ( 'NONE', #2327, #941, #2628 ) ;
#4275 = DIRECTION ( 'NONE',  ( 0.0000000000000000000, -0.0000000000000000000, -1.000000000000000000 ) ) ;
#4276 = VECTOR ( 'NONE', #945, 1000.000000000000000 ) ;
#4277 = FACE_OUTER_BOUND ( 'NONE', #384, .T. ) ;
#4278 = ORIENTED_EDGE ( 'NONE', *, *, #2226, .F. ) ;
#4279 = CARTESIAN_POINT ( 'NONE',  ( 1.899999999999999000, 0.3000000000000012100, -4.336808689942017700E-016 ) ) ;
#4280 = LINE ( 'NONE', #2689, #1942 ) ;
#4281 = DIRECTION ( 'NONE',  ( 1.000000000000000000, 0.0000000000000000000, 0.0000000000000000000 ) ) ;
#4282 = VECTOR ( 'NONE', #2540, 1000.000000000000000 ) ;
#4283 = AXIS2_PLACEMENT_3D ( 'NONE', #3045, #12, #3743 ) ;
#4284 = DIRECTION ( 'NONE',  ( 0.0000000000000000000, 0.0000000000000000000, 1.000000000000000000 ) ) ;
#4285 = ORIENTED_EDGE ( 'NONE', *, *, #2289, .T. ) ;
#4286 = DIRECTION ( 'NONE',  ( -1.119571596451688800E-016, 0.0000000000000000000, 1.000000000000000000 ) ) ;
#4287 = EDGE_LOOP ( 'NONE', ( #4123, #1843, #2663, #2894 ) ) ;
#4288 = CARTESIAN_POINT ( 'NONE',  ( 5.134871532949928200, 0.8886683476582228900, -1.515128467051785900 ) ) ;
#4289 = CARTESIAN_POINT ( 'NONE',  ( 4.734939927276319500, 10.39999990776914300, -0.7892821422865582400 ) ) ;
#4290 = AXIS2_PLACEMENT_3D ( 'NONE', #3748, #2077, #1740 ) ;
#4291 = EDGE_CURVE ( 'NONE', #2073, #1463, #2254, .T. ) ;
#4292 = DIRECTION ( 'NONE',  ( -1.000000000000000000, -0.0000000000000000000, 1.119571596451685300E-016 ) ) ;
#4293 = CARTESIAN_POINT ( 'NONE',  ( 1.504725075561849500, 0.6901598126554940900, 4.746942627249783400 ) ) ;
#4294 = VERTEX_POINT ( 'NONE', #4134 ) ;
#4295 = ORIENTED_EDGE ( 'NONE', *, *, #3935, .F. ) ;
#4296 = EDGE_CURVE ( 'NONE', #3430, #3152, #1534, .T. ) ;
#4297 = CARTESIAN_POINT ( 'NONE',  ( -1.805652481727683300, 1.000000000006640500, 4.658247151971727900 ) ) ;
#4298 = FILL_AREA_STYLE ('',( #3608 ) ) ;
#4299 = FACE_OUTER_BOUND ( 'NONE', #2776, .T. ) ;
#4300 = CARTESIAN_POINT ( 'NONE',  ( 2.732316230526863300, 0.3000000000000012100, -0.5701095195372609700 ) ) ;
#4301 = EDGE_LOOP ( 'NONE', ( #1854, #1224, #3980, #289, #1198, #3474 ) ) ;
#4302 = CARTESIAN_POINT ( 'NONE',  ( -1.734723475976807100E-015, 2.146410161495260600, -4.336808689942017700E-016 ) ) ;
#4303 = EDGE_CURVE ( 'NONE', #3250, #1774, #2, .T. ) ;
#4304 = CIRCLE ( 'NONE', #64, 4.799999999999999800 ) ;
#4305 = ORIENTED_EDGE ( 'NONE', *, *, #2104, .T. ) ;
#4306 = DIRECTION ( 'NONE',  ( 0.0000000000000000000, 1.000000000000000000, 0.0000000000000000000 ) ) ;
#4307 = DIRECTION ( 'NONE',  ( 0.0000000000000000000, 1.000000000000000000, 0.0000000000000000000 ) ) ;
#4308 = ORIENTED_EDGE ( 'NONE', *, *, #438, .T. ) ;
#4309 = AXIS2_PLACEMENT_3D ( 'NONE', #764, #422, #1422 ) ;
#4310 = CARTESIAN_POINT ( 'NONE',  ( 3.131078950265162100, 10.39999999970537900, 3.638193991221507300 ) ) ;
#4311 = CARTESIAN_POINT ( 'NONE',  ( -2.600000000000001400, 0.3292893218813458500, 0.5000000000000000000 ) ) ;
#4312 = CARTESIAN_POINT ( 'NONE',  ( -4.349999999999999600, 1.192622389734054900E-015, 0.7053101431738939600 ) ) ;
#4313 = CARTESIAN_POINT ( 'NONE',  ( 2.659102538727267500, 0.3000000000000006000, -0.5000000000000008900 ) ) ;
#4314 = AXIS2_PLACEMENT_3D ( 'NONE', #385, #3690, #3008 ) ;
#4315 = FACE_OUTER_BOUND ( 'NONE', #315, .T. ) ;
#4316 = CARTESIAN_POINT ( 'NONE',  ( 4.690034684714593300, 10.39999997692182300, -1.022025623568475700 ) ) ;
#4317 = CARTESIAN_POINT ( 'NONE',  ( -4.757221984725291900, 0.8499999999970452300, 1.499999999998293100 ) ) ;
#4318 = CARTESIAN_POINT ( 'NONE',  ( -2.267683769473137500, 0.6000000000000010900, 0.5701095195372609700 ) ) ;
#4319 = EDGE_LOOP ( 'NONE', ( #2973, #2193, #522, #3735 ) ) ;
#4320 = EDGE_CURVE ( 'NONE', #433, #3098, #3815, .T. ) ;
#4321 = CARTESIAN_POINT ( 'NONE',  ( 1.405103543328512000, 0.7000000000000011800, -1.301042606982605300E-015 ) ) ;
#4322 = CIRCLE ( 'NONE', #2178, 0.3999999999999997400 ) ;
#4323 = PLANE ( 'NONE',  #3105 ) ;
#4324 = ORIENTED_EDGE ( 'NONE', *, *, #4236, .F. ) ;
#4325 = VERTEX_POINT ( 'NONE', #442 ) ;
#4326 = EDGE_CURVE ( 'NONE', #2509, #4325, #1585, .T. ) ;
#4327 = VECTOR ( 'NONE', #3895, 1000.000000000000000 ) ;
#4328 = DIRECTION ( 'NONE',  ( 1.000000000000000000, 0.0000000000000000000, 0.0000000000000000000 ) ) ;
#4329 = ORIENTED_EDGE ( 'NONE', *, *, #2636, .F. ) ;
#4330 = ORIENTED_EDGE ( 'NONE', *, *, #3710, .T. ) ;
#4331 = FACE_OUTER_BOUND ( 'NONE', #4359, .T. ) ;
#4332 = VECTOR ( 'NONE', #1714, 1000.000000000000000 ) ;
#4333 = ORIENTED_EDGE ( 'NONE', *, *, #1687, .T. ) ;
#4334 = AXIS2_PLACEMENT_3D ( 'NONE', #2117, #1795, #1749 ) ;
#4335 = DIRECTION ( 'NONE',  ( -0.0000000000000000000, -1.000000000000000000, -0.0000000000000000000 ) ) ;
#4336 = CARTESIAN_POINT ( 'NONE',  ( 1.540128677830082000, 1.365700786773645500, -4.772789468534487200 ) ) ;
#4337 = SURFACE_STYLE_FILL_AREA ( #1108 ) ;
#4338 = ORIENTED_EDGE ( 'NONE', *, *, #3461, .T. ) ;
#4339 = DIRECTION ( 'NONE',  ( 0.05233595624201781100, -0.9986295347546223500, -0.0000000000000000000 ) ) ;
#4340 = DIRECTION ( 'NONE',  ( -0.05226442768872646000, 0.9972646886342364500, -0.05226442768871732800 ) ) ;
#4341 = AXIS2_PLACEMENT_3D ( 'NONE', #2691, #3636, #2888 ) ;
#4342 = VECTOR ( 'NONE', #2071, 1000.000000000000000 ) ;
#4343 = VERTEX_POINT ( 'NONE', #726 ) ;
#4344 =( BOUNDED_CURVE ( )  B_SPLINE_CURVE ( 3, ( #4106, #1047, #2379, #2060 ),
 .UNSPECIFIED., .F., .T. ) 
 B_SPLINE_CURVE_WITH_KNOTS ( ( 4, 4 ),
 ( 4.764748857944521600, 6.283185307179586200 ),
 .UNSPECIFIED. ) 
 CURVE ( )  GEOMETRIC_REPRESENTATION_ITEM ( )  RATIONAL_B_SPLINE_CURVE ( ( 1.000000000000000000, 0.8169162473415255700, 0.8169162473415255700, 1.000000000000000000 ) ) 
 REPRESENTATION_ITEM ( '' )  );
#4345 = EDGE_CURVE ( 'NONE', #2810, #2789, #2525, .T. ) ;
#4346 = DIRECTION ( 'NONE',  ( 1.000000000000000000, 0.0000000000000000000, 0.0000000000000000000 ) ) ;
#4347 = CARTESIAN_POINT ( 'NONE',  ( -2.629289321881347800, 0.3292893218813458500, 0.5000000000000000000 ) ) ;
#4348 = LINE ( 'NONE', #3185, #1119 ) ;
#4349 = ORIENTED_EDGE ( 'NONE', *, *, #3538, .F. ) ;
#4350 = CARTESIAN_POINT ( 'NONE',  ( -5.109277666215090700, 0.3000000000000012100, -1.000000000000000400 ) ) ;
#4351 = ADVANCED_FACE ( 'NONE', ( #2618 ), #1095, .F. ) ;
#4352 = DIRECTION ( 'NONE',  ( 1.000000000000000000, -0.0000000000000000000, -0.0000000000000000000 ) ) ;
#4353 = EDGE_CURVE ( 'NONE', #1290, #1420, #2469, .T. ) ;
#4354 = CARTESIAN_POINT ( 'NONE',  ( 4.681519278270651600, 1.650000000010324100, -1.839717538262110000 ) ) ;
#4355 = CARTESIAN_POINT ( 'NONE',  ( -4.975000000000002300, 0.6000000000000010900, 4.336808689942017700E-016 ) ) ;
#4356 = EDGE_LOOP ( 'NONE', ( #2941, #1237, #1143, #2944 ) ) ;
#4357 = CARTESIAN_POINT ( 'NONE',  ( 2.599999999999998300, 0.6000000000000010900, -0.5000000000000008900 ) ) ;
#4358 = VECTOR ( 'NONE', #926, 999.9999999999998900 ) ;
#4359 = EDGE_LOOP ( 'NONE', ( #2846, #1021, #16, #2146 ) ) ;
#4360 = EDGE_CURVE ( 'NONE', #27, #586, #676, .T. ) ;
#4361 = CARTESIAN_POINT ( 'NONE',  ( 1.540128677835282700, 1.365700786872884500, 5.109871322164699400 ) ) ;
#4362 = CARTESIAN_POINT ( 'NONE',  ( -4.675759248530198400, 1.000000000006640500, 1.759807621135440800 ) ) ;
#4363 = CARTESIAN_POINT ( 'NONE',  ( -2.629289321881347800, 0.3292893218813458500, -0.5000000000000008900 ) ) ;
#4364 = CARTESIAN_POINT ( 'NONE',  ( -1.734723475976807100E-015, 0.9999999998427494500, -4.336808689942017700E-016 ) ) ;
#4365 = CARTESIAN_POINT ( 'NONE',  ( 4.762502780266133100, 0.8776059518634986600, -1.488023476868642700 ) ) ;
#4366 = AXIS2_PLACEMENT_3D ( 'NONE', #3617, #4335, #3603 ) ;
#4367 = ORIENTED_EDGE ( 'NONE', *, *, #110, .T. ) ;
#4368 = ORIENTED_EDGE ( 'NONE', *, *, #1443, .F. ) ;
#4369 = ADVANCED_FACE ( 'NONE', ( #1424 ), #2468, .F. ) ;
#4370 = DIRECTION ( 'NONE',  ( 1.060575238766713600E-016, 0.4999999999408718500, 0.8660254038185764000 ) ) ;
#4371 = CARTESIAN_POINT ( 'NONE',  ( 1.405103543328512000, 0.6000000000000010900, -4.336808689942017700E-016 ) ) ;
#4372 = ORIENTED_EDGE ( 'NONE', *, *, #1528, .F. ) ;
#4373 = VERTEX_POINT ( 'NONE', #788 ) ;
#4374 = CARTESIAN_POINT ( 'NONE',  ( -2.600000000000001400, 0.4000000000000006300, 0.5000000000000000000 ) ) ;
#4375 = FACE_BOUND ( 'NONE', #610, .T. ) ;
#4376 = EDGE_CURVE ( 'NONE', #476, #73, #513, .T. ) ;
#4377 = CARTESIAN_POINT ( 'NONE',  ( 1.839717538261891100, 1.650000000010324100, -4.681519278270736900 ) ) ;
#4378 = ORIENTED_EDGE ( 'NONE', *, *, #1687, .F. ) ;
#4379 = ORIENTED_EDGE ( 'NONE', *, *, #3397, .T. ) ;
#4380 = PLANE ( 'NONE',  #706 ) ;
ENDSEC;
END-ISO-10303-21;
